r,t,y,CapitalInvestment
"Region1","BIO_RESPRD",2018,0.0298866133366079
"Region1","BIO_RESPRD",2019,0.0298866133366079
"Region1","BIO_RESPRD",2020,0.029946460942651
"Region1","BIO_RESPRD",2021,0.0300726345010431
"Region1","BIO_RESPRD",2022,0.030190512359806
"Region1","BIO_RESPRD",2023,0.0303387366787632
"Region1","BIO_RESPRD",2024,0.0305188730158076
"Region1","BIO_RESPRD",2025,0.0307325725256331
"Region1","BIO_RESPRD",2026,0.0309815767865859
"Region1","BIO_RESPRD",2027,0.0312677229867336
"Region1","BIO_RESPRD",2028,0.0315929492957035
"Region1","BIO_RESPRD",2029,0.0319593006820081
"Region1","BIO_RESPRD",2030,0.0323689349401823
"Region1","BIO_RESPRD",2031,0.0328157022497328
"Region1","BIO_RESPRD",2032,0.0333104326871656
"Region1","BIO_RESPRD",2033,0.0338556627782908
"Region1","BIO_RESPRD",2034,0.0344540699056432
"Region1","BIO_RESPRD",2035,0.0351084805464415
"Region1","BIO_RESPRD2",2018,0
"Region1","BIO_RESPRD2",2019,0
"Region1","BIO_RESPRD2",2020,0
"Region1","BIO_RESPRD2",2021,0
"Region1","BIO_RESPRD2",2022,0
"Region1","BIO_RESPRD2",2023,0
"Region1","BIO_RESPRD2",2024,0
"Region1","BIO_RESPRD2",2025,0
"Region1","BIO_RESPRD2",2026,0
"Region1","BIO_RESPRD2",2027,0
"Region1","BIO_RESPRD2",2028,0
"Region1","BIO_RESPRD2",2029,0
"Region1","BIO_RESPRD2",2030,0
"Region1","BIO_RESPRD2",2031,0
"Region1","BIO_RESPRD2",2032,0
"Region1","BIO_RESPRD2",2033,0
"Region1","BIO_RESPRD2",2034,0
"Region1","BIO_RESPRD2",2035,0
"Region1","BIODSL_PROD_001",2018,3885.41515036504
"Region1","BIODSL_PROD_001",2019,0
"Region1","BIODSL_PROD_001",2020,7.78050000561235
"Region1","BIODSL_PROD_001",2021,16.4032187197103
"Region1","BIODSL_PROD_001",2022,15.3247346285624
"Region1","BIODSL_PROD_001",2023,19.2699322617262
"Region1","BIODSL_PROD_001",2024,23.4186605622046
"Region1","BIODSL_PROD_001",2025,27.7820475592068
"Region1","BIODSL_PROD_001",2026,32.3718487978293
"Region1","BIODSL_PROD_001",2027,37.2004940389549
"Region1","BIODSL_PROD_001",2028,42.2811114105422
"Region1","BIODSL_PROD_001",2029,47.6275853230168
"Region1","BIODSL_PROD_001",2030,53.2545837459885
"Region1","BIODSL_PROD_001",2031,58.082073524503
"Region1","BIODSL_PROD_001",2032,64.3175295674573
"Region1","BIODSL_PROD_001",2033,70.8827471561638
"Region1","BIODSL_PROD_001",2034,77.7960383973431
"Region1","BIODSL_PROD_001",2035,85.0767863752369
"Region1","BIOETH_PROD_001",2018,0
"Region1","BIOETH_PROD_001",2019,0
"Region1","BIOETH_PROD_001",2020,0
"Region1","BIOETH_PROD_001",2021,0
"Region1","BIOETH_PROD_001",2022,0
"Region1","BIOETH_PROD_001",2023,0
"Region1","BIOETH_PROD_001",2024,0
"Region1","BIOETH_PROD_001",2025,0
"Region1","BIOETH_PROD_001",2026,0
"Region1","BIOETH_PROD_001",2027,0
"Region1","BIOETH_PROD_001",2028,0
"Region1","BIOETH_PROD_001",2029,0
"Region1","BIOETH_PROD_001",2030,0
"Region1","BIOETH_PROD_001",2031,0
"Region1","BIOETH_PROD_001",2032,0
"Region1","BIOETH_PROD_001",2033,0
"Region1","BIOETH_PROD_001",2034,0
"Region1","BIOETH_PROD_001",2035,0
"Region1","BS_COM_EL_001",2018,0
"Region1","BS_COM_EL_001",2019,0
"Region1","BS_COM_EL_001",2020,0
"Region1","BS_COM_EL_001",2021,0
"Region1","BS_COM_EL_001",2022,0
"Region1","BS_COM_EL_001",2023,0
"Region1","BS_COM_EL_001",2024,0
"Region1","BS_COM_EL_001",2025,0
"Region1","BS_COM_EL_001",2026,0
"Region1","BS_COM_EL_001",2027,0
"Region1","BS_COM_EL_001",2028,0
"Region1","BS_COM_EL_001",2029,0
"Region1","BS_COM_EL_001",2030,0
"Region1","BS_COM_EL_001",2031,0
"Region1","BS_COM_EL_001",2032,0
"Region1","BS_COM_EL_001",2033,0
"Region1","BS_COM_EL_001",2034,0
"Region1","BS_COM_EL_001",2035,0
"Region1","BS_COM_HEAT_001",2018,0
"Region1","BS_COM_HEAT_001",2019,0
"Region1","BS_COM_HEAT_001",2020,0
"Region1","BS_COM_HEAT_001",2021,0
"Region1","BS_COM_HEAT_001",2022,0
"Region1","BS_COM_HEAT_001",2023,0
"Region1","BS_COM_HEAT_001",2024,0
"Region1","BS_COM_HEAT_001",2025,0
"Region1","BS_COM_HEAT_001",2026,0
"Region1","BS_COM_HEAT_001",2027,0
"Region1","BS_COM_HEAT_001",2028,0
"Region1","BS_COM_HEAT_001",2029,0
"Region1","BS_COM_HEAT_001",2030,0
"Region1","BS_COM_HEAT_001",2031,0
"Region1","BS_COM_HEAT_001",2032,0
"Region1","BS_COM_HEAT_001",2033,0
"Region1","BS_COM_HEAT_001",2034,0
"Region1","BS_COM_HEAT_001",2035,0
"Region1","BS_IND_CHEM",2018,0
"Region1","BS_IND_CHEM",2019,0
"Region1","BS_IND_CHEM",2020,0
"Region1","BS_IND_CHEM",2021,0
"Region1","BS_IND_CHEM",2022,0
"Region1","BS_IND_CHEM",2023,0
"Region1","BS_IND_CHEM",2024,0
"Region1","BS_IND_CHEM",2025,0
"Region1","BS_IND_CHEM",2026,0
"Region1","BS_IND_CHEM",2027,0
"Region1","BS_IND_CHEM",2028,0
"Region1","BS_IND_CHEM",2029,0
"Region1","BS_IND_CHEM",2030,0
"Region1","BS_IND_CHEM",2031,0
"Region1","BS_IND_CHEM",2032,0
"Region1","BS_IND_CHEM",2033,0
"Region1","BS_IND_CHEM",2034,0
"Region1","BS_IND_CHEM",2035,0
"Region1","BS_IND_CMNT",2018,0
"Region1","BS_IND_CMNT",2019,0
"Region1","BS_IND_CMNT",2020,0
"Region1","BS_IND_CMNT",2021,0
"Region1","BS_IND_CMNT",2022,0
"Region1","BS_IND_CMNT",2023,0
"Region1","BS_IND_CMNT",2024,0
"Region1","BS_IND_CMNT",2025,0
"Region1","BS_IND_CMNT",2026,0
"Region1","BS_IND_CMNT",2027,0
"Region1","BS_IND_CMNT",2028,0
"Region1","BS_IND_CMNT",2029,0
"Region1","BS_IND_CMNT",2030,0
"Region1","BS_IND_CMNT",2031,0
"Region1","BS_IND_CMNT",2032,0
"Region1","BS_IND_CMNT",2033,0
"Region1","BS_IND_CMNT",2034,0
"Region1","BS_IND_CMNT",2035,0
"Region1","BS_IND_FOOD",2018,0
"Region1","BS_IND_FOOD",2019,0
"Region1","BS_IND_FOOD",2020,0
"Region1","BS_IND_FOOD",2021,0
"Region1","BS_IND_FOOD",2022,0
"Region1","BS_IND_FOOD",2023,0
"Region1","BS_IND_FOOD",2024,0
"Region1","BS_IND_FOOD",2025,0
"Region1","BS_IND_FOOD",2026,0
"Region1","BS_IND_FOOD",2027,0
"Region1","BS_IND_FOOD",2028,0
"Region1","BS_IND_FOOD",2029,0
"Region1","BS_IND_FOOD",2030,0
"Region1","BS_IND_FOOD",2031,0
"Region1","BS_IND_FOOD",2032,0
"Region1","BS_IND_FOOD",2033,0
"Region1","BS_IND_FOOD",2034,0
"Region1","BS_IND_FOOD",2035,0
"Region1","BS_IND_OTH",2018,0
"Region1","BS_IND_OTH",2019,0
"Region1","BS_IND_OTH",2020,0
"Region1","BS_IND_OTH",2021,0
"Region1","BS_IND_OTH",2022,0
"Region1","BS_IND_OTH",2023,0
"Region1","BS_IND_OTH",2024,0
"Region1","BS_IND_OTH",2025,0
"Region1","BS_IND_OTH",2026,0
"Region1","BS_IND_OTH",2027,0
"Region1","BS_IND_OTH",2028,0
"Region1","BS_IND_OTH",2029,0
"Region1","BS_IND_OTH",2030,0
"Region1","BS_IND_OTH",2031,0
"Region1","BS_IND_OTH",2032,0
"Region1","BS_IND_OTH",2033,0
"Region1","BS_IND_OTH",2034,0
"Region1","BS_IND_OTH",2035,0
"Region1","BS_IND_TEXT",2018,0
"Region1","BS_IND_TEXT",2019,0
"Region1","BS_IND_TEXT",2020,0
"Region1","BS_IND_TEXT",2021,0
"Region1","BS_IND_TEXT",2022,0
"Region1","BS_IND_TEXT",2023,0
"Region1","BS_IND_TEXT",2024,0
"Region1","BS_IND_TEXT",2025,0
"Region1","BS_IND_TEXT",2026,0
"Region1","BS_IND_TEXT",2027,0
"Region1","BS_IND_TEXT",2028,0
"Region1","BS_IND_TEXT",2029,0
"Region1","BS_IND_TEXT",2030,0
"Region1","BS_IND_TEXT",2031,0
"Region1","BS_IND_TEXT",2032,0
"Region1","BS_IND_TEXT",2033,0
"Region1","BS_IND_TEXT",2034,0
"Region1","BS_IND_TEXT",2035,0
"Region1","BS_OTH_001",2018,0
"Region1","BS_OTH_001",2019,0
"Region1","BS_OTH_001",2020,0
"Region1","BS_OTH_001",2021,0
"Region1","BS_OTH_001",2022,0
"Region1","BS_OTH_001",2023,0
"Region1","BS_OTH_001",2024,0
"Region1","BS_OTH_001",2025,0
"Region1","BS_OTH_001",2026,0
"Region1","BS_OTH_001",2027,0
"Region1","BS_OTH_001",2028,0
"Region1","BS_OTH_001",2029,0
"Region1","BS_OTH_001",2030,0
"Region1","BS_OTH_001",2031,0
"Region1","BS_OTH_001",2032,0
"Region1","BS_OTH_001",2033,0
"Region1","BS_OTH_001",2034,0
"Region1","BS_OTH_001",2035,0
"Region1","BS_RES_CWH_001",2018,0
"Region1","BS_RES_CWH_001",2019,0
"Region1","BS_RES_CWH_001",2020,0
"Region1","BS_RES_CWH_001",2021,0
"Region1","BS_RES_CWH_001",2022,0
"Region1","BS_RES_CWH_001",2023,0
"Region1","BS_RES_CWH_001",2024,0
"Region1","BS_RES_CWH_001",2025,0
"Region1","BS_RES_CWH_001",2026,0
"Region1","BS_RES_CWH_001",2027,0
"Region1","BS_RES_CWH_001",2028,0
"Region1","BS_RES_CWH_001",2029,0
"Region1","BS_RES_CWH_001",2030,0
"Region1","BS_RES_CWH_001",2031,0
"Region1","BS_RES_CWH_001",2032,0
"Region1","BS_RES_CWH_001",2033,0
"Region1","BS_RES_CWH_001",2034,0
"Region1","BS_RES_CWH_001",2035,0
"Region1","BS_RES_EL_001",2018,0
"Region1","BS_RES_EL_001",2019,0
"Region1","BS_RES_EL_001",2020,0
"Region1","BS_RES_EL_001",2021,0
"Region1","BS_RES_EL_001",2022,0
"Region1","BS_RES_EL_001",2023,0
"Region1","BS_RES_EL_001",2024,0
"Region1","BS_RES_EL_001",2025,0
"Region1","BS_RES_EL_001",2026,0
"Region1","BS_RES_EL_001",2027,0
"Region1","BS_RES_EL_001",2028,0
"Region1","BS_RES_EL_001",2029,0
"Region1","BS_RES_EL_001",2030,0
"Region1","BS_RES_EL_001",2031,0
"Region1","BS_RES_EL_001",2032,0
"Region1","BS_RES_EL_001",2033,0
"Region1","BS_RES_EL_001",2034,0
"Region1","BS_RES_EL_001",2035,0
"Region1","BS_RES_EL_002",2018,0
"Region1","BS_RES_EL_002",2019,0
"Region1","BS_RES_EL_002",2020,0
"Region1","BS_RES_EL_002",2021,0
"Region1","BS_RES_EL_002",2022,0
"Region1","BS_RES_EL_002",2023,0
"Region1","BS_RES_EL_002",2024,0
"Region1","BS_RES_EL_002",2025,0
"Region1","BS_RES_EL_002",2026,0
"Region1","BS_RES_EL_002",2027,0
"Region1","BS_RES_EL_002",2028,0
"Region1","BS_RES_EL_002",2029,0
"Region1","BS_RES_EL_002",2030,0
"Region1","BS_RES_EL_002",2031,0
"Region1","BS_RES_EL_002",2032,0
"Region1","BS_RES_EL_002",2033,0
"Region1","BS_RES_EL_002",2034,0
"Region1","BS_RES_EL_002",2035,0
"Region1","BS_TRA_AIR_FREIGHT",2018,0
"Region1","BS_TRA_AIR_FREIGHT",2019,0
"Region1","BS_TRA_AIR_FREIGHT",2020,0
"Region1","BS_TRA_AIR_FREIGHT",2021,0
"Region1","BS_TRA_AIR_FREIGHT",2022,0
"Region1","BS_TRA_AIR_FREIGHT",2023,0
"Region1","BS_TRA_AIR_FREIGHT",2024,0
"Region1","BS_TRA_AIR_FREIGHT",2025,0
"Region1","BS_TRA_AIR_FREIGHT",2026,0
"Region1","BS_TRA_AIR_FREIGHT",2027,0
"Region1","BS_TRA_AIR_FREIGHT",2028,0
"Region1","BS_TRA_AIR_FREIGHT",2029,0
"Region1","BS_TRA_AIR_FREIGHT",2030,0
"Region1","BS_TRA_AIR_FREIGHT",2031,0
"Region1","BS_TRA_AIR_FREIGHT",2032,0
"Region1","BS_TRA_AIR_FREIGHT",2033,0
"Region1","BS_TRA_AIR_FREIGHT",2034,0
"Region1","BS_TRA_AIR_FREIGHT",2035,0
"Region1","BS_TRA_AIR_PSNG",2018,0
"Region1","BS_TRA_AIR_PSNG",2019,0
"Region1","BS_TRA_AIR_PSNG",2020,0
"Region1","BS_TRA_AIR_PSNG",2021,0
"Region1","BS_TRA_AIR_PSNG",2022,0
"Region1","BS_TRA_AIR_PSNG",2023,0
"Region1","BS_TRA_AIR_PSNG",2024,0
"Region1","BS_TRA_AIR_PSNG",2025,0
"Region1","BS_TRA_AIR_PSNG",2026,0
"Region1","BS_TRA_AIR_PSNG",2027,0
"Region1","BS_TRA_AIR_PSNG",2028,0
"Region1","BS_TRA_AIR_PSNG",2029,0
"Region1","BS_TRA_AIR_PSNG",2030,0
"Region1","BS_TRA_AIR_PSNG",2031,0
"Region1","BS_TRA_AIR_PSNG",2032,0
"Region1","BS_TRA_AIR_PSNG",2033,0
"Region1","BS_TRA_AIR_PSNG",2034,0
"Region1","BS_TRA_AIR_PSNG",2035,0
"Region1","BS_TRA_LAND_FREIGHT",2018,0
"Region1","BS_TRA_LAND_FREIGHT",2019,0
"Region1","BS_TRA_LAND_FREIGHT",2020,0
"Region1","BS_TRA_LAND_FREIGHT",2021,0
"Region1","BS_TRA_LAND_FREIGHT",2022,0
"Region1","BS_TRA_LAND_FREIGHT",2023,0
"Region1","BS_TRA_LAND_FREIGHT",2024,0
"Region1","BS_TRA_LAND_FREIGHT",2025,0
"Region1","BS_TRA_LAND_FREIGHT",2026,0
"Region1","BS_TRA_LAND_FREIGHT",2027,0
"Region1","BS_TRA_LAND_FREIGHT",2028,0
"Region1","BS_TRA_LAND_FREIGHT",2029,0
"Region1","BS_TRA_LAND_FREIGHT",2030,0
"Region1","BS_TRA_LAND_FREIGHT",2031,0
"Region1","BS_TRA_LAND_FREIGHT",2032,0
"Region1","BS_TRA_LAND_FREIGHT",2033,0
"Region1","BS_TRA_LAND_FREIGHT",2034,0
"Region1","BS_TRA_LAND_FREIGHT",2035,0
"Region1","BS_TRA_LAND_PSNG",2018,0
"Region1","BS_TRA_LAND_PSNG",2019,0
"Region1","BS_TRA_LAND_PSNG",2020,0
"Region1","BS_TRA_LAND_PSNG",2021,0
"Region1","BS_TRA_LAND_PSNG",2022,0
"Region1","BS_TRA_LAND_PSNG",2023,0
"Region1","BS_TRA_LAND_PSNG",2024,0
"Region1","BS_TRA_LAND_PSNG",2025,0
"Region1","BS_TRA_LAND_PSNG",2026,0
"Region1","BS_TRA_LAND_PSNG",2027,0
"Region1","BS_TRA_LAND_PSNG",2028,0
"Region1","BS_TRA_LAND_PSNG",2029,0
"Region1","BS_TRA_LAND_PSNG",2030,0
"Region1","BS_TRA_LAND_PSNG",2031,0
"Region1","BS_TRA_LAND_PSNG",2032,0
"Region1","BS_TRA_LAND_PSNG",2033,0
"Region1","BS_TRA_LAND_PSNG",2034,0
"Region1","BS_TRA_LAND_PSNG",2035,0
"Region1","BS_TRA_SHIP_FREIGHT",2018,0
"Region1","BS_TRA_SHIP_FREIGHT",2019,0
"Region1","BS_TRA_SHIP_FREIGHT",2020,0
"Region1","BS_TRA_SHIP_FREIGHT",2021,0
"Region1","BS_TRA_SHIP_FREIGHT",2022,0
"Region1","BS_TRA_SHIP_FREIGHT",2023,0
"Region1","BS_TRA_SHIP_FREIGHT",2024,0
"Region1","BS_TRA_SHIP_FREIGHT",2025,0
"Region1","BS_TRA_SHIP_FREIGHT",2026,0
"Region1","BS_TRA_SHIP_FREIGHT",2027,0
"Region1","BS_TRA_SHIP_FREIGHT",2028,0
"Region1","BS_TRA_SHIP_FREIGHT",2029,0
"Region1","BS_TRA_SHIP_FREIGHT",2030,0
"Region1","BS_TRA_SHIP_FREIGHT",2031,0
"Region1","BS_TRA_SHIP_FREIGHT",2032,0
"Region1","BS_TRA_SHIP_FREIGHT",2033,0
"Region1","BS_TRA_SHIP_FREIGHT",2034,0
"Region1","BS_TRA_SHIP_FREIGHT",2035,0
"Region1","BS_TRA_SHIP_PSNG",2018,0
"Region1","BS_TRA_SHIP_PSNG",2019,0
"Region1","BS_TRA_SHIP_PSNG",2020,0
"Region1","BS_TRA_SHIP_PSNG",2021,0
"Region1","BS_TRA_SHIP_PSNG",2022,0
"Region1","BS_TRA_SHIP_PSNG",2023,0
"Region1","BS_TRA_SHIP_PSNG",2024,0
"Region1","BS_TRA_SHIP_PSNG",2025,0
"Region1","BS_TRA_SHIP_PSNG",2026,0
"Region1","BS_TRA_SHIP_PSNG",2027,0
"Region1","BS_TRA_SHIP_PSNG",2028,0
"Region1","BS_TRA_SHIP_PSNG",2029,0
"Region1","BS_TRA_SHIP_PSNG",2030,0
"Region1","BS_TRA_SHIP_PSNG",2031,0
"Region1","BS_TRA_SHIP_PSNG",2032,0
"Region1","BS_TRA_SHIP_PSNG",2033,0
"Region1","BS_TRA_SHIP_PSNG",2034,0
"Region1","BS_TRA_SHIP_PSNG",2035,0
"Region1","COM_CWH_BIO_001",2018,0.0025355310180018
"Region1","COM_CWH_BIO_001",2019,0.00386776045534554
"Region1","COM_CWH_BIO_001",2020,0.00526299945964597
"Region1","COM_CWH_BIO_001",2021,0.00672642767136714
"Region1","COM_CWH_BIO_001",2022,0.00826365056185619
"Region1","COM_CWH_BIO_001",2023,0.00988073437953796
"Region1","COM_CWH_BIO_001",2024,0.011584244029803
"Region1","COM_CWH_BIO_001",2025,0.0133812841030103
"Region1","COM_CWH_BIO_001",2026,0.0152795432083208
"Region1","COM_CWH_BIO_001",2027,0.0172873420074007
"Region1","COM_CWH_BIO_001",2028,0.019413685130313
"Region1","COM_CWH_BIO_001",2029,0.0216683174527453
"Region1","COM_CWH_BIO_001",2030,0.0240617848984899
"Region1","COM_CWH_BIO_001",2031,0.0260397694869487
"Region1","COM_CWH_BIO_001",2032,0.0281803531153115
"Region1","COM_CWH_BIO_001",2033,0.030496902140214
"Region1","COM_CWH_BIO_001",2034,0.0330038816781678
"Region1","COM_CWH_BIO_001",2035,0.0357169459745975
"Region1","COM_CWH_DSL_001",2018,0.00417896089808981
"Region1","COM_CWH_DSL_001",2019,0
"Region1","COM_CWH_DSL_001",2020,0
"Region1","COM_CWH_DSL_001",2021,0
"Region1","COM_CWH_DSL_001",2022,0
"Region1","COM_CWH_DSL_001",2023,0
"Region1","COM_CWH_DSL_001",2024,0
"Region1","COM_CWH_DSL_001",2025,0
"Region1","COM_CWH_DSL_001",2026,0
"Region1","COM_CWH_DSL_001",2027,0
"Region1","COM_CWH_DSL_001",2028,0
"Region1","COM_CWH_DSL_001",2029,0
"Region1","COM_CWH_DSL_001",2030,0
"Region1","COM_CWH_DSL_001",2031,0
"Region1","COM_CWH_DSL_001",2032,0
"Region1","COM_CWH_DSL_001",2033,0
"Region1","COM_CWH_DSL_001",2034,0
"Region1","COM_CWH_DSL_001",2035,0
"Region1","COM_CWH_KER_001",2018,0.000296906635763576
"Region1","COM_CWH_KER_001",2019,0
"Region1","COM_CWH_KER_001",2020,0
"Region1","COM_CWH_KER_001",2021,0
"Region1","COM_CWH_KER_001",2022,0
"Region1","COM_CWH_KER_001",2023,0
"Region1","COM_CWH_KER_001",2024,0
"Region1","COM_CWH_KER_001",2025,0
"Region1","COM_CWH_KER_001",2026,0
"Region1","COM_CWH_KER_001",2027,0
"Region1","COM_CWH_KER_001",2028,0
"Region1","COM_CWH_KER_001",2029,0
"Region1","COM_CWH_KER_001",2030,0
"Region1","COM_CWH_KER_001",2031,0
"Region1","COM_CWH_KER_001",2032,0
"Region1","COM_CWH_KER_001",2033,0
"Region1","COM_CWH_KER_001",2034,0
"Region1","COM_CWH_KER_001",2035,0
"Region1","COM_CWH_LPG_001",2018,0.00109558548554855
"Region1","COM_CWH_LPG_001",2019,0
"Region1","COM_CWH_LPG_001",2020,0
"Region1","COM_CWH_LPG_001",2021,0
"Region1","COM_CWH_LPG_001",2022,0
"Region1","COM_CWH_LPG_001",2023,0
"Region1","COM_CWH_LPG_001",2024,0
"Region1","COM_CWH_LPG_001",2025,0
"Region1","COM_CWH_LPG_001",2026,0
"Region1","COM_CWH_LPG_001",2027,0
"Region1","COM_CWH_LPG_001",2028,0
"Region1","COM_CWH_LPG_001",2029,0
"Region1","COM_CWH_LPG_001",2030,0
"Region1","COM_CWH_LPG_001",2031,0
"Region1","COM_CWH_LPG_001",2032,0
"Region1","COM_CWH_LPG_001",2033,0
"Region1","COM_CWH_LPG_001",2034,0
"Region1","COM_CWH_LPG_001",2035,0
"Region1","COM_CWH_NGS_001",2018,0.00121731720672067
"Region1","COM_CWH_NGS_001",2019,0.00111587410641064
"Region1","COM_CWH_NGS_001",2020,0.00101443100510051
"Region1","COM_CWH_NGS_001",2021,0.000912987904890489
"Region1","COM_CWH_NGS_001",2022,0.000811544804380438
"Region1","COM_CWH_NGS_001",2023,0.000710101703770377
"Region1","COM_CWH_NGS_001",2024,0.000608658603260326
"Region1","COM_CWH_NGS_001",2025,0.000507215502750275
"Region1","COM_CWH_NGS_001",2026,0.000405772402140214
"Region1","COM_CWH_NGS_001",2027,0.000304329301630163
"Region1","COM_CWH_NGS_001",2028,0.000202886201120112
"Region1","COM_CWH_NGS_001",2029,0.000101443100510051
"Region1","COM_CWH_NGS_001",2030,0
"Region1","COM_CWH_NGS_001",2031,0
"Region1","COM_CWH_NGS_001",2032,0
"Region1","COM_CWH_NGS_001",2033,0
"Region1","COM_CWH_NGS_001",2034,0
"Region1","COM_CWH_NGS_001",2035,0
"Region1","COM_EE",2018,0
"Region1","COM_EE",2019,0
"Region1","COM_EE",2020,0.000570927500650065
"Region1","COM_EE",2021,0.00114185500150015
"Region1","COM_EE",2022,0.00171278250225023
"Region1","COM_EE",2023,0.0022837100030003
"Region1","COM_EE",2024,0.00285463750375038
"Region1","COM_EE",2025,0.00342556500450045
"Region1","COM_EE",2026,0.00399649250525052
"Region1","COM_EE",2027,0.0045674200060006
"Region1","COM_EE",2028,0.00513834750675067
"Region1","COM_EE",2029,0.00570927500650065
"Region1","COM_EE",2030,0.0068511300080008
"Region1","COM_EE",2031,0.00737015500850085
"Region1","COM_EE",2032,0.007889180010001
"Region1","COM_EE",2033,0.00840820501050105
"Region1","COM_EE",2034,0.0089272300110011
"Region1","COM_EE",2035,0.00944625501150115
"Region1","COM_EL_APP_001",2018,0.0446954314720812
"Region1","COM_EL_APP_001",2019,0.0037364031907179
"Region1","COM_EL_APP_001",2020,0.00347910875750803
"Region1","COM_EL_APP_001",2021,0.00381812253540808
"Region1","COM_EL_APP_001",2022,0.00418432993217233
"Region1","COM_EL_APP_001",2023,0.0045831696711136
"Region1","COM_EL_APP_001",2024,0.00501282884442759
"Region1","COM_EL_APP_001",2025,0.00548237199163573
"Region1","COM_EL_APP_001",2026,0.00598636038902512
"Region1","COM_EL_APP_001",2027,0.0065338585761172
"Region1","COM_EL_APP_001",2028,0.051825736748706
"Region1","COM_EL_APP_001",2029,0.0115084778664574
"Region1","COM_EL_APP_001",2030,0.0113800383825489
"Region1","COM_EL_APP_001",2031,0.0130960518496289
"Region1","COM_EL_APP_001",2032,0.0142835065260311
"Region1","COM_EL_APP_001",2033,0.0155688582311647
"Region1","COM_EL_APP_001",2034,0.0169611715016505
"Region1","COM_EL_APP_001",2035,0.0184731366938188
"Region1","GASIFICATION",2018,0
"Region1","GASIFICATION",2019,0
"Region1","GASIFICATION",2020,0
"Region1","GASIFICATION",2021,0
"Region1","GASIFICATION",2022,0
"Region1","GASIFICATION",2023,0
"Region1","GASIFICATION",2024,0
"Region1","GASIFICATION",2025,0
"Region1","GASIFICATION",2026,0
"Region1","GASIFICATION",2027,0
"Region1","GASIFICATION",2028,0
"Region1","GASIFICATION",2029,0
"Region1","GASIFICATION",2030,0
"Region1","GASIFICATION",2031,0
"Region1","GASIFICATION",2032,0
"Region1","GASIFICATION",2033,0
"Region1","GASIFICATION",2034,0
"Region1","GASIFICATION",2035,0
"Region1","IMP_DSL",2018,0.1419399903167
"Region1","IMP_DSL",2019,0.13683004962111
"Region1","IMP_DSL",2020,0.131792604890049
"Region1","IMP_DSL",2021,0.126835500867077
"Region1","IMP_DSL",2022,0.12186841960293
"Region1","IMP_DSL",2023,0.116938137111334
"Region1","IMP_DSL",2024,0.116392041311369
"Region1","IMP_DSL",2025,0.107195668242036
"Region1","IMP_DSL",2026,0.108095547978244
"Region1","IMP_DSL",2027,0.0976245678339357
"Region1","IMP_DSL",2028,0.0929089311526661
"Region1","IMP_DSL",2029,0.0882431677813919
"Region1","IMP_DSL",2030,0.0879925718387805
"Region1","IMP_DSL",2031,0.0883973398574683
"Region1","IMP_DSL",2032,0.089152784918936
"Region1","IMP_DSL",2033,0.0880422094471164
"Region1","IMP_DSL",2034,0.0903563330902721
"Region1","IMP_DSL",2035,0.0913182517321596
"Region1","IMP_GSL",2018,0.0721556766080468
"Region1","IMP_GSL",2019,0.0710650108435521
"Region1","IMP_GSL",2020,0.0701198515231744
"Region1","IMP_GSL",2021,0.0691019389854297
"Region1","IMP_GSL",2022,0.068084026438302
"Region1","IMP_GSL",2023,0.0661286622279608
"Region1","IMP_GSL",2024,0.0702328945327088
"Region1","IMP_GSL",2025,0.0687507454403657
"Region1","IMP_GSL",2026,0.06925702797469
"Region1","IMP_GSL",2027,0.0537532585714654
"Region1","IMP_GSL",2028,0.0496070276727533
"Region1","IMP_GSL",2029,0.0485891151256257
"Region1","IMP_GSL",2030,0.0474256961337104
"Region1","IMP_GSL",2031,0.0465532900407533
"Region1","IMP_GSL",2032,0.048161246539675
"Region1","IMP_GSL",2033,0.048684609242166
"Region1","IMP_GSL",2034,0.0473683166894747
"Region1","IMP_GSL",2035,0.0391664674240089
"Region1","IMP_KER",2018,0.015705140130333
"Region1","IMP_KER",2019,0.0160344818120612
"Region1","IMP_KER",2020,0.0164105408565257
"Region1","IMP_KER",2021,0.0168363564230823
"Region1","IMP_KER",2022,0.0173151653705571
"Region1","IMP_KER",2023,0.0178504151487149
"Region1","IMP_KER",2024,0.0184457774568357
"Region1","IMP_KER",2025,0.019105162899318
"Region1","IMP_KER",2026,0.0198327364428703
"Region1","IMP_KER",2027,0.0206329340246665
"Region1","IMP_KER",2028,0.0215104801766617
"Region1","IMP_KER",2029,0.0224704067779998
"Region1","IMP_KER",2030,0.0235180730458646
"Region1","IMP_KER",2031,0.0250479881568757
"Region1","IMP_KER",2032,0.0266774300317832
"Region1","IMP_KER",2033,0.0284128733666767
"Region1","IMP_KER",2034,0.0302612140721872
"Region1","IMP_KER",2035,0.0322297966748875
"Region1","IMP_LNG",2018,0
"Region1","IMP_LNG",2019,0
"Region1","IMP_LNG",2020,0
"Region1","IMP_LNG",2021,0
"Region1","IMP_LNG",2022,0
"Region1","IMP_LNG",2023,0
"Region1","IMP_LNG",2024,0
"Region1","IMP_LNG",2025,0
"Region1","IMP_LNG",2026,0
"Region1","IMP_LNG",2027,0
"Region1","IMP_LNG",2028,0
"Region1","IMP_LNG",2029,0
"Region1","IMP_LNG",2030,0
"Region1","IMP_LNG",2031,0
"Region1","IMP_LNG",2032,0
"Region1","IMP_LNG",2033,0
"Region1","IMP_LNG",2034,0
"Region1","IMP_LNG",2035,0
"Region1","IMP_LPG",2018,0.0327732391587159
"Region1","IMP_LPG",2019,0.0300421358869887
"Region1","IMP_LPG",2020,0.0273110326325633
"Region1","IMP_LPG",2021,0.024579929360236
"Region1","IMP_LPG",2022,0.0218488261061106
"Region1","IMP_LPG",2023,0.0191177228336834
"Region1","IMP_LPG",2024,0.016386619579558
"Region1","IMP_LPG",2025,0.0136555163163316
"Region1","IMP_LPG",2026,0.0109244130530053
"Region1","IMP_LPG",2027,0.00819330978977898
"Region1","IMP_LPG",2028,0.00546220652645265
"Region1","IMP_LPG",2029,0.00273110326322632
"Region1","IMP_LPG",2030,0
"Region1","IMP_LPG",2031,0
"Region1","IMP_LPG",2032,0
"Region1","IMP_LPG",2033,0
"Region1","IMP_LPG",2034,0
"Region1","IMP_LPG",2035,0
"Region1","IMP_OIL",2018,0
"Region1","IMP_OIL",2019,0
"Region1","IMP_OIL",2020,0
"Region1","IMP_OIL",2021,0
"Region1","IMP_OIL",2022,0
"Region1","IMP_OIL",2023,0
"Region1","IMP_OIL",2024,0
"Region1","IMP_OIL",2025,0
"Region1","IMP_OIL",2026,0
"Region1","IMP_OIL",2027,0
"Region1","IMP_OIL",2028,0
"Region1","IMP_OIL",2029,0
"Region1","IMP_OIL",2030,0
"Region1","IMP_OIL",2031,0
"Region1","IMP_OIL",2032,0
"Region1","IMP_OIL",2033,0
"Region1","IMP_OIL",2034,0
"Region1","IMP_OIL",2035,0
"Region1","IMP_OILPRD",2018,0
"Region1","IMP_OILPRD",2019,0
"Region1","IMP_OILPRD",2020,0
"Region1","IMP_OILPRD",2021,0
"Region1","IMP_OILPRD",2022,0
"Region1","IMP_OILPRD",2023,0
"Region1","IMP_OILPRD",2024,0
"Region1","IMP_OILPRD",2025,0
"Region1","IMP_OILPRD",2026,0
"Region1","IMP_OILPRD",2027,0
"Region1","IMP_OILPRD",2028,0
"Region1","IMP_OILPRD",2029,0
"Region1","IMP_OILPRD",2030,0
"Region1","IMP_OILPRD",2031,0
"Region1","IMP_OILPRD",2032,0
"Region1","IMP_OILPRD",2033,0
"Region1","IMP_OILPRD",2034,0
"Region1","IMP_OILPRD",2035,0
"Region1","IND_BIO_AUTOPRD",2018,0.00581738673557358
"Region1","IND_BIO_AUTOPRD",2019,0.0104523256409641
"Region1","IND_BIO_AUTOPRD",2020,0.0151931681327133
"Region1","IND_BIO_AUTOPRD",2021,0.0200455408724873
"Region1","IND_BIO_AUTOPRD",2022,0.0250153694673467
"Region1","IND_BIO_AUTOPRD",2023,0.0301088943773877
"Region1","IND_BIO_AUTOPRD",2024,0.0353326875342035
"Region1","IND_BIO_AUTOPRD",2025,0.0406936701334634
"Region1","IND_BIO_AUTOPRD",2026,0.0461991310725573
"Region1","IND_BIO_AUTOPRD",2027,0.0518567464895989
"Region1","IND_BIO_AUTOPRD",2028,0.0576746003445345
"Region1","IND_BIO_AUTOPRD",2029,0.0636612061052106
"Region1","IND_BIO_AUTOPRD",2030,0.0698255295579558
"Region1","IND_BIO_AUTOPRD",2031,0.0735353636463646
"Region1","IND_BIO_AUTOPRD",2032,0.077442301410141
"Region1","IND_BIO_AUTOPRD",2033,0.0815568149914991
"Region1","IND_BIO_AUTOPRD",2034,0.0858899329032904
"Region1","IND_BIO_AUTOPRD",2035,0.0904532696069607
"Region1","IND_CHEM_BIO_001",2018,0.00500778100310021
"Region1","IND_CHEM_BIO_001",2019,0.00717392882588271
"Region1","IND_CHEM_BIO_001",2020,0.00733079837583759
"Region1","IND_CHEM_BIO_001",2021,0.00749599718571852
"Region1","IND_CHEM_BIO_001",2022,0.00766996749774985
"Region1","IND_CHEM_BIO_001",2023,0.00785317507050705
"Region1","IND_CHEM_BIO_001",2024,0.00804611036903682
"Region1","IND_CHEM_BIO_001",2025,0.0082492898989899
"Region1","IND_CHEM_BIO_001",2026,0.00846325762076214
"Region1","IND_CHEM_BIO_001",2027,0.00868858631363135
"Region1","IND_CHEM_BIO_001",2028,0.0089258792010201
"Region1","IND_CHEM_BIO_001",2029,0.00917577169806985
"Region1","IND_CHEM_BIO_001",2030,0.00943893251725171
"Region1","IND_CHEM_BIO_001",2031,0.00549654715471546
"Region1","IND_CHEM_BIO_001",2032,0.00396027531418736
"Region1","IND_CHEM_BIO_001",2033,0
"Region1","IND_CHEM_BIO_001",2034,0
"Region1","IND_CHEM_BIO_001",2035,0
"Region1","IND_CHEM_COA_001",2018,0.0228132245224522
"Region1","IND_CHEM_COA_001",2019,0
"Region1","IND_CHEM_COA_001",2020,0
"Region1","IND_CHEM_COA_001",2021,0
"Region1","IND_CHEM_COA_001",2022,0
"Region1","IND_CHEM_COA_001",2023,0
"Region1","IND_CHEM_COA_001",2024,0
"Region1","IND_CHEM_COA_001",2025,0
"Region1","IND_CHEM_COA_001",2026,0
"Region1","IND_CHEM_COA_001",2027,0
"Region1","IND_CHEM_COA_001",2028,0
"Region1","IND_CHEM_COA_001",2029,0
"Region1","IND_CHEM_COA_001",2030,0
"Region1","IND_CHEM_COA_001",2031,0
"Region1","IND_CHEM_COA_001",2032,0
"Region1","IND_CHEM_COA_001",2033,0
"Region1","IND_CHEM_COA_001",2034,8.90657065706578e-05
"Region1","IND_CHEM_COA_001",2035,0
"Region1","IND_CHEM_DSL_001",2018,0.00556420110411041
"Region1","IND_CHEM_DSL_001",2019,0
"Region1","IND_CHEM_DSL_001",2020,0.00157469912655027
"Region1","IND_CHEM_DSL_001",2021,0
"Region1","IND_CHEM_DSL_001",2022,0
"Region1","IND_CHEM_DSL_001",2023,0.000706058432621898
"Region1","IND_CHEM_DSL_001",2024,0
"Region1","IND_CHEM_DSL_001",2025,0
"Region1","IND_CHEM_DSL_001",2026,0
"Region1","IND_CHEM_DSL_001",2027,0
"Region1","IND_CHEM_DSL_001",2028,0
"Region1","IND_CHEM_DSL_001",2029,0
"Region1","IND_CHEM_DSL_001",2030,0
"Region1","IND_CHEM_DSL_001",2031,0
"Region1","IND_CHEM_DSL_001",2032,0
"Region1","IND_CHEM_DSL_001",2033,0
"Region1","IND_CHEM_DSL_001",2034,0
"Region1","IND_CHEM_DSL_001",2035,0
"Region1","IND_CHEM_ELC_001",2018,0.00784223380919246
"Region1","IND_CHEM_ELC_001",2019,0.00311799103476441
"Region1","IND_CHEM_ELC_001",2020,0
"Region1","IND_CHEM_ELC_001",2021,0.00285447053463837
"Region1","IND_CHEM_ELC_001",2022,0
"Region1","IND_CHEM_ELC_001",2023,0
"Region1","IND_CHEM_ELC_001",2024,0
"Region1","IND_CHEM_ELC_001",2025,0
"Region1","IND_CHEM_ELC_001",2026,0
"Region1","IND_CHEM_ELC_001",2027,0.0062148790986149
"Region1","IND_CHEM_ELC_001",2028,0
"Region1","IND_CHEM_ELC_001",2029,0
"Region1","IND_CHEM_ELC_001",2030,0
"Region1","IND_CHEM_ELC_001",2031,0
"Region1","IND_CHEM_ELC_001",2032,0.00710930353604248
"Region1","IND_CHEM_ELC_001",2033,0.00873259792434115
"Region1","IND_CHEM_ELC_001",2034,0
"Region1","IND_CHEM_ELC_001",2035,0.000932895371520543
"Region1","IND_CHEM_NGS_001",2018,0.022256804410441
"Region1","IND_CHEM_NGS_001",2019,0
"Region1","IND_CHEM_NGS_001",2020,0
"Region1","IND_CHEM_NGS_001",2021,0
"Region1","IND_CHEM_NGS_001",2022,0
"Region1","IND_CHEM_NGS_001",2023,0
"Region1","IND_CHEM_NGS_001",2024,0
"Region1","IND_CHEM_NGS_001",2025,0
"Region1","IND_CHEM_NGS_001",2026,0
"Region1","IND_CHEM_NGS_001",2027,0
"Region1","IND_CHEM_NGS_001",2028,0
"Region1","IND_CHEM_NGS_001",2029,0
"Region1","IND_CHEM_NGS_001",2030,0
"Region1","IND_CHEM_NGS_001",2031,0
"Region1","IND_CHEM_NGS_001",2032,0
"Region1","IND_CHEM_NGS_001",2033,0
"Region1","IND_CHEM_NGS_001",2034,0
"Region1","IND_CHEM_NGS_001",2035,0
"Region1","IND_CMNT_COA_001",2018,0.0474960206250625
"Region1","IND_CMNT_COA_001",2019,8.72984998500408e-06
"Region1","IND_CMNT_COA_001",2020,0
"Region1","IND_CMNT_COA_001",2021,0
"Region1","IND_CMNT_COA_001",2022,0
"Region1","IND_CMNT_COA_001",2023,0
"Region1","IND_CMNT_COA_001",2024,0
"Region1","IND_CMNT_COA_001",2025,0
"Region1","IND_CMNT_COA_001",2026,0
"Region1","IND_CMNT_COA_001",2027,0
"Region1","IND_CMNT_COA_001",2028,0
"Region1","IND_CMNT_COA_001",2029,0
"Region1","IND_CMNT_COA_001",2030,0
"Region1","IND_CMNT_COA_001",2031,0
"Region1","IND_CMNT_COA_001",2032,0
"Region1","IND_CMNT_COA_001",2033,0
"Region1","IND_CMNT_COA_001",2034,0
"Region1","IND_CMNT_COA_001",2035,0
"Region1","IND_CMNT_DSL_001",2018,0.00123366287328733
"Region1","IND_CMNT_DSL_001",2019,0
"Region1","IND_CMNT_DSL_001",2020,1.37085330998022e-05
"Region1","IND_CMNT_DSL_001",2021,3.98199233236565e-05
"Region1","IND_CMNT_DSL_001",2022,0
"Region1","IND_CMNT_DSL_001",2023,0
"Region1","IND_CMNT_DSL_001",2024,0
"Region1","IND_CMNT_DSL_001",2025,0
"Region1","IND_CMNT_DSL_001",2026,0
"Region1","IND_CMNT_DSL_001",2027,0
"Region1","IND_CMNT_DSL_001",2028,0
"Region1","IND_CMNT_DSL_001",2029,0
"Region1","IND_CMNT_DSL_001",2030,0
"Region1","IND_CMNT_DSL_001",2031,0
"Region1","IND_CMNT_DSL_001",2032,0
"Region1","IND_CMNT_DSL_001",2033,0
"Region1","IND_CMNT_DSL_001",2034,0
"Region1","IND_CMNT_DSL_001",2035,0
"Region1","IND_CMNT_ELC_001",2018,0.0033237552460246
"Region1","IND_CMNT_ELC_001",2019,0
"Region1","IND_CMNT_ELC_001",2020,0
"Region1","IND_CMNT_ELC_001",2021,0
"Region1","IND_CMNT_ELC_001",2022,0
"Region1","IND_CMNT_ELC_001",2023,0.000844114920839409
"Region1","IND_CMNT_ELC_001",2024,0
"Region1","IND_CMNT_ELC_001",2025,0
"Region1","IND_CMNT_ELC_001",2026,0
"Region1","IND_CMNT_ELC_001",2027,0.000117563238742952
"Region1","IND_CMNT_ELC_001",2028,0
"Region1","IND_CMNT_ELC_001",2029,0
"Region1","IND_CMNT_ELC_001",2030,0
"Region1","IND_CMNT_ELC_001",2031,0
"Region1","IND_CMNT_ELC_001",2032,0.00204006668518177
"Region1","IND_CMNT_ELC_001",2033,0
"Region1","IND_CMNT_ELC_001",2034,0.00255842853766572
"Region1","IND_CMNT_ELC_001",2035,0.0019299064390523
"Region1","IND_CMNT_NGS_001",2018,0.0131703034585764
"Region1","IND_CMNT_NGS_001",2019,0.00222975557632716
"Region1","IND_CMNT_NGS_001",2020,0.00254505124612458
"Region1","IND_CMNT_NGS_001",2021,0.00263819566336636
"Region1","IND_CMNT_NGS_001",2022,0.0027348925171517
"Region1","IND_CMNT_NGS_001",2023,0.00283527726362634
"Region1","IND_CMNT_NGS_001",2024,0.00293949057495752
"Region1","IND_CMNT_NGS_001",2025,0.00304767846174616
"Region1","IND_CMNT_NGS_001",2026,0.00315999250915091
"Region1","IND_CMNT_NGS_001",2027,0.00327659008000801
"Region1","IND_CMNT_NGS_001",2028,0.00339763455535554
"Region1","IND_CMNT_NGS_001",2029,0.00352329550845085
"Region1","IND_CMNT_NGS_001",2030,0.00365374904180431
"Region1","IND_CMNT_NGS_001",2031,0.00368637264226412
"Region1","IND_CMNT_NGS_001",2032,0.00382696673867395
"Region1","IND_CMNT_NGS_001",2033,0.00397292268126802
"Region1","IND_CMNT_NGS_001",2034,0.00412444533453349
"Region1","IND_CMNT_NGS_001",2035,0.00428174695469545
"Region1","IND_FOOD_BIO_001",2018,0.01687011710071
"Region1","IND_FOOD_BIO_001",2019,0.00475463386138616
"Region1","IND_FOOD_BIO_001",2020,0.00487688114011403
"Region1","IND_FOOD_BIO_001",2021,0.00500545835683568
"Region1","IND_FOOD_BIO_001",2022,0.00514069331633164
"Region1","IND_FOOD_BIO_001",2023,0.0052829307280728
"Region1","IND_FOOD_BIO_001",2024,0.00543253316731679
"Region1","IND_FOOD_BIO_001",2025,0.00558988202120196
"Region1","IND_FOOD_BIO_001",2026,0.00575537838583867
"Region1","IND_FOOD_BIO_001",2027,0.00592944412941297
"Region1","IND_FOOD_BIO_001",2028,0.00611252299909993
"Region1","IND_FOOD_BIO_001",2029,0.00630508166796676
"Region1","IND_FOOD_BIO_001",2030,0.00650761101450133
"Region1","IND_FOOD_BIO_001",2031,0.0043268944804482
"Region1","IND_FOOD_BIO_001",2032,0.00455094076907699
"Region1","IND_FOOD_BIO_001",2033,0
"Region1","IND_FOOD_BIO_001",2034,0
"Region1","IND_FOOD_BIO_001",2035,1.4635276527562e-05
"Region1","IND_FOOD_COA_001",2018,0.0150463206520652
"Region1","IND_FOOD_COA_001",2019,0
"Region1","IND_FOOD_COA_001",2020,0
"Region1","IND_FOOD_COA_001",2021,0
"Region1","IND_FOOD_COA_001",2022,0
"Region1","IND_FOOD_COA_001",2023,0
"Region1","IND_FOOD_COA_001",2024,0
"Region1","IND_FOOD_COA_001",2025,0
"Region1","IND_FOOD_COA_001",2026,0
"Region1","IND_FOOD_COA_001",2027,0
"Region1","IND_FOOD_COA_001",2028,0
"Region1","IND_FOOD_COA_001",2029,0
"Region1","IND_FOOD_COA_001",2030,0
"Region1","IND_FOOD_COA_001",2031,0
"Region1","IND_FOOD_COA_001",2032,0
"Region1","IND_FOOD_COA_001",2033,0
"Region1","IND_FOOD_COA_001",2034,5.51894989499015e-05
"Region1","IND_FOOD_COA_001",2035,0
"Region1","IND_FOOD_DSL_001",2018,0.00866303310331033
"Region1","IND_FOOD_DSL_001",2019,0
"Region1","IND_FOOD_DSL_001",2020,0.00160462167828608
"Region1","IND_FOOD_DSL_001",2021,0
"Region1","IND_FOOD_DSL_001",2022,0
"Region1","IND_FOOD_DSL_001",2023,0
"Region1","IND_FOOD_DSL_001",2024,0
"Region1","IND_FOOD_DSL_001",2025,0
"Region1","IND_FOOD_DSL_001",2026,0
"Region1","IND_FOOD_DSL_001",2027,0
"Region1","IND_FOOD_DSL_001",2028,0
"Region1","IND_FOOD_DSL_001",2029,0
"Region1","IND_FOOD_DSL_001",2030,0
"Region1","IND_FOOD_DSL_001",2031,0
"Region1","IND_FOOD_DSL_001",2032,0
"Region1","IND_FOOD_DSL_001",2033,0
"Region1","IND_FOOD_DSL_001",2034,0
"Region1","IND_FOOD_DSL_001",2035,0
"Region1","IND_FOOD_ELC_001",2018,0.0065789948349835
"Region1","IND_FOOD_ELC_001",2019,0
"Region1","IND_FOOD_ELC_001",2020,0
"Region1","IND_FOOD_ELC_001",2021,0.000667358361229339
"Region1","IND_FOOD_ELC_001",2022,0.00192989809563509
"Region1","IND_FOOD_ELC_001",2023,0.000974894191412906
"Region1","IND_FOOD_ELC_001",2024,0
"Region1","IND_FOOD_ELC_001",2025,0
"Region1","IND_FOOD_ELC_001",2026,0
"Region1","IND_FOOD_ELC_001",2027,0
"Region1","IND_FOOD_ELC_001",2028,0
"Region1","IND_FOOD_ELC_001",2029,0.00261219497094432
"Region1","IND_FOOD_ELC_001",2030,0
"Region1","IND_FOOD_ELC_001",2031,0
"Region1","IND_FOOD_ELC_001",2032,0
"Region1","IND_FOOD_ELC_001",2033,0
"Region1","IND_FOOD_ELC_001",2034,0.00405425188738744
"Region1","IND_FOOD_ELC_001",2035,0.00711244923722011
"Region1","IND_FOOD_NGS_001",2018,0.0050154402170217
"Region1","IND_FOOD_NGS_001",2019,0
"Region1","IND_FOOD_NGS_001",2020,0
"Region1","IND_FOOD_NGS_001",2021,0
"Region1","IND_FOOD_NGS_001",2022,0
"Region1","IND_FOOD_NGS_001",2023,0
"Region1","IND_FOOD_NGS_001",2024,0
"Region1","IND_FOOD_NGS_001",2025,0
"Region1","IND_FOOD_NGS_001",2026,0
"Region1","IND_FOOD_NGS_001",2027,0
"Region1","IND_FOOD_NGS_001",2028,0
"Region1","IND_FOOD_NGS_001",2029,0
"Region1","IND_FOOD_NGS_001",2030,0
"Region1","IND_FOOD_NGS_001",2031,0
"Region1","IND_FOOD_NGS_001",2032,0
"Region1","IND_FOOD_NGS_001",2033,0
"Region1","IND_FOOD_NGS_001",2034,0
"Region1","IND_FOOD_NGS_001",2035,0
"Region1","IND_OTH_BIO",2018,0.0116347734711472
"Region1","IND_OTH_BIO",2019,0.0209046512819282
"Region1","IND_OTH_BIO",2020,0.0303863362654266
"Region1","IND_OTH_BIO",2021,0.0400910817449745
"Region1","IND_OTH_BIO",2022,0.0500307389346934
"Region1","IND_OTH_BIO",2023,0.0602177887547754
"Region1","IND_OTH_BIO",2024,0.0706653750684069
"Region1","IND_OTH_BIO",2025,0.0813873402669267
"Region1","IND_OTH_BIO",2026,0.0923982621451146
"Region1","IND_OTH_BIO",2027,0.103713492979198
"Region1","IND_OTH_BIO",2028,0.115349200689069
"Region1","IND_OTH_BIO",2029,0.127322412210421
"Region1","IND_OTH_BIO",2030,0.139651059115912
"Region1","IND_OTH_BIO",2031,0.147070727292729
"Region1","IND_OTH_BIO",2032,0.154884602820282
"Region1","IND_OTH_BIO",2033,0.163113629982998
"Region1","IND_OTH_BIO",2034,0.171779865806581
"Region1","IND_OTH_BIO",2035,0.180906539213921
"Region1","IND_OTH_COA_001",2018,0.0222848667866787
"Region1","IND_OTH_COA_001",2019,0
"Region1","IND_OTH_COA_001",2020,0
"Region1","IND_OTH_COA_001",2021,0
"Region1","IND_OTH_COA_001",2022,0
"Region1","IND_OTH_COA_001",2023,0
"Region1","IND_OTH_COA_001",2024,0
"Region1","IND_OTH_COA_001",2025,0
"Region1","IND_OTH_COA_001",2026,0
"Region1","IND_OTH_COA_001",2027,0
"Region1","IND_OTH_COA_001",2028,0
"Region1","IND_OTH_COA_001",2029,0
"Region1","IND_OTH_COA_001",2030,0
"Region1","IND_OTH_COA_001",2031,0
"Region1","IND_OTH_COA_001",2032,0
"Region1","IND_OTH_COA_001",2033,0
"Region1","IND_OTH_COA_001",2034,0
"Region1","IND_OTH_COA_001",2035,0
"Region1","IND_OTH_DSL_001",2018,0.0115656731073107
"Region1","IND_OTH_DSL_001",2019,0
"Region1","IND_OTH_DSL_001",2020,0
"Region1","IND_OTH_DSL_001",2021,0.00109181777267614
"Region1","IND_OTH_DSL_001",2022,0
"Region1","IND_OTH_DSL_001",2023,0
"Region1","IND_OTH_DSL_001",2024,0
"Region1","IND_OTH_DSL_001",2025,0
"Region1","IND_OTH_DSL_001",2026,0
"Region1","IND_OTH_DSL_001",2027,0
"Region1","IND_OTH_DSL_001",2028,0
"Region1","IND_OTH_DSL_001",2029,0
"Region1","IND_OTH_DSL_001",2030,0
"Region1","IND_OTH_DSL_001",2031,0
"Region1","IND_OTH_DSL_001",2032,0
"Region1","IND_OTH_DSL_001",2033,0
"Region1","IND_OTH_DSL_001",2034,0
"Region1","IND_OTH_DSL_001",2035,0
"Region1","IND_OTH_ELC_001",2018,0.0232435995679653
"Region1","IND_OTH_ELC_001",2019,0.00130001291609395
"Region1","IND_OTH_ELC_001",2020,0.00217992897953393
"Region1","IND_OTH_ELC_001",2021,0.000354690467631639
"Region1","IND_OTH_ELC_001",2022,0.00215430240188026
"Region1","IND_OTH_ELC_001",2023,0.00273291499161966
"Region1","IND_OTH_ELC_001",2024,0.00505781024239783
"Region1","IND_OTH_ELC_001",2025,0.00560969092031096
"Region1","IND_OTH_ELC_001",2026,0.00620689059101202
"Region1","IND_OTH_ELC_001",2027,0
"Region1","IND_OTH_ELC_001",2028,0.00300524118227118
"Region1","IND_OTH_ELC_001",2029,0.00571950631413284
"Region1","IND_OTH_ELC_001",2030,0.00746450038761284
"Region1","IND_OTH_ELC_001",2031,0.00165809819625349
"Region1","IND_OTH_ELC_001",2032,0.0018610641843124
"Region1","IND_OTH_ELC_001",2033,0.00356614805967087
"Region1","IND_OTH_ELC_001",2034,0.00685915493558518
"Region1","IND_OTH_ELC_001",2035,0.00305601373852337
"Region1","IND_OTH_LPG_001",2018,0.000207301086308632
"Region1","IND_OTH_LPG_001",2019,0
"Region1","IND_OTH_LPG_001",2020,0
"Region1","IND_OTH_LPG_001",2021,0
"Region1","IND_OTH_LPG_001",2022,0
"Region1","IND_OTH_LPG_001",2023,0
"Region1","IND_OTH_LPG_001",2024,0
"Region1","IND_OTH_LPG_001",2025,0
"Region1","IND_OTH_LPG_001",2026,0
"Region1","IND_OTH_LPG_001",2027,0
"Region1","IND_OTH_LPG_001",2028,0
"Region1","IND_OTH_LPG_001",2029,0
"Region1","IND_OTH_LPG_001",2030,0
"Region1","IND_OTH_LPG_001",2031,0
"Region1","IND_OTH_LPG_001",2032,0
"Region1","IND_OTH_LPG_001",2033,0
"Region1","IND_OTH_LPG_001",2034,0
"Region1","IND_OTH_LPG_001",2035,0
"Region1","IND_OTH_NGS_001",2018,0.0293417412641264
"Region1","IND_OTH_NGS_001",2019,0
"Region1","IND_OTH_NGS_001",2020,0
"Region1","IND_OTH_NGS_001",2021,0
"Region1","IND_OTH_NGS_001",2022,0
"Region1","IND_OTH_NGS_001",2023,0
"Region1","IND_OTH_NGS_001",2024,0
"Region1","IND_OTH_NGS_001",2025,0
"Region1","IND_OTH_NGS_001",2026,0
"Region1","IND_OTH_NGS_001",2027,0
"Region1","IND_OTH_NGS_001",2028,0
"Region1","IND_OTH_NGS_001",2029,0
"Region1","IND_OTH_NGS_001",2030,0
"Region1","IND_OTH_NGS_001",2031,0
"Region1","IND_OTH_NGS_001",2032,0
"Region1","IND_OTH_NGS_001",2033,0
"Region1","IND_OTH_NGS_001",2034,0
"Region1","IND_OTH_NGS_001",2035,0
"Region1","IND_TEXT_COA_001",2018,0.0273815582758276
"Region1","IND_TEXT_COA_001",2019,2.11819981998247e-05
"Region1","IND_TEXT_COA_001",2020,0
"Region1","IND_TEXT_COA_001",2021,0
"Region1","IND_TEXT_COA_001",2022,0
"Region1","IND_TEXT_COA_001",2023,0
"Region1","IND_TEXT_COA_001",2024,0
"Region1","IND_TEXT_COA_001",2025,0
"Region1","IND_TEXT_COA_001",2026,0
"Region1","IND_TEXT_COA_001",2027,0
"Region1","IND_TEXT_COA_001",2028,0
"Region1","IND_TEXT_COA_001",2029,0
"Region1","IND_TEXT_COA_001",2030,0
"Region1","IND_TEXT_COA_001",2031,0
"Region1","IND_TEXT_COA_001",2032,0
"Region1","IND_TEXT_COA_001",2033,0
"Region1","IND_TEXT_COA_001",2034,0
"Region1","IND_TEXT_COA_001",2035,0
"Region1","IND_TEXT_DSL_001",2018,0.00329898292429243
"Region1","IND_TEXT_DSL_001",2019,0
"Region1","IND_TEXT_DSL_001",2020,0.000735901732468362
"Region1","IND_TEXT_DSL_001",2021,0
"Region1","IND_TEXT_DSL_001",2022,0
"Region1","IND_TEXT_DSL_001",2023,0
"Region1","IND_TEXT_DSL_001",2024,0
"Region1","IND_TEXT_DSL_001",2025,0
"Region1","IND_TEXT_DSL_001",2026,0
"Region1","IND_TEXT_DSL_001",2027,0
"Region1","IND_TEXT_DSL_001",2028,0
"Region1","IND_TEXT_DSL_001",2029,0
"Region1","IND_TEXT_DSL_001",2030,0
"Region1","IND_TEXT_DSL_001",2031,0
"Region1","IND_TEXT_DSL_001",2032,0
"Region1","IND_TEXT_DSL_001",2033,0
"Region1","IND_TEXT_DSL_001",2034,0
"Region1","IND_TEXT_DSL_001",2035,0
"Region1","IND_TEXT_ELC_001",2018,0.0211241272046636
"Region1","IND_TEXT_ELC_001",2019,0
"Region1","IND_TEXT_ELC_001",2020,0.00247243283172251
"Region1","IND_TEXT_ELC_001",2021,0
"Region1","IND_TEXT_ELC_001",2022,0
"Region1","IND_TEXT_ELC_001",2023,0
"Region1","IND_TEXT_ELC_001",2024,0
"Region1","IND_TEXT_ELC_001",2025,0
"Region1","IND_TEXT_ELC_001",2026,0
"Region1","IND_TEXT_ELC_001",2027,0.000524184893642456
"Region1","IND_TEXT_ELC_001",2028,0.0048023231967917
"Region1","IND_TEXT_ELC_001",2029,0
"Region1","IND_TEXT_ELC_001",2030,0
"Region1","IND_TEXT_ELC_001",2031,0.00857314580622356
"Region1","IND_TEXT_ELC_001",2032,0.000211237605588475
"Region1","IND_TEXT_ELC_001",2033,0
"Region1","IND_TEXT_ELC_001",2034,0
"Region1","IND_TEXT_ELC_001",2035,0.00183414904740832
"Region1","IND_TEXT_NGS_001",2018,0.00230928804680468
"Region1","IND_TEXT_NGS_001",2019,0.0023448281538154
"Region1","IND_TEXT_NGS_001",2020,0.00209140283028304
"Region1","IND_TEXT_NGS_001",2021,0.00218546042104208
"Region1","IND_TEXT_NGS_001",2022,0.00228438829982998
"Region1","IND_TEXT_NGS_001",2023,0.00238843866386638
"Region1","IND_TEXT_NGS_001",2024,0.00249787674967497
"Region1","IND_TEXT_NGS_001",2025,0.00261298153015303
"Region1","IND_TEXT_NGS_001",2026,0.00273404641664167
"Region1","IND_TEXT_NGS_001",2027,0.00286138005050503
"Region1","IND_TEXT_NGS_001",2028,0.0029953069927993
"Region1","IND_TEXT_NGS_001",2029,0.0031361686790679
"Region1","IND_TEXT_NGS_001",2030,0.00328432415461546
"Region1","IND_TEXT_NGS_001",2031,0.00316523588358839
"Region1","IND_TEXT_NGS_001",2032,0.00332913156315631
"Region1","IND_TEXT_NGS_001",2033,0.0035015137213721
"Region1","IND_TEXT_NGS_001",2034,0.0036828218521852
"Region1","IND_TEXT_NGS_001",2035,0.00387351808180834
"Region1","MIN_BIO",2018,0.213745875921792
"Region1","MIN_BIO",2019,0.222191768068351
"Region1","MIN_BIO",2020,0.228044004877032
"Region1","MIN_BIO",2021,0.234386438272771
"Region1","MIN_BIO",2022,0.241246711253369
"Region1","MIN_BIO",2023,0.248654080830177
"Region1","MIN_BIO",2024,0.256639516217616
"Region1","MIN_BIO",2025,0.265235803743568
"Region1","MIN_BIO",2026,0.274477657869381
"Region1","MIN_BIO",2027,0.28440183985738
"Region1","MIN_BIO",2028,0.295047283806825
"Region1","MIN_BIO",2029,0.306455231149959
"Region1","MIN_BIO",2030,0.318669373189663
"Region1","MIN_BIO",2031,0.334815474835828
"Region1","MIN_BIO",2032,0.35003500350035
"Region1","MIN_BIO",2033,0.35003500350035
"Region1","MIN_BIO",2034,0.35003500350035
"Region1","MIN_BIO",2035,0.35003500350035
"Region1","MIN_COA",2018,0.37094453651311
"Region1","MIN_COA",2019,0.368017304616838
"Region1","MIN_COA",2020,0.381222543188566
"Region1","MIN_COA",2021,0.422970010359972
"Region1","MIN_COA",2022,0.45044636323654
"Region1","MIN_COA",2023,0.477922716092105
"Region1","MIN_COA",2024,0.505399068969673
"Region1","MIN_COA",2025,0.50038703463924
"Region1","MIN_COA",2026,0.517304661668807
"Region1","MIN_COA",2027,0.544781014539374
"Region1","MIN_COA",2028,0.539768980208941
"Region1","MIN_COA",2029,0.520666008213253
"Region1","MIN_COA",2030,0.529744911549075
"Region1","MIN_COA",2031,0.529744911549075
"Region1","MIN_COA",2032,0.531573032204484
"Region1","MIN_COA",2033,0.54957422556282
"Region1","MIN_COA",2034,0.567748711929113
"Region1","MIN_COA",2035,0.567748711929113
"Region1","MIN_GEO",2018,0.022537121920128
"Region1","MIN_GEO",2019,0.0266027099904
"Region1","MIN_GEO",2020,0.0266027099904
"Region1","MIN_GEO",2021,0.0266027099904
"Region1","MIN_GEO",2022,0.0266027099904
"Region1","MIN_GEO",2023,0.0266027099904
"Region1","MIN_GEO",2024,0.0266027099904
"Region1","MIN_GEO",2025,0.0266027099904
"Region1","MIN_GEO",2026,0.0266027099904
"Region1","MIN_GEO",2027,0.053008791254784
"Region1","MIN_GEO",2028,0.053008791254784
"Region1","MIN_GEO",2029,0.053008791254784
"Region1","MIN_GEO",2030,0.0561264939436102
"Region1","MIN_GEO",2031,0.0563793757088801
"Region1","MIN_GEO",2032,0.0566582728681651
"Region1","MIN_GEO",2033,0.0569658617733116
"Region1","MIN_GEO",2034,0.0559817360388033
"Region1","MIN_GEO",2035,0.0532956480655814
"Region1","MIN_HYD",2018,0.00727490865024
"Region1","MIN_HYD",2019,0.00727490865024
"Region1","MIN_HYD",2020,0.00727490865024
"Region1","MIN_HYD",2021,0.00727490865024
"Region1","MIN_HYD",2022,0.00727490865024
"Region1","MIN_HYD",2023,0.00727490865024
"Region1","MIN_HYD",2024,0.01029082247424
"Region1","MIN_HYD",2025,0.01029082247424
"Region1","MIN_HYD",2026,0.01029082247424
"Region1","MIN_HYD",2027,0.01029082247424
"Region1","MIN_HYD",2028,0.01029082247424
"Region1","MIN_HYD",2029,0.01029082247424
"Region1","MIN_HYD",2030,0.01029082247424
"Region1","MIN_HYD",2031,0.01029082247424
"Region1","MIN_HYD",2032,0.01029082247424
"Region1","MIN_HYD",2033,0.01029082247424
"Region1","MIN_HYD",2034,0.01029082247424
"Region1","MIN_HYD",2035,0.01029082247424
"Region1","MIN_NGS",2018,0.0920948423724135
"Region1","MIN_NGS",2019,0.116375972167482
"Region1","MIN_NGS",2020,0.1275
"Region1","MIN_NGS",2021,0.131474571766567
"Region1","MIN_NGS",2022,0.154923582640411
"Region1","MIN_NGS",2023,0.18114053668172
"Region1","MIN_NGS",2024,0.200442007917709
"Region1","MIN_NGS",2025,0.25761547502491
"Region1","MIN_NGS",2026,0.299746845122785
"Region1","MIN_NGS",2027,0.322635840952155
"Region1","MIN_NGS",2028,0.390875432764909
"Region1","MIN_NGS",2029,0.475240115324167
"Region1","MIN_NGS",2030,0.533734708046571
"Region1","MIN_NGS",2031,0.612120666766516
"Region1","MIN_NGS",2032,0.695572385094274
"Region1","MIN_NGS",2033,0.784798904396099
"Region1","MIN_NGS",2034,0.880963079275564
"Region1","MIN_NGS",2035,1.00005945503054
"Region1","MIN_OIL",2018,0.0201529263416342
"Region1","MIN_OIL",2019,0.0179901341414141
"Region1","MIN_OIL",2020,0.0149572549324933
"Region1","MIN_OIL",2021,0.0122144047274727
"Region1","MIN_OIL",2022,0.00860146751275127
"Region1","MIN_OIL",2023,0.00498853029802981
"Region1","MIN_OIL",2024,0.00427588311231123
"Region1","MIN_OIL",2025,0.00356323592759276
"Region1","MIN_OIL",2026,0.00285058874187419
"Region1","MIN_OIL",2027,0.00213794155615562
"Region1","MIN_OIL",2028,0.00142529437043704
"Region1","MIN_OIL",2029,0.000712647185418542
"Region1","MIN_OIL",2030,0
"Region1","MIN_OIL",2031,0
"Region1","MIN_OIL",2032,0
"Region1","MIN_OIL",2033,0
"Region1","MIN_OIL",2034,0
"Region1","MIN_OIL",2035,0
"Region1","MIN_SOL",2018,0.00024976512
"Region1","MIN_SOL",2019,0.0092489403461226
"Region1","MIN_SOL",2020,0.0184476567370897
"Region1","MIN_SOL",2021,0.02036277204002
"Region1","MIN_SOL",2022,0.02036277204002
"Region1","MIN_SOL",2023,0.02036277204002
"Region1","MIN_SOL",2024,0.02036277204002
"Region1","MIN_SOL",2025,0.02036277204002
"Region1","MIN_SOL",2026,0.02036277204002
"Region1","MIN_SOL",2027,0.02036277204002
"Region1","MIN_SOL",2028,0.02036277204002
"Region1","MIN_SOL",2029,0.02036277204002
"Region1","MIN_SOL",2030,0.02036277204002
"Region1","MIN_SOL",2031,0.02036277204002
"Region1","MIN_SOL",2032,0.02036277204002
"Region1","MIN_SOL",2033,0.02036277204002
"Region1","MIN_SOL",2034,0.02036277204002
"Region1","MIN_SOL",2035,0.02036277204002
"Region1","MIN_WND",2018,5.99184e-05
"Region1","MIN_WND",2019,7.25328e-05
"Region1","MIN_WND",2020,7.25328e-05
"Region1","MIN_WND",2021,7.25328e-05
"Region1","MIN_WND",2022,7.25328e-05
"Region1","MIN_WND",2023,7.25328e-05
"Region1","MIN_WND",2024,7.25328e-05
"Region1","MIN_WND",2025,7.25328e-05
"Region1","MIN_WND",2026,7.25328e-05
"Region1","MIN_WND",2027,7.25328e-05
"Region1","MIN_WND",2028,7.25328e-05
"Region1","MIN_WND",2029,7.25328e-05
"Region1","MIN_WND",2030,7.25328e-05
"Region1","MIN_WND",2031,7.25328e-05
"Region1","MIN_WND",2032,7.25328e-05
"Region1","MIN_WND",2033,7.25328e-05
"Region1","MIN_WND",2034,7.25328e-05
"Region1","MIN_WND",2035,7.25328e-05
"Region1","NGS_DISTRIB",2018,27.6055724605794
"Region1","NGS_DISTRIB",2019,45.2605925644697
"Region1","NGS_DISTRIB",2020,0
"Region1","NGS_DISTRIB",2021,4354.74746809825
"Region1","NGS_DISTRIB",2022,5623.8677441411
"Region1","NGS_DISTRIB",2023,5683.24061086776
"Region1","NGS_DISTRIB",2024,5744.63042887288
"Region1","NGS_DISTRIB",2025,5808.10574900222
"Region1","NGS_DISTRIB",2026,5873.73741110178
"Region1","NGS_DISTRIB",2027,5941.59870516453
"Region1","NGS_DISTRIB",2028,6011.76520630063
"Region1","NGS_DISTRIB",2029,6084.31553624098
"Region1","NGS_DISTRIB",2030,8520.09087910856
"Region1","NGS_DISTRIB",2031,0
"Region1","NGS_DISTRIB",2032,2440.95867520089
"Region1","NGS_DISTRIB",2033,2523.88131413137
"Region1","NGS_DISTRIB",2034,2609.62080608062
"Region1","NGS_DISTRIB",2035,2698.2731353135
"Region1","NGS_PIPELINE",2018,0
"Region1","NGS_PIPELINE",2019,0
"Region1","NGS_PIPELINE",2020,0
"Region1","NGS_PIPELINE",2021,596.185764985058
"Region1","NGS_PIPELINE",2022,3517.35163107653
"Region1","NGS_PIPELINE",2023,3932.54310619638
"Region1","NGS_PIPELINE",2024,2895.22068539832
"Region1","NGS_PIPELINE",2025,8576.02006608022
"Region1","NGS_PIPELINE",2026,6319.70551468118
"Region1","NGS_PIPELINE",2027,3433.34937440552
"Region1","NGS_PIPELINE",2028,10235.9387719131
"Region1","NGS_PIPELINE",2029,12654.7023838888
"Region1","NGS_PIPELINE",2030,8774.18890836057
"Region1","NGS_PIPELINE",2031,11757.8938079917
"Region1","NGS_PIPELINE",2032,12517.7577491637
"Region1","NGS_PIPELINE",2033,13383.9778952738
"Region1","NGS_PIPELINE",2034,14424.6262319198
"Region1","NGS_PIPELINE",2035,17864.4563632466
"Region1","OTH_ALL_BIO_001",2018,0
"Region1","OTH_ALL_BIO_001",2019,0.00119278423192319
"Region1","OTH_ALL_BIO_001",2020,0.0024016137039704
"Region1","OTH_ALL_BIO_001",2021,0.00362714428102811
"Region1","OTH_ALL_BIO_001",2022,0.00487005863756376
"Region1","OTH_ALL_BIO_001",2023,0.00613106736343634
"Region1","OTH_ALL_BIO_001",2024,0.00741091008280828
"Region1","OTH_ALL_BIO_001",2025,0.00871035665146515
"Region1","OTH_ALL_BIO_001",2026,0.0100302084016402
"Region1","OTH_ALL_BIO_001",2027,0.0113712994058406
"Region1","OTH_ALL_BIO_001",2028,0.0127344978606861
"Region1","OTH_ALL_BIO_001",2029,0.0141207074260426
"Region1","OTH_ALL_BIO_001",2030,0.0155308687068707
"Region1","OTH_ALL_BIO_001",2031,0.0161657100410041
"Region1","OTH_ALL_BIO_001",2032,0.016826501230123
"Region1","OTH_ALL_BIO_001",2033,0.017514302970297
"Region1","OTH_ALL_BIO_001",2034,0.0182302193719372
"Region1","OTH_ALL_BIO_001",2035,0.018975399639964
"Region1","OTH_ALL_EL_001",2018,0.00121941652900232
"Region1","OTH_ALL_EL_001",2019,0.000963638658365837
"Region1","OTH_ALL_EL_001",2020,0.000876035143914391
"Region1","OTH_ALL_EL_001",2021,0.000788431629562956
"Region1","OTH_ALL_EL_001",2022,0.000700828115111511
"Region1","OTH_ALL_EL_001",2023,0.000613224600760076
"Region1","OTH_ALL_EL_001",2024,0.000525621086308631
"Region1","OTH_ALL_EL_001",2025,0.000438017571957196
"Region1","OTH_ALL_EL_001",2026,0.000350414057605761
"Region1","OTH_ALL_EL_001",2027,0.000262810543154315
"Region1","OTH_ALL_EL_001",2028,0.00017520702880288
"Region1","OTH_ALL_EL_001",2029,8.76035143514351e-05
"Region1","OTH_ALL_EL_001",2030,0
"Region1","OTH_ALL_EL_001",2031,0
"Region1","OTH_ALL_EL_001",2032,0
"Region1","OTH_ALL_EL_001",2033,0
"Region1","OTH_ALL_EL_001",2034,0
"Region1","OTH_ALL_EL_001",2035,0
"Region1","OTH_ALL_NGS_001",2018,0
"Region1","OTH_ALL_NGS_001",2019,0
"Region1","OTH_ALL_NGS_001",2020,0
"Region1","OTH_ALL_NGS_001",2021,0
"Region1","OTH_ALL_NGS_001",2022,0
"Region1","OTH_ALL_NGS_001",2023,0
"Region1","OTH_ALL_NGS_001",2024,0
"Region1","OTH_ALL_NGS_001",2025,0
"Region1","OTH_ALL_NGS_001",2026,0
"Region1","OTH_ALL_NGS_001",2027,0
"Region1","OTH_ALL_NGS_001",2028,0
"Region1","OTH_ALL_NGS_001",2029,0
"Region1","OTH_ALL_NGS_001",2030,0
"Region1","OTH_ALL_NGS_001",2031,0
"Region1","OTH_ALL_NGS_001",2032,0
"Region1","OTH_ALL_NGS_001",2033,0
"Region1","OTH_ALL_NGS_001",2034,0
"Region1","OTH_ALL_NGS_001",2035,0
"Region1","OTH_ALL_OILPRD_001",2018,0.00855176622562256
"Region1","OTH_ALL_OILPRD_001",2019,0.00783911903990399
"Region1","OTH_ALL_OILPRD_001",2020,0.00712647185418542
"Region1","OTH_ALL_OILPRD_001",2021,0.00641382466946694
"Region1","OTH_ALL_OILPRD_001",2022,0.00570117748374837
"Region1","OTH_ALL_OILPRD_001",2023,0.0049885302980298
"Region1","OTH_ALL_OILPRD_001",2024,0.00427588311231123
"Region1","OTH_ALL_OILPRD_001",2025,0.00356323592759276
"Region1","OTH_ALL_OILPRD_001",2026,0.00285058874187419
"Region1","OTH_ALL_OILPRD_001",2027,0.00213794155615562
"Region1","OTH_ALL_OILPRD_001",2028,0.00142529437043704
"Region1","OTH_ALL_OILPRD_001",2029,0.000712647185418542
"Region1","OTH_ALL_OILPRD_001",2030,0
"Region1","OTH_ALL_OILPRD_001",2031,0
"Region1","OTH_ALL_OILPRD_001",2032,0
"Region1","OTH_ALL_OILPRD_001",2033,0
"Region1","OTH_ALL_OILPRD_001",2034,0
"Region1","OTH_ALL_OILPRD_001",2035,0
"Region1","PWR_BIO_001",2018,0
"Region1","PWR_BIO_001",2019,800
"Region1","PWR_BIO_001",2020,0
"Region1","PWR_BIO_001",2021,0
"Region1","PWR_BIO_001",2022,0
"Region1","PWR_BIO_001",2023,0
"Region1","PWR_BIO_001",2024,0
"Region1","PWR_BIO_001",2025,0
"Region1","PWR_BIO_001",2026,0
"Region1","PWR_BIO_001",2027,0
"Region1","PWR_BIO_001",2028,0
"Region1","PWR_BIO_001",2029,0
"Region1","PWR_BIO_001",2030,0
"Region1","PWR_BIO_001",2031,0
"Region1","PWR_BIO_001",2032,0
"Region1","PWR_BIO_001",2033,0
"Region1","PWR_BIO_001",2034,0
"Region1","PWR_BIO_001",2035,0
"Region1","PWR_COA_001",2018,0
"Region1","PWR_COA_001",2019,919.907999999972
"Region1","PWR_COA_001",2020,14544
"Region1","PWR_COA_001",2021,14544
"Region1","PWR_COA_001",2022,14544
"Region1","PWR_COA_001",2023,14544
"Region1","PWR_COA_001",2024,14544
"Region1","PWR_COA_001",2025,0
"Region1","PWR_COA_001",2026,9817.19999999999
"Region1","PWR_COA_001",2027,14544
"Region1","PWR_COA_001",2028,0
"Region1","PWR_COA_001",2029,0
"Region1","PWR_COA_001",2030,0
"Region1","PWR_COA_001",2031,0
"Region1","PWR_COA_001",2032,0
"Region1","PWR_COA_001",2033,0
"Region1","PWR_COA_001",2034,0
"Region1","PWR_COA_001",2035,0
"Region1","PWR_GEO_001",2018,0
"Region1","PWR_GEO_001",2019,1346.245
"Region1","PWR_GEO_001",2020,0
"Region1","PWR_GEO_001",2021,0
"Region1","PWR_GEO_001",2022,0
"Region1","PWR_GEO_001",2023,0
"Region1","PWR_GEO_001",2024,0
"Region1","PWR_GEO_001",2025,0
"Region1","PWR_GEO_001",2026,0
"Region1","PWR_GEO_001",2027,8743.89
"Region1","PWR_GEO_001",2028,0
"Region1","PWR_GEO_001",2029,0
"Region1","PWR_GEO_001",2030,0
"Region1","PWR_GEO_001",2031,0
"Region1","PWR_GEO_001",2032,0
"Region1","PWR_GEO_001",2033,0
"Region1","PWR_GEO_001",2034,0
"Region1","PWR_GEO_001",2035,0
"Region1","PWR_HYD_001",2018,0
"Region1","PWR_HYD_001",2019,0
"Region1","PWR_HYD_001",2020,0
"Region1","PWR_HYD_001",2021,0
"Region1","PWR_HYD_001",2022,0
"Region1","PWR_HYD_001",2023,0
"Region1","PWR_HYD_001",2024,4370
"Region1","PWR_HYD_001",2025,0
"Region1","PWR_HYD_001",2026,0
"Region1","PWR_HYD_001",2027,0
"Region1","PWR_HYD_001",2028,0
"Region1","PWR_HYD_001",2029,0
"Region1","PWR_HYD_001",2030,0
"Region1","PWR_HYD_001",2031,0
"Region1","PWR_HYD_001",2032,0
"Region1","PWR_HYD_001",2033,0
"Region1","PWR_HYD_001",2034,0
"Region1","PWR_HYD_001",2035,0
"Region1","PWR_NGS_001",2018,0
"Region1","PWR_NGS_001",2019,0
"Region1","PWR_NGS_001",2020,0
"Region1","PWR_NGS_001",2021,1564.8
"Region1","PWR_NGS_001",2022,3912
"Region1","PWR_NGS_001",2023,3912
"Region1","PWR_NGS_001",2024,3912
"Region1","PWR_NGS_001",2025,0
"Region1","PWR_NGS_001",2026,0
"Region1","PWR_NGS_001",2027,684.599999999997
"Region1","PWR_NGS_001",2028,0
"Region1","PWR_NGS_001",2029,1154.42305658903
"Region1","PWR_NGS_001",2030,3912
"Region1","PWR_NGS_001",2031,10210.9059505864
"Region1","PWR_NGS_001",2032,9703.53590200733
"Region1","PWR_NGS_001",2033,10442.6557545873
"Region1","PWR_NGS_001",2034,11344.6027151103
"Region1","PWR_NGS_001",2035,14530.4728492223
"Region1","PWR_OILPRD_001",2018,0
"Region1","PWR_OILPRD_001",2019,0
"Region1","PWR_OILPRD_001",2020,0
"Region1","PWR_OILPRD_001",2021,0
"Region1","PWR_OILPRD_001",2022,0
"Region1","PWR_OILPRD_001",2023,0
"Region1","PWR_OILPRD_001",2024,0
"Region1","PWR_OILPRD_001",2025,0
"Region1","PWR_OILPRD_001",2026,0
"Region1","PWR_OILPRD_001",2027,0
"Region1","PWR_OILPRD_001",2028,0
"Region1","PWR_OILPRD_001",2029,0
"Region1","PWR_OILPRD_001",2030,0
"Region1","PWR_OILPRD_001",2031,0
"Region1","PWR_OILPRD_001",2032,0
"Region1","PWR_OILPRD_001",2033,0
"Region1","PWR_OILPRD_001",2034,0
"Region1","PWR_OILPRD_001",2035,0
"Region1","PWR_OILPRD_002",2018,0
"Region1","PWR_OILPRD_002",2019,0
"Region1","PWR_OILPRD_002",2020,0
"Region1","PWR_OILPRD_002",2021,0
"Region1","PWR_OILPRD_002",2022,0
"Region1","PWR_OILPRD_002",2023,0
"Region1","PWR_OILPRD_002",2024,0
"Region1","PWR_OILPRD_002",2025,0
"Region1","PWR_OILPRD_002",2026,0
"Region1","PWR_OILPRD_002",2027,0
"Region1","PWR_OILPRD_002",2028,0
"Region1","PWR_OILPRD_002",2029,0
"Region1","PWR_OILPRD_002",2030,0
"Region1","PWR_OILPRD_002",2031,0
"Region1","PWR_OILPRD_002",2032,0
"Region1","PWR_OILPRD_002",2033,0
"Region1","PWR_OILPRD_002",2034,0
"Region1","PWR_OILPRD_002",2035,0
"Region1","PWR_OILPRD_003",2018,0
"Region1","PWR_OILPRD_003",2019,0
"Region1","PWR_OILPRD_003",2020,0
"Region1","PWR_OILPRD_003",2021,0
"Region1","PWR_OILPRD_003",2022,0
"Region1","PWR_OILPRD_003",2023,0
"Region1","PWR_OILPRD_003",2024,0
"Region1","PWR_OILPRD_003",2025,0
"Region1","PWR_OILPRD_003",2026,0
"Region1","PWR_OILPRD_003",2027,0
"Region1","PWR_OILPRD_003",2028,0
"Region1","PWR_OILPRD_003",2029,0
"Region1","PWR_OILPRD_003",2030,0
"Region1","PWR_OILPRD_003",2031,0
"Region1","PWR_OILPRD_003",2032,0
"Region1","PWR_OILPRD_003",2033,0
"Region1","PWR_OILPRD_003",2034,0
"Region1","PWR_OILPRD_003",2035,0
"Region1","PWR_SOL_002",2018,0
"Region1","PWR_SOL_002",2019,0
"Region1","PWR_SOL_002",2020,0
"Region1","PWR_SOL_002",2021,0
"Region1","PWR_SOL_002",2022,0
"Region1","PWR_SOL_002",2023,0
"Region1","PWR_SOL_002",2024,0
"Region1","PWR_SOL_002",2025,0
"Region1","PWR_SOL_002",2026,0
"Region1","PWR_SOL_002",2027,0
"Region1","PWR_SOL_002",2028,0
"Region1","PWR_SOL_002",2029,0
"Region1","PWR_SOL_002",2030,0
"Region1","PWR_SOL_002",2031,0
"Region1","PWR_SOL_002",2032,0
"Region1","PWR_SOL_002",2033,0
"Region1","PWR_SOL_002",2034,0
"Region1","PWR_SOL_002",2035,0
"Region1","PWR_SOL_003",2018,0
"Region1","PWR_SOL_003",2019,0
"Region1","PWR_SOL_003",2020,0
"Region1","PWR_SOL_003",2021,0
"Region1","PWR_SOL_003",2022,0
"Region1","PWR_SOL_003",2023,0
"Region1","PWR_SOL_003",2024,0
"Region1","PWR_SOL_003",2025,0
"Region1","PWR_SOL_003",2026,0
"Region1","PWR_SOL_003",2027,0
"Region1","PWR_SOL_003",2028,0
"Region1","PWR_SOL_003",2029,0
"Region1","PWR_SOL_003",2030,0
"Region1","PWR_SOL_003",2031,0
"Region1","PWR_SOL_003",2032,0
"Region1","PWR_SOL_003",2033,0
"Region1","PWR_SOL_003",2034,0
"Region1","PWR_SOL_003",2035,0
"Region1","PWR_SOL_E001",2018,0
"Region1","PWR_SOL_E001",2019,0
"Region1","PWR_SOL_E001",2020,95.36
"Region1","PWR_SOL_E001",2021,0
"Region1","PWR_SOL_E001",2022,0
"Region1","PWR_SOL_E001",2023,0
"Region1","PWR_SOL_E001",2024,0
"Region1","PWR_SOL_E001",2025,0
"Region1","PWR_SOL_E001",2026,0
"Region1","PWR_SOL_E001",2027,0
"Region1","PWR_SOL_E001",2028,0
"Region1","PWR_SOL_E001",2029,0
"Region1","PWR_SOL_E001",2030,0
"Region1","PWR_SOL_E001",2031,0
"Region1","PWR_SOL_E001",2032,0
"Region1","PWR_SOL_E001",2033,0
"Region1","PWR_SOL_E001",2034,0
"Region1","PWR_SOL_E001",2035,0
"Region1","PWR_TRN_001",2018,0
"Region1","PWR_TRN_001",2019,3509.90434333037
"Region1","PWR_TRN_001",2020,3053.95927836781
"Region1","PWR_TRN_001",2021,3305.67462285729
"Region1","PWR_TRN_001",2022,3576.34977244145
"Region1","PWR_TRN_001",2023,3869.37864458103
"Region1","PWR_TRN_001",2024,4184.64246648198
"Region1","PWR_TRN_001",2025,4526.26241534197
"Region1","PWR_TRN_001",2026,4894.14341297579
"Region1","PWR_TRN_001",2027,5292.07910877775
"Region1","PWR_TRN_001",2028,5722.81946687975
"Region1","PWR_TRN_001",2029,6188.07132729002
"Region1","PWR_TRN_001",2030,4856.49144329053
"Region1","PWR_TRN_001",2031,8853.95389695151
"Region1","PWR_TRN_001",2032,8410.87346032731
"Region1","PWR_TRN_001",2033,9050.92559640824
"Region1","PWR_TRN_001",2034,9744.83044002187
"Region1","PWR_TRN_001",2035,10497.2138130055
"Region1","PWR_TRN_002",2018,0
"Region1","PWR_TRN_002",2019,0
"Region1","PWR_TRN_002",2020,32.9269820324158
"Region1","PWR_TRN_002",2021,32.9269820962902
"Region1","PWR_TRN_002",2022,32.9269820324158
"Region1","PWR_TRN_002",2023,32.9269820324158
"Region1","PWR_TRN_002",2024,32.9269820324158
"Region1","PWR_TRN_002",2025,32.9269820962902
"Region1","PWR_TRN_002",2026,32.9269820324159
"Region1","PWR_TRN_002",2027,32.9269820324156
"Region1","PWR_TRN_002",2028,32.9269820962903
"Region1","PWR_TRN_002",2029,32.9269820324157
"Region1","PWR_TRN_002",2030,32.9269820324159
"Region1","PWR_TRN_002",2031,37.2612568330757
"Region1","PWR_TRN_002",2032,41.0945355078335
"Region1","PWR_TRN_002",2033,45.322165405715
"Region1","PWR_TRN_002",2034,49.9847157576248
"Region1","PWR_TRN_002",2035,55.1269294096443
"Region1","PWR_WND_E001",2018,0
"Region1","PWR_WND_E001",2019,40
"Region1","PWR_WND_E001",2020,0
"Region1","PWR_WND_E001",2021,0
"Region1","PWR_WND_E001",2022,0
"Region1","PWR_WND_E001",2023,0
"Region1","PWR_WND_E001",2024,0
"Region1","PWR_WND_E001",2025,0
"Region1","PWR_WND_E001",2026,0
"Region1","PWR_WND_E001",2027,0
"Region1","PWR_WND_E001",2028,0
"Region1","PWR_WND_E001",2029,0
"Region1","PWR_WND_E001",2030,0
"Region1","PWR_WND_E001",2031,0
"Region1","PWR_WND_E001",2032,0
"Region1","PWR_WND_E001",2033,0
"Region1","PWR_WND_E001",2034,0
"Region1","PWR_WND_E001",2035,0
"Region1","REFINERY",2018,0
"Region1","REFINERY",2019,0
"Region1","REFINERY",2020,0
"Region1","REFINERY",2021,0
"Region1","REFINERY",2022,0
"Region1","REFINERY",2023,0
"Region1","REFINERY",2024,0
"Region1","REFINERY",2025,0
"Region1","REFINERY",2026,0
"Region1","REFINERY",2027,0
"Region1","REFINERY",2028,0
"Region1","REFINERY",2029,0
"Region1","REFINERY",2030,0
"Region1","REFINERY",2031,0
"Region1","REFINERY",2032,0
"Region1","REFINERY",2033,0
"Region1","REFINERY",2034,0
"Region1","REFINERY",2035,0
"Region1","RES_COOL_001",2018,0
"Region1","RES_COOL_001",2019,0
"Region1","RES_COOL_001",2020,0
"Region1","RES_COOL_001",2021,0
"Region1","RES_COOL_001",2022,0
"Region1","RES_COOL_001",2023,0
"Region1","RES_COOL_001",2024,0
"Region1","RES_COOL_001",2025,0
"Region1","RES_COOL_001",2026,0
"Region1","RES_COOL_001",2027,0
"Region1","RES_COOL_001",2028,0
"Region1","RES_COOL_001",2029,0
"Region1","RES_COOL_001",2030,0
"Region1","RES_COOL_001",2031,0
"Region1","RES_COOL_001",2032,0
"Region1","RES_COOL_001",2033,0
"Region1","RES_COOL_001",2034,0
"Region1","RES_COOL_001",2035,0
"Region1","RES_COOL_002",2018,0
"Region1","RES_COOL_002",2019,0
"Region1","RES_COOL_002",2020,0
"Region1","RES_COOL_002",2021,0
"Region1","RES_COOL_002",2022,0
"Region1","RES_COOL_002",2023,0
"Region1","RES_COOL_002",2024,0
"Region1","RES_COOL_002",2025,0
"Region1","RES_COOL_002",2026,0
"Region1","RES_COOL_002",2027,0
"Region1","RES_COOL_002",2028,0
"Region1","RES_COOL_002",2029,0
"Region1","RES_COOL_002",2030,0
"Region1","RES_COOL_002",2031,0
"Region1","RES_COOL_002",2032,0
"Region1","RES_COOL_002",2033,0
"Region1","RES_COOL_002",2034,0
"Region1","RES_COOL_002",2035,0
"Region1","RES_CWH_BIO_001",2018,0.0411010610161016
"Region1","RES_CWH_BIO_001",2019,0
"Region1","RES_CWH_BIO_001",2020,0
"Region1","RES_CWH_BIO_001",2021,0
"Region1","RES_CWH_BIO_001",2022,0
"Region1","RES_CWH_BIO_001",2023,0
"Region1","RES_CWH_BIO_001",2024,0
"Region1","RES_CWH_BIO_001",2025,0
"Region1","RES_CWH_BIO_001",2026,0
"Region1","RES_CWH_BIO_001",2027,0
"Region1","RES_CWH_BIO_001",2028,0.00685017683568357
"Region1","RES_CWH_BIO_001",2029,0
"Region1","RES_CWH_BIO_001",2030,0
"Region1","RES_CWH_BIO_001",2031,0
"Region1","RES_CWH_BIO_001",2032,0
"Region1","RES_CWH_BIO_001",2033,0
"Region1","RES_CWH_BIO_001",2034,0
"Region1","RES_CWH_BIO_001",2035,0
"Region1","RES_CWH_EL_001",2018,0.0173818320774322
"Region1","RES_CWH_EL_001",2019,0.0165665422509218
"Region1","RES_CWH_EL_001",2020,0.013813394060358
"Region1","RES_CWH_EL_001",2021,0.0122328103910391
"Region1","RES_CWH_EL_001",2022,0.0108736092409241
"Region1","RES_CWH_EL_001",2023,0.00951440808480848
"Region1","RES_CWH_EL_001",2024,0.00815520693069307
"Region1","RES_CWH_EL_001",2025,0.00679600577557756
"Region1","RES_CWH_EL_001",2026,0.00543680462046205
"Region1","RES_CWH_EL_001",2027,0.00407760346534653
"Region1","RES_CWH_EL_001",2028,0.00271840231023102
"Region1","RES_CWH_EL_001",2029,0.00135920115511551
"Region1","RES_CWH_EL_001",2030,0
"Region1","RES_CWH_EL_001",2031,0
"Region1","RES_CWH_EL_001",2032,0
"Region1","RES_CWH_EL_001",2033,0
"Region1","RES_CWH_EL_001",2034,0
"Region1","RES_CWH_EL_001",2035,0
"Region1","RES_CWH_KER_001",2018,0.00196788688968897
"Region1","RES_CWH_KER_001",2019,0
"Region1","RES_CWH_KER_001",2020,0
"Region1","RES_CWH_KER_001",2021,0
"Region1","RES_CWH_KER_001",2022,0
"Region1","RES_CWH_KER_001",2023,0
"Region1","RES_CWH_KER_001",2024,0
"Region1","RES_CWH_KER_001",2025,0
"Region1","RES_CWH_KER_001",2026,0
"Region1","RES_CWH_KER_001",2027,0
"Region1","RES_CWH_KER_001",2028,0.000327981148314832
"Region1","RES_CWH_KER_001",2029,0
"Region1","RES_CWH_KER_001",2030,0
"Region1","RES_CWH_KER_001",2031,0
"Region1","RES_CWH_KER_001",2032,0
"Region1","RES_CWH_KER_001",2033,0
"Region1","RES_CWH_KER_001",2034,0
"Region1","RES_CWH_KER_001",2035,0
"Region1","RES_CWH_LPG_001",2018,0.017291402520252
"Region1","RES_CWH_LPG_001",2019,0
"Region1","RES_CWH_LPG_001",2020,0
"Region1","RES_CWH_LPG_001",2021,0
"Region1","RES_CWH_LPG_001",2022,0
"Region1","RES_CWH_LPG_001",2023,0
"Region1","RES_CWH_LPG_001",2024,0
"Region1","RES_CWH_LPG_001",2025,0
"Region1","RES_CWH_LPG_001",2026,0
"Region1","RES_CWH_LPG_001",2027,0
"Region1","RES_CWH_LPG_001",2028,0.002881900420042
"Region1","RES_CWH_LPG_001",2029,0
"Region1","RES_CWH_LPG_001",2030,0
"Region1","RES_CWH_LPG_001",2031,0
"Region1","RES_CWH_LPG_001",2032,0
"Region1","RES_CWH_LPG_001",2033,0
"Region1","RES_CWH_LPG_001",2034,0
"Region1","RES_CWH_LPG_001",2035,0
"Region1","RES_CWH_NGS_001",2018,4.55036908690869e-05
"Region1","RES_CWH_NGS_001",2019,0
"Region1","RES_CWH_NGS_001",2020,0
"Region1","RES_CWH_NGS_001",2021,0.00725276053955395
"Region1","RES_CWH_NGS_001",2022,0.00927011166616663
"Region1","RES_CWH_NGS_001",2023,0.0093679790289029
"Region1","RES_CWH_NGS_001",2024,0.00946917103660364
"Region1","RES_CWH_NGS_001",2025,0.00957380068516852
"Region1","RES_CWH_NGS_001",2026,0.00968198474357435
"Region1","RES_CWH_NGS_001",2027,0.00979384401950197
"Region1","RES_CWH_NGS_001",2028,0.00995500677817781
"Region1","RES_CWH_NGS_001",2029,0.0100290915432543
"Region1","RES_CWH_NGS_001",2030,0.0101527424083409
"Region1","RES_CWH_NGS_001",2031,0.0111441239758975
"Region1","RES_CWH_NGS_001",2032,0.0132936699219924
"Region1","RES_CWH_NGS_001",2033,0.0135282229532953
"Region1","RES_CWH_NGS_001",2034,0.0137707437938794
"Region1","RES_CWH_NGS_001",2035,0.0140215036554655
"Region1","RES_CWH_SOLAR",2018,0
"Region1","RES_CWH_SOLAR",2019,8560.85923337386
"Region1","RES_CWH_SOLAR",2020,8645.08149825635
"Region1","RES_CWH_SOLAR",2021,1821.83723642535
"Region1","RES_CWH_SOLAR",2022,0
"Region1","RES_CWH_SOLAR",2023,0
"Region1","RES_CWH_SOLAR",2024,0
"Region1","RES_CWH_SOLAR",2025,0
"Region1","RES_CWH_SOLAR",2026,0
"Region1","RES_CWH_SOLAR",2027,0
"Region1","RES_CWH_SOLAR",2028,0
"Region1","RES_CWH_SOLAR",2029,8560.85923337386
"Region1","RES_CWH_SOLAR",2030,8645.08149825635
"Region1","RES_CWH_SOLAR",2031,1821.83723642534
"Region1","RES_CWH_SOLAR",2032,0
"Region1","RES_CWH_SOLAR",2033,0
"Region1","RES_CWH_SOLAR",2034,0
"Region1","RES_CWH_SOLAR",2035,0
"Region1","RES_EE_COOL",2018,0
"Region1","RES_EE_COOL",2019,0
"Region1","RES_EE_COOL",2020,0
"Region1","RES_EE_COOL",2021,0
"Region1","RES_EE_COOL",2022,0
"Region1","RES_EE_COOL",2023,0
"Region1","RES_EE_COOL",2024,0
"Region1","RES_EE_COOL",2025,0
"Region1","RES_EE_COOL",2026,0
"Region1","RES_EE_COOL",2027,0
"Region1","RES_EE_COOL",2028,0
"Region1","RES_EE_COOL",2029,0
"Region1","RES_EE_COOL",2030,0
"Region1","RES_EE_COOL",2031,0
"Region1","RES_EE_COOL",2032,0
"Region1","RES_EE_COOL",2033,0
"Region1","RES_EE_COOL",2034,0
"Region1","RES_EE_COOL",2035,0
"Region1","RES_EE_ELC",2018,0
"Region1","RES_EE_ELC",2019,0
"Region1","RES_EE_ELC",2020,0.0123506994851342
"Region1","RES_EE_ELC",2021,0.00601036014922504
"Region1","RES_EE_ELC",2022,0.00458498441018403
"Region1","RES_EE_ELC",2023,0.00415317883317887
"Region1","RES_EE_ELC",2024,0.00609441197050141
"Region1","RES_EE_ELC",2025,0.00574099998872587
"Region1","RES_EE_ELC",2026,0.00620943333647772
"Region1","RES_EE_ELC",2027,0.0062431034524245
"Region1","RES_EE_ELC",2028,0.00754405606418717
"Region1","RES_EE_ELC",2029,0.00775897303266393
"Region1","RES_EE_ELC",2030,0.0105157435427051
"Region1","RES_EE_ELC",2031,0.00925293229901274
"Region1","RES_EE_ELC",2032,0.009571007371489
"Region1","RES_EE_ELC",2033,0.0110479843985433
"Region1","RES_EE_ELC",2034,0.0126223517873871
"Region1","RES_EE_ELC",2035,0.0126959299413997
"Region1","RES_EL_APP_001",2018,0.0414122552574329
"Region1","RES_EL_APP_001",2019,0.00426033357505438
"Region1","RES_EL_APP_001",2020,0
"Region1","RES_EL_APP_001",2021,0
"Region1","RES_EL_APP_001",2022,0
"Region1","RES_EL_APP_001",2023,0
"Region1","RES_EL_APP_001",2024,0
"Region1","RES_EL_APP_001",2025,0
"Region1","RES_EL_APP_001",2026,0.00174186298604131
"Region1","RES_EL_APP_001",2027,0.00410945846411446
"Region1","RES_EL_APP_001",2028,0.0467424498906505
"Region1","RES_EL_APP_001",2029,0.0104328835936693
"Region1","RES_EL_APP_001",2030,0.00380312037136847
"Region1","RES_EL_APP_001",2031,0.00826508561383367
"Region1","RES_EL_APP_001",2032,0.0101077681975198
"Region1","RES_EL_APP_001",2033,0.0118682822038977
"Region1","RES_EL_APP_001",2034,0.0137478659210342
"Region1","RES_EL_APP_001",2035,0.0186964690466981
"Region1","RES_EL_APP_002",2018,0
"Region1","RES_EL_APP_002",2019,0
"Region1","RES_EL_APP_002",2020,9.34546774836838e-05
"Region1","RES_EL_APP_002",2021,0.000186909355148658
"Region1","RES_EL_APP_002",2022,0.000280364032632342
"Region1","RES_EL_APP_002",2023,0.000373818710116026
"Region1","RES_EL_APP_002",2024,0.00046727338759971
"Region1","RES_EL_APP_002",2025,0.000560728065264685
"Region1","RES_EL_APP_002",2026,0.000654182742748369
"Region1","RES_EL_APP_002",2027,0.000747637420232052
"Region1","RES_EL_APP_002",2028,0.000841092097897027
"Region1","RES_EL_APP_002",2029,0.000934546775380711
"Region1","RES_EL_APP_002",2030,0.00102800145286439
"Region1","RES_EL_APP_002",2031,0.0011337578424583
"Region1","RES_EL_APP_002",2032,0.00125039399691806
"Region1","RES_EL_APP_002",2033,0.00137902917965917
"Region1","RES_EL_APP_002",2034,0.00152089779931109
"Region1","RES_EL_APP_002",2035,0.00167736125543872
"Region1","TRA_BUS_BIODSL_001",2018,105.64403920392
"Region1","TRA_BUS_BIODSL_001",2019,0
"Region1","TRA_BUS_BIODSL_001",2020,0
"Region1","TRA_BUS_BIODSL_001",2021,0
"Region1","TRA_BUS_BIODSL_001",2022,0
"Region1","TRA_BUS_BIODSL_001",2023,0
"Region1","TRA_BUS_BIODSL_001",2024,0
"Region1","TRA_BUS_BIODSL_001",2025,0
"Region1","TRA_BUS_BIODSL_001",2026,0
"Region1","TRA_BUS_BIODSL_001",2027,0
"Region1","TRA_BUS_BIODSL_001",2028,72.6302769576958
"Region1","TRA_BUS_BIODSL_001",2029,0
"Region1","TRA_BUS_BIODSL_001",2030,0
"Region1","TRA_BUS_BIODSL_001",2031,0
"Region1","TRA_BUS_BIODSL_001",2032,0
"Region1","TRA_BUS_BIODSL_001",2033,0
"Region1","TRA_BUS_BIODSL_001",2034,0
"Region1","TRA_BUS_BIODSL_001",2035,0
"Region1","TRA_BUS_DSL_001",2018,62.0449119211921
"Region1","TRA_BUS_DSL_001",2019,0
"Region1","TRA_BUS_DSL_001",2020,0
"Region1","TRA_BUS_DSL_001",2021,0
"Region1","TRA_BUS_DSL_001",2022,0
"Region1","TRA_BUS_DSL_001",2023,0
"Region1","TRA_BUS_DSL_001",2024,0
"Region1","TRA_BUS_DSL_001",2025,0
"Region1","TRA_BUS_DSL_001",2026,0
"Region1","TRA_BUS_DSL_001",2027,0
"Region1","TRA_BUS_DSL_001",2028,42.6558769376938
"Region1","TRA_BUS_DSL_001",2029,0
"Region1","TRA_BUS_DSL_001",2030,0
"Region1","TRA_BUS_DSL_001",2031,0
"Region1","TRA_BUS_DSL_001",2032,0
"Region1","TRA_BUS_DSL_001",2033,0
"Region1","TRA_BUS_DSL_001",2034,0
"Region1","TRA_BUS_DSL_001",2035,0
"Region1","TRA_BUS_ELC_001",2018,1.16051601455543e-06
"Region1","TRA_BUS_ELC_001",2019,22.8599821627164
"Region1","TRA_BUS_ELC_001",2020,23.5197701125114
"Region1","TRA_BUS_ELC_001",2021,24.2110636608658
"Region1","TRA_BUS_ELC_001",2022,24.9353666921691
"Region1","TRA_BUS_ELC_001",2023,25.6942557609762
"Region1","TRA_BUS_ELC_001",2024,26.4893824027403
"Region1","TRA_BUS_ELC_001",2025,27.3224768931895
"Region1","TRA_BUS_ELC_001",2026,28.1953521897188
"Region1","TRA_BUS_ELC_001",2027,29.1099078462845
"Region1","TRA_BUS_ELC_001",2028,30.0681354184419
"Region1","TRA_BUS_ELC_001",2029,53.9320988297832
"Region1","TRA_BUS_ELC_001",2030,43.9953207272042
"Region1","TRA_BUS_ELC_001",2031,69.0857459692654
"Region1","TRA_BUS_ELC_001",2032,59.3163417346734
"Region1","TRA_BUS_ELC_001",2033,61.2851543059608
"Region1","TRA_BUS_ELC_001",2034,63.3479792274328
"Region1","TRA_BUS_ELC_001",2035,65.5093053107312
"Region1","TRA_BUS_NGS_001",2018,0
"Region1","TRA_BUS_NGS_001",2019,0
"Region1","TRA_BUS_NGS_001",2020,0
"Region1","TRA_BUS_NGS_001",2021,0
"Region1","TRA_BUS_NGS_001",2022,0
"Region1","TRA_BUS_NGS_001",2023,0
"Region1","TRA_BUS_NGS_001",2024,0
"Region1","TRA_BUS_NGS_001",2025,0
"Region1","TRA_BUS_NGS_001",2026,0
"Region1","TRA_BUS_NGS_001",2027,0
"Region1","TRA_BUS_NGS_001",2028,0
"Region1","TRA_BUS_NGS_001",2029,0
"Region1","TRA_BUS_NGS_001",2030,0
"Region1","TRA_BUS_NGS_001",2031,0
"Region1","TRA_BUS_NGS_001",2032,0
"Region1","TRA_BUS_NGS_001",2033,0
"Region1","TRA_BUS_NGS_001",2034,0
"Region1","TRA_BUS_NGS_001",2035,0
"Region1","TRA_CAR_BIODSL_001",2018,1.6445947804781
"Region1","TRA_CAR_BIODSL_001",2019,0
"Region1","TRA_CAR_BIODSL_001",2020,0
"Region1","TRA_CAR_BIODSL_001",2021,0
"Region1","TRA_CAR_BIODSL_001",2022,0
"Region1","TRA_CAR_BIODSL_001",2023,0
"Region1","TRA_CAR_BIODSL_001",2024,0
"Region1","TRA_CAR_BIODSL_001",2025,0
"Region1","TRA_CAR_BIODSL_001",2026,0
"Region1","TRA_CAR_BIODSL_001",2027,0
"Region1","TRA_CAR_BIODSL_001",2028,1.13065891189119
"Region1","TRA_CAR_BIODSL_001",2029,0
"Region1","TRA_CAR_BIODSL_001",2030,0
"Region1","TRA_CAR_BIODSL_001",2031,0
"Region1","TRA_CAR_BIODSL_001",2032,0
"Region1","TRA_CAR_BIODSL_001",2033,0
"Region1","TRA_CAR_BIODSL_001",2034,0
"Region1","TRA_CAR_BIODSL_001",2035,0
"Region1","TRA_CAR_BIOGSL_001",2018,0
"Region1","TRA_CAR_BIOGSL_001",2019,0
"Region1","TRA_CAR_BIOGSL_001",2020,0
"Region1","TRA_CAR_BIOGSL_001",2021,0
"Region1","TRA_CAR_BIOGSL_001",2022,0
"Region1","TRA_CAR_BIOGSL_001",2023,0
"Region1","TRA_CAR_BIOGSL_001",2024,0
"Region1","TRA_CAR_BIOGSL_001",2025,0
"Region1","TRA_CAR_BIOGSL_001",2026,0
"Region1","TRA_CAR_BIOGSL_001",2027,0
"Region1","TRA_CAR_BIOGSL_001",2028,0
"Region1","TRA_CAR_BIOGSL_001",2029,0
"Region1","TRA_CAR_BIOGSL_001",2030,0
"Region1","TRA_CAR_BIOGSL_001",2031,0
"Region1","TRA_CAR_BIOGSL_001",2032,0
"Region1","TRA_CAR_BIOGSL_001",2033,0
"Region1","TRA_CAR_BIOGSL_001",2034,0
"Region1","TRA_CAR_BIOGSL_001",2035,0
"Region1","TRA_CAR_DSL_001",2018,0.182732753375338
"Region1","TRA_CAR_DSL_001",2019,0
"Region1","TRA_CAR_DSL_001",2020,0
"Region1","TRA_CAR_DSL_001",2021,0
"Region1","TRA_CAR_DSL_001",2022,0
"Region1","TRA_CAR_DSL_001",2023,0
"Region1","TRA_CAR_DSL_001",2024,0
"Region1","TRA_CAR_DSL_001",2025,0
"Region1","TRA_CAR_DSL_001",2026,0
"Region1","TRA_CAR_DSL_001",2027,0
"Region1","TRA_CAR_DSL_001",2028,0.125628767976798
"Region1","TRA_CAR_DSL_001",2029,0
"Region1","TRA_CAR_DSL_001",2030,0
"Region1","TRA_CAR_DSL_001",2031,0
"Region1","TRA_CAR_DSL_001",2032,0
"Region1","TRA_CAR_DSL_001",2033,0
"Region1","TRA_CAR_DSL_001",2034,0
"Region1","TRA_CAR_DSL_001",2035,0
"Region1","TRA_CAR_ELC_001",2018,0
"Region1","TRA_CAR_ELC_001",2019,0
"Region1","TRA_CAR_ELC_001",2020,0
"Region1","TRA_CAR_ELC_001",2021,0
"Region1","TRA_CAR_ELC_001",2022,0
"Region1","TRA_CAR_ELC_001",2023,0
"Region1","TRA_CAR_ELC_001",2024,0
"Region1","TRA_CAR_ELC_001",2025,0
"Region1","TRA_CAR_ELC_001",2026,0
"Region1","TRA_CAR_ELC_001",2027,0
"Region1","TRA_CAR_ELC_001",2028,0
"Region1","TRA_CAR_ELC_001",2029,0
"Region1","TRA_CAR_ELC_001",2030,0
"Region1","TRA_CAR_ELC_001",2031,0
"Region1","TRA_CAR_ELC_001",2032,0
"Region1","TRA_CAR_ELC_001",2033,0
"Region1","TRA_CAR_ELC_001",2034,0
"Region1","TRA_CAR_ELC_001",2035,0
"Region1","TRA_CAR_GSL_001",2018,34.7192231423142
"Region1","TRA_CAR_GSL_001",2019,0
"Region1","TRA_CAR_GSL_001",2020,0
"Region1","TRA_CAR_GSL_001",2021,0
"Region1","TRA_CAR_GSL_001",2022,0
"Region1","TRA_CAR_GSL_001",2023,0
"Region1","TRA_CAR_GSL_001",2024,0
"Region1","TRA_CAR_GSL_001",2025,0
"Region1","TRA_CAR_GSL_001",2026,0
"Region1","TRA_CAR_GSL_001",2027,0
"Region1","TRA_CAR_GSL_001",2028,23.8694659165917
"Region1","TRA_CAR_GSL_001",2029,0
"Region1","TRA_CAR_GSL_001",2030,0
"Region1","TRA_CAR_GSL_001",2031,0
"Region1","TRA_CAR_GSL_001",2032,0
"Region1","TRA_CAR_GSL_001",2033,0
"Region1","TRA_CAR_GSL_001",2034,0
"Region1","TRA_CAR_GSL_001",2035,0
"Region1","TRA_CAR_HYB_001",2018,0
"Region1","TRA_CAR_HYB_001",2019,0
"Region1","TRA_CAR_HYB_001",2020,0
"Region1","TRA_CAR_HYB_001",2021,0
"Region1","TRA_CAR_HYB_001",2022,0
"Region1","TRA_CAR_HYB_001",2023,0
"Region1","TRA_CAR_HYB_001",2024,0
"Region1","TRA_CAR_HYB_001",2025,0
"Region1","TRA_CAR_HYB_001",2026,0
"Region1","TRA_CAR_HYB_001",2027,0
"Region1","TRA_CAR_HYB_001",2028,0
"Region1","TRA_CAR_HYB_001",2029,0
"Region1","TRA_CAR_HYB_001",2030,0
"Region1","TRA_CAR_HYB_001",2031,0
"Region1","TRA_CAR_HYB_001",2032,0
"Region1","TRA_CAR_HYB_001",2033,0
"Region1","TRA_CAR_HYB_001",2034,0
"Region1","TRA_CAR_HYB_001",2035,0
"Region1","TRA_CAR_NGS_001",2018,0
"Region1","TRA_CAR_NGS_001",2019,0
"Region1","TRA_CAR_NGS_001",2020,0
"Region1","TRA_CAR_NGS_001",2021,0
"Region1","TRA_CAR_NGS_001",2022,0
"Region1","TRA_CAR_NGS_001",2023,0
"Region1","TRA_CAR_NGS_001",2024,0
"Region1","TRA_CAR_NGS_001",2025,0
"Region1","TRA_CAR_NGS_001",2026,0
"Region1","TRA_CAR_NGS_001",2027,0
"Region1","TRA_CAR_NGS_001",2028,0
"Region1","TRA_CAR_NGS_001",2029,0
"Region1","TRA_CAR_NGS_001",2030,11.6484892337919
"Region1","TRA_CAR_NGS_001",2031,0
"Region1","TRA_CAR_NGS_001",2032,0
"Region1","TRA_CAR_NGS_001",2033,0
"Region1","TRA_CAR_NGS_001",2034,0
"Region1","TRA_CAR_NGS_001",2035,0
"Region1","TRA_MCY_001",2018,82.3827456645665
"Region1","TRA_MCY_001",2019,0
"Region1","TRA_MCY_001",2020,0
"Region1","TRA_MCY_001",2021,0
"Region1","TRA_MCY_001",2022,0
"Region1","TRA_MCY_001",2023,0
"Region1","TRA_MCY_001",2024,0
"Region1","TRA_MCY_001",2025,0
"Region1","TRA_MCY_001",2026,0
"Region1","TRA_MCY_001",2027,0
"Region1","TRA_MCY_001",2028,56.6381376437644
"Region1","TRA_MCY_001",2029,0
"Region1","TRA_MCY_001",2030,0
"Region1","TRA_MCY_001",2031,0
"Region1","TRA_MCY_001",2032,0
"Region1","TRA_MCY_001",2033,0
"Region1","TRA_MCY_001",2034,0
"Region1","TRA_MCY_001",2035,0
"Region1","TRA_MCY_BIOGSL_001",2018,0
"Region1","TRA_MCY_BIOGSL_001",2019,0
"Region1","TRA_MCY_BIOGSL_001",2020,0
"Region1","TRA_MCY_BIOGSL_001",2021,0
"Region1","TRA_MCY_BIOGSL_001",2022,0
"Region1","TRA_MCY_BIOGSL_001",2023,0
"Region1","TRA_MCY_BIOGSL_001",2024,0
"Region1","TRA_MCY_BIOGSL_001",2025,0
"Region1","TRA_MCY_BIOGSL_001",2026,0
"Region1","TRA_MCY_BIOGSL_001",2027,0
"Region1","TRA_MCY_BIOGSL_001",2028,0
"Region1","TRA_MCY_BIOGSL_001",2029,0
"Region1","TRA_MCY_BIOGSL_001",2030,0
"Region1","TRA_MCY_BIOGSL_001",2031,0
"Region1","TRA_MCY_BIOGSL_001",2032,0
"Region1","TRA_MCY_BIOGSL_001",2033,0
"Region1","TRA_MCY_BIOGSL_001",2034,0
"Region1","TRA_MCY_BIOGSL_001",2035,0
"Region1","TRA_MCY_EL_001",2018,0
"Region1","TRA_MCY_EL_001",2019,0
"Region1","TRA_MCY_EL_001",2020,0
"Region1","TRA_MCY_EL_001",2021,0
"Region1","TRA_MCY_EL_001",2022,0
"Region1","TRA_MCY_EL_001",2023,0
"Region1","TRA_MCY_EL_001",2024,0
"Region1","TRA_MCY_EL_001",2025,0
"Region1","TRA_MCY_EL_001",2026,0
"Region1","TRA_MCY_EL_001",2027,0
"Region1","TRA_MCY_EL_001",2028,0
"Region1","TRA_MCY_EL_001",2029,0
"Region1","TRA_MCY_EL_001",2030,0
"Region1","TRA_MCY_EL_001",2031,0
"Region1","TRA_MCY_EL_001",2032,0
"Region1","TRA_MCY_EL_001",2033,0
"Region1","TRA_MCY_EL_001",2034,0
"Region1","TRA_MCY_EL_001",2035,0
"Region1","TRA_PLANE_FREIGHT_001",2018,0.118371301730173
"Region1","TRA_PLANE_FREIGHT_001",2019,0.00780777107710771
"Region1","TRA_PLANE_FREIGHT_001",2020,0.00832277167716768
"Region1","TRA_PLANE_FREIGHT_001",2021,0.00887174167416741
"Region1","TRA_PLANE_FREIGHT_001",2022,0.00945692169216925
"Region1","TRA_PLANE_FREIGHT_001",2023,0.010080700270027
"Region1","TRA_PLANE_FREIGHT_001",2024,0.0107456233623362
"Region1","TRA_PLANE_FREIGHT_001",2025,0.011454404540454
"Region1","TRA_PLANE_FREIGHT_001",2026,0.0122099371937194
"Region1","TRA_PLANE_FREIGHT_001",2027,0.013015304530453
"Region1","TRA_PLANE_FREIGHT_001",2028,0.132245095809581
"Region1","TRA_PLANE_FREIGHT_001",2029,0.0225966805680569
"Region1","TRA_PLANE_FREIGHT_001",2030,0.0240871577157716
"Region1","TRA_PLANE_FREIGHT_001",2031,0.0256759465946593
"Region1","TRA_PLANE_FREIGHT_001",2032,0.0273695319531954
"Region1","TRA_PLANE_FREIGHT_001",2033,0.0291748262826284
"Region1","TRA_PLANE_FREIGHT_001",2034,0.031099197919792
"Region1","TRA_PLANE_FREIGHT_001",2035,0.0331505009500949
"Region1","TRA_PLANE_FREIGHT_BIO_001",2018,0
"Region1","TRA_PLANE_FREIGHT_BIO_001",2019,0
"Region1","TRA_PLANE_FREIGHT_BIO_001",2020,0
"Region1","TRA_PLANE_FREIGHT_BIO_001",2021,0
"Region1","TRA_PLANE_FREIGHT_BIO_001",2022,0
"Region1","TRA_PLANE_FREIGHT_BIO_001",2023,0
"Region1","TRA_PLANE_FREIGHT_BIO_001",2024,0
"Region1","TRA_PLANE_FREIGHT_BIO_001",2025,0
"Region1","TRA_PLANE_FREIGHT_BIO_001",2026,0
"Region1","TRA_PLANE_FREIGHT_BIO_001",2027,0
"Region1","TRA_PLANE_FREIGHT_BIO_001",2028,0
"Region1","TRA_PLANE_FREIGHT_BIO_001",2029,0
"Region1","TRA_PLANE_FREIGHT_BIO_001",2030,0
"Region1","TRA_PLANE_FREIGHT_BIO_001",2031,0
"Region1","TRA_PLANE_FREIGHT_BIO_001",2032,0
"Region1","TRA_PLANE_FREIGHT_BIO_001",2033,0
"Region1","TRA_PLANE_FREIGHT_BIO_001",2034,0
"Region1","TRA_PLANE_FREIGHT_BIO_001",2035,0
"Region1","TRA_PLANE_PSNG_001",2018,12.2140257025703
"Region1","TRA_PLANE_PSNG_001",2019,0.793646624662465
"Region1","TRA_PLANE_PSNG_001",2020,0.845216431643159
"Region1","TRA_PLANE_PSNG_001",2021,0.900137163716374
"Region1","TRA_PLANE_PSNG_001",2022,0.958626542654264
"Region1","TRA_PLANE_PSNG_001",2023,1.02091647164717
"Region1","TRA_PLANE_PSNG_001",2024,1.08725387538753
"Region1","TRA_PLANE_PSNG_001",2025,1.15790180018002
"Region1","TRA_PLANE_PSNG_001",2026,1.2331402840284
"Region1","TRA_PLANE_PSNG_001",2027,1.31326763676367
"Region1","TRA_PLANE_PSNG_001",2028,13.6126272427243
"Region1","TRA_PLANE_PSNG_001",2029,2.28312692269226
"Region1","TRA_PLANE_PSNG_001",2030,2.4314806180618
"Region1","TRA_PLANE_PSNG_001",2031,2.58947409740973
"Region1","TRA_PLANE_PSNG_001",2032,2.75773372337234
"Region1","TRA_PLANE_PSNG_001",2033,2.93692658265828
"Region1","TRA_PLANE_PSNG_001",2034,3.12776306630663
"Region1","TRA_PLANE_PSNG_001",2035,3.33099979997999
"Region1","TRA_PLANE_PSNG_BIO_001",2018,0
"Region1","TRA_PLANE_PSNG_BIO_001",2019,0
"Region1","TRA_PLANE_PSNG_BIO_001",2020,0
"Region1","TRA_PLANE_PSNG_BIO_001",2021,0
"Region1","TRA_PLANE_PSNG_BIO_001",2022,0
"Region1","TRA_PLANE_PSNG_BIO_001",2023,0
"Region1","TRA_PLANE_PSNG_BIO_001",2024,0
"Region1","TRA_PLANE_PSNG_BIO_001",2025,0
"Region1","TRA_PLANE_PSNG_BIO_001",2026,0
"Region1","TRA_PLANE_PSNG_BIO_001",2027,0
"Region1","TRA_PLANE_PSNG_BIO_001",2028,0
"Region1","TRA_PLANE_PSNG_BIO_001",2029,0
"Region1","TRA_PLANE_PSNG_BIO_001",2030,0
"Region1","TRA_PLANE_PSNG_BIO_001",2031,0
"Region1","TRA_PLANE_PSNG_BIO_001",2032,0
"Region1","TRA_PLANE_PSNG_BIO_001",2033,0
"Region1","TRA_PLANE_PSNG_BIO_001",2034,0
"Region1","TRA_PLANE_PSNG_BIO_001",2035,0
"Region1","TRA_RLW_FREIGHT_BIODSL_001",2018,0
"Region1","TRA_RLW_FREIGHT_BIODSL_001",2019,4.11376694260466
"Region1","TRA_RLW_FREIGHT_BIODSL_001",2020,4.48484095001993
"Region1","TRA_RLW_FREIGHT_BIODSL_001",2021,4.90417579374405
"Region1","TRA_RLW_FREIGHT_BIODSL_001",2022,4.64405550025002
"Region1","TRA_RLW_FREIGHT_BIODSL_001",2023,4.71937139173918
"Region1","TRA_RLW_FREIGHT_BIODSL_001",2024,4.79704456915691
"Region1","TRA_RLW_FREIGHT_BIODSL_001",2025,4.87714881958198
"Region1","TRA_RLW_FREIGHT_BIODSL_001",2026,4.95976019061908
"Region1","TRA_RLW_FREIGHT_BIODSL_001",2027,5.04495719041901
"Region1","TRA_RLW_FREIGHT_BIODSL_001",2028,5.13282071677175
"Region1","TRA_RLW_FREIGHT_BIODSL_001",2029,9.33720120066041
"Region1","TRA_RLW_FREIGHT_BIODSL_001",2030,9.80172482307725
"Region1","TRA_RLW_FREIGHT_BIODSL_001",2031,10.2418794741121
"Region1","TRA_RLW_FREIGHT_BIODSL_001",2032,10.081149929693
"Region1","TRA_RLW_FREIGHT_BIODSL_001",2033,10.2589675713571
"Region1","TRA_RLW_FREIGHT_BIODSL_001",2034,10.442350309731
"Region1","TRA_RLW_FREIGHT_BIODSL_001",2035,10.6314730720072
"Region1","TRA_RLW_FREIGHT_DSL_001",2018,0.906655561556156
"Region1","TRA_RLW_FREIGHT_DSL_001",2019,0
"Region1","TRA_RLW_FREIGHT_DSL_001",2020,0
"Region1","TRA_RLW_FREIGHT_DSL_001",2021,0
"Region1","TRA_RLW_FREIGHT_DSL_001",2022,0
"Region1","TRA_RLW_FREIGHT_DSL_001",2023,0
"Region1","TRA_RLW_FREIGHT_DSL_001",2024,0
"Region1","TRA_RLW_FREIGHT_DSL_001",2025,0
"Region1","TRA_RLW_FREIGHT_DSL_001",2026,0
"Region1","TRA_RLW_FREIGHT_DSL_001",2027,0
"Region1","TRA_RLW_FREIGHT_DSL_001",2028,0.151109260226023
"Region1","TRA_RLW_FREIGHT_DSL_001",2029,0
"Region1","TRA_RLW_FREIGHT_DSL_001",2030,0
"Region1","TRA_RLW_FREIGHT_DSL_001",2031,0
"Region1","TRA_RLW_FREIGHT_DSL_001",2032,0
"Region1","TRA_RLW_FREIGHT_DSL_001",2033,0
"Region1","TRA_RLW_FREIGHT_DSL_001",2034,0
"Region1","TRA_RLW_FREIGHT_DSL_001",2035,0
"Region1","TRA_RLW_FREIGHT_ELC_001",2018,0
"Region1","TRA_RLW_FREIGHT_ELC_001",2019,0
"Region1","TRA_RLW_FREIGHT_ELC_001",2020,0
"Region1","TRA_RLW_FREIGHT_ELC_001",2021,0
"Region1","TRA_RLW_FREIGHT_ELC_001",2022,0
"Region1","TRA_RLW_FREIGHT_ELC_001",2023,0
"Region1","TRA_RLW_FREIGHT_ELC_001",2024,0
"Region1","TRA_RLW_FREIGHT_ELC_001",2025,0
"Region1","TRA_RLW_FREIGHT_ELC_001",2026,0
"Region1","TRA_RLW_FREIGHT_ELC_001",2027,0
"Region1","TRA_RLW_FREIGHT_ELC_001",2028,0
"Region1","TRA_RLW_FREIGHT_ELC_001",2029,0
"Region1","TRA_RLW_FREIGHT_ELC_001",2030,0
"Region1","TRA_RLW_FREIGHT_ELC_001",2031,0
"Region1","TRA_RLW_FREIGHT_ELC_001",2032,0
"Region1","TRA_RLW_FREIGHT_ELC_001",2033,0
"Region1","TRA_RLW_FREIGHT_ELC_001",2034,0
"Region1","TRA_RLW_FREIGHT_ELC_001",2035,0
"Region1","TRA_RLW_PSNG_BIODSL_001",2018,0
"Region1","TRA_RLW_PSNG_BIODSL_001",2019,0
"Region1","TRA_RLW_PSNG_BIODSL_001",2020,0
"Region1","TRA_RLW_PSNG_BIODSL_001",2021,0
"Region1","TRA_RLW_PSNG_BIODSL_001",2022,0
"Region1","TRA_RLW_PSNG_BIODSL_001",2023,0
"Region1","TRA_RLW_PSNG_BIODSL_001",2024,0
"Region1","TRA_RLW_PSNG_BIODSL_001",2025,0
"Region1","TRA_RLW_PSNG_BIODSL_001",2026,0
"Region1","TRA_RLW_PSNG_BIODSL_001",2027,0
"Region1","TRA_RLW_PSNG_BIODSL_001",2028,0
"Region1","TRA_RLW_PSNG_BIODSL_001",2029,0
"Region1","TRA_RLW_PSNG_BIODSL_001",2030,0
"Region1","TRA_RLW_PSNG_BIODSL_001",2031,0
"Region1","TRA_RLW_PSNG_BIODSL_001",2032,0
"Region1","TRA_RLW_PSNG_BIODSL_001",2033,0
"Region1","TRA_RLW_PSNG_BIODSL_001",2034,0
"Region1","TRA_RLW_PSNG_BIODSL_001",2035,0
"Region1","TRA_RLW_PSNG_DSL_001",2018,0.741432798779878
"Region1","TRA_RLW_PSNG_DSL_001",2019,0
"Region1","TRA_RLW_PSNG_DSL_001",2020,0
"Region1","TRA_RLW_PSNG_DSL_001",2021,0
"Region1","TRA_RLW_PSNG_DSL_001",2022,0
"Region1","TRA_RLW_PSNG_DSL_001",2023,0
"Region1","TRA_RLW_PSNG_DSL_001",2024,0
"Region1","TRA_RLW_PSNG_DSL_001",2025,0
"Region1","TRA_RLW_PSNG_DSL_001",2026,0
"Region1","TRA_RLW_PSNG_DSL_001",2027,0
"Region1","TRA_RLW_PSNG_DSL_001",2028,0.509735049104911
"Region1","TRA_RLW_PSNG_DSL_001",2029,0
"Region1","TRA_RLW_PSNG_DSL_001",2030,0
"Region1","TRA_RLW_PSNG_DSL_001",2031,0
"Region1","TRA_RLW_PSNG_DSL_001",2032,0
"Region1","TRA_RLW_PSNG_DSL_001",2033,0
"Region1","TRA_RLW_PSNG_DSL_001",2034,0
"Region1","TRA_RLW_PSNG_DSL_001",2035,0
"Region1","TRA_RLW_PSNG_ELC_001",2018,2.00461460446045
"Region1","TRA_RLW_PSNG_ELC_001",2019,0
"Region1","TRA_RLW_PSNG_ELC_001",2020,0
"Region1","TRA_RLW_PSNG_ELC_001",2021,0
"Region1","TRA_RLW_PSNG_ELC_001",2022,0
"Region1","TRA_RLW_PSNG_ELC_001",2023,0
"Region1","TRA_RLW_PSNG_ELC_001",2024,0
"Region1","TRA_RLW_PSNG_ELC_001",2025,0
"Region1","TRA_RLW_PSNG_ELC_001",2026,0
"Region1","TRA_RLW_PSNG_ELC_001",2027,0
"Region1","TRA_RLW_PSNG_ELC_001",2028,1.37817254025403
"Region1","TRA_RLW_PSNG_ELC_001",2029,0
"Region1","TRA_RLW_PSNG_ELC_001",2030,0
"Region1","TRA_RLW_PSNG_ELC_001",2031,0
"Region1","TRA_RLW_PSNG_ELC_001",2032,0
"Region1","TRA_RLW_PSNG_ELC_001",2033,0
"Region1","TRA_RLW_PSNG_ELC_001",2034,0
"Region1","TRA_RLW_PSNG_ELC_001",2035,0
"Region1","TRA_SHIP_FREIGHT_001",2018,82.0403344534454
"Region1","TRA_SHIP_FREIGHT_001",2019,0
"Region1","TRA_SHIP_FREIGHT_001",2020,0
"Region1","TRA_SHIP_FREIGHT_001",2021,0
"Region1","TRA_SHIP_FREIGHT_001",2022,0
"Region1","TRA_SHIP_FREIGHT_001",2023,0
"Region1","TRA_SHIP_FREIGHT_001",2024,0
"Region1","TRA_SHIP_FREIGHT_001",2025,0
"Region1","TRA_SHIP_FREIGHT_001",2026,0
"Region1","TRA_SHIP_FREIGHT_001",2027,0
"Region1","TRA_SHIP_FREIGHT_001",2028,56.4027299329933
"Region1","TRA_SHIP_FREIGHT_001",2029,0
"Region1","TRA_SHIP_FREIGHT_001",2030,0
"Region1","TRA_SHIP_FREIGHT_001",2031,0
"Region1","TRA_SHIP_FREIGHT_001",2032,0
"Region1","TRA_SHIP_FREIGHT_001",2033,0
"Region1","TRA_SHIP_FREIGHT_001",2034,0
"Region1","TRA_SHIP_FREIGHT_001",2035,0
"Region1","TRA_SHIP_FREIGHT_BIO_001",2018,0
"Region1","TRA_SHIP_FREIGHT_BIO_001",2019,7.42111220122011
"Region1","TRA_SHIP_FREIGHT_BIO_001",2020,7.70870080008006
"Region1","TRA_SHIP_FREIGHT_BIO_001",2021,8.01331665166514
"Region1","TRA_SHIP_FREIGHT_BIO_001",2022,8.33596783678369
"Region1","TRA_SHIP_FREIGHT_BIO_001",2023,8.67772215221521
"Region1","TRA_SHIP_FREIGHT_BIO_001",2024,9.0397107410741
"Region1","TRA_SHIP_FREIGHT_BIO_001",2025,9.42313159315935
"Region1","TRA_SHIP_FREIGHT_BIO_001",2026,9.82925340534053
"Region1","TRA_SHIP_FREIGHT_BIO_001",2027,10.2594206120612
"Region1","TRA_SHIP_FREIGHT_BIO_001",2028,10.7150564856485
"Region1","TRA_SHIP_FREIGHT_BIO_001",2029,18.6187815381538
"Region1","TRA_SHIP_FREIGHT_BIO_001",2030,19.4175568656867
"Region1","TRA_SHIP_FREIGHT_BIO_001",2031,20.2636252525252
"Region1","TRA_SHIP_FREIGHT_BIO_001",2032,21.1597865986599
"Region1","TRA_SHIP_FREIGHT_BIO_001",2033,22.109006960696
"Region1","TRA_SHIP_FREIGHT_BIO_001",2034,23.1144276827683
"Region1","TRA_SHIP_FREIGHT_BIO_001",2035,24.1793762976298
"Region1","TRA_SHIP_PSNG_001",2018,3.20564572957296
"Region1","TRA_SHIP_PSNG_001",2019,0
"Region1","TRA_SHIP_PSNG_001",2020,0
"Region1","TRA_SHIP_PSNG_001",2021,0
"Region1","TRA_SHIP_PSNG_001",2022,0
"Region1","TRA_SHIP_PSNG_001",2023,0
"Region1","TRA_SHIP_PSNG_001",2024,0
"Region1","TRA_SHIP_PSNG_001",2025,0
"Region1","TRA_SHIP_PSNG_001",2026,0
"Region1","TRA_SHIP_PSNG_001",2027,0
"Region1","TRA_SHIP_PSNG_001",2028,2.20388143914391
"Region1","TRA_SHIP_PSNG_001",2029,0
"Region1","TRA_SHIP_PSNG_001",2030,0
"Region1","TRA_SHIP_PSNG_001",2031,0
"Region1","TRA_SHIP_PSNG_001",2032,0
"Region1","TRA_SHIP_PSNG_001",2033,0
"Region1","TRA_SHIP_PSNG_001",2034,0
"Region1","TRA_SHIP_PSNG_001",2035,0
"Region1","TRA_SHIP_PSNG_BIO_001",2018,0
"Region1","TRA_SHIP_PSNG_BIO_001",2019,0.330562148214821
"Region1","TRA_SHIP_PSNG_BIO_001",2020,0.347119679967998
"Region1","TRA_SHIP_PSNG_BIO_001",2021,0.364867179717971
"Region1","TRA_SHIP_PSNG_BIO_001",2022,0.383890172017203
"Region1","TRA_SHIP_PSNG_BIO_001",2023,0.404280320032003
"Region1","TRA_SHIP_PSNG_BIO_001",2024,0.426135883588359
"Region1","TRA_SHIP_PSNG_BIO_001",2025,0.449562178217823
"Region1","TRA_SHIP_PSNG_BIO_001",2026,0.47467209220922
"Region1","TRA_SHIP_PSNG_BIO_001",2027,0.501586624662468
"Region1","TRA_SHIP_PSNG_BIO_001",2028,0.530435468546855
"Region1","TRA_SHIP_PSNG_BIO_001",2029,0.891919792979297
"Region1","TRA_SHIP_PSNG_BIO_001",2030,0.94162183618362
"Region1","TRA_SHIP_PSNG_BIO_001",2031,0.99489590359036
"Region1","TRA_SHIP_PSNG_BIO_001",2032,1.05199871287129
"Region1","TRA_SHIP_PSNG_BIO_001",2033,1.11320542554255
"Region1","TRA_SHIP_PSNG_BIO_001",2034,1.17881099109911
"Region1","TRA_SHIP_PSNG_BIO_001",2035,1.24913153915392
"Region1","TRA_TRUCK_BIO_001",2018,0
"Region1","TRA_TRUCK_BIO_001",2019,0
"Region1","TRA_TRUCK_BIO_001",2020,0
"Region1","TRA_TRUCK_BIO_001",2021,0
"Region1","TRA_TRUCK_BIO_001",2022,0
"Region1","TRA_TRUCK_BIO_001",2023,0
"Region1","TRA_TRUCK_BIO_001",2024,0
"Region1","TRA_TRUCK_BIO_001",2025,0
"Region1","TRA_TRUCK_BIO_001",2026,0
"Region1","TRA_TRUCK_BIO_001",2027,0
"Region1","TRA_TRUCK_BIO_001",2028,0
"Region1","TRA_TRUCK_BIO_001",2029,0
"Region1","TRA_TRUCK_BIO_001",2030,0
"Region1","TRA_TRUCK_BIO_001",2031,0
"Region1","TRA_TRUCK_BIO_001",2032,0
"Region1","TRA_TRUCK_BIO_001",2033,0
"Region1","TRA_TRUCK_BIO_001",2034,0
"Region1","TRA_TRUCK_BIO_001",2035,0
"Region1","TRA_TRUCK_DSL_001",2018,69.1881225522552
"Region1","TRA_TRUCK_DSL_001",2019,0
"Region1","TRA_TRUCK_DSL_001",2020,0
"Region1","TRA_TRUCK_DSL_001",2021,0
"Region1","TRA_TRUCK_DSL_001",2022,0
"Region1","TRA_TRUCK_DSL_001",2023,0
"Region1","TRA_TRUCK_DSL_001",2024,0
"Region1","TRA_TRUCK_DSL_001",2025,0
"Region1","TRA_TRUCK_DSL_001",2026,0
"Region1","TRA_TRUCK_DSL_001",2027,0
"Region1","TRA_TRUCK_DSL_001",2028,47.5668342534253
"Region1","TRA_TRUCK_DSL_001",2029,0
"Region1","TRA_TRUCK_DSL_001",2030,0
"Region1","TRA_TRUCK_DSL_001",2031,0
"Region1","TRA_TRUCK_DSL_001",2032,0
"Region1","TRA_TRUCK_DSL_001",2033,0
"Region1","TRA_TRUCK_DSL_001",2034,0
"Region1","TRA_TRUCK_DSL_001",2035,0
"Region1","TRA_TRUCK_NGS_001",2018,0
"Region1","TRA_TRUCK_NGS_001",2019,0.317779890678689
"Region1","TRA_TRUCK_NGS_001",2020,0.015370585833639
"Region1","TRA_TRUCK_NGS_001",2021,0
"Region1","TRA_TRUCK_NGS_001",2022,0
"Region1","TRA_TRUCK_NGS_001",2023,0
"Region1","TRA_TRUCK_NGS_001",2024,0
"Region1","TRA_TRUCK_NGS_001",2025,0
"Region1","TRA_TRUCK_NGS_001",2026,0
"Region1","TRA_TRUCK_NGS_001",2027,0
"Region1","TRA_TRUCK_NGS_001",2028,0
"Region1","TRA_TRUCK_NGS_001",2029,0
"Region1","TRA_TRUCK_NGS_001",2030,0
"Region1","TRA_TRUCK_NGS_001",2031,0
"Region1","TRA_TRUCK_NGS_001",2032,0
"Region1","TRA_TRUCK_NGS_001",2033,0
"Region1","TRA_TRUCK_NGS_001",2034,0
"Region1","TRA_TRUCK_NGS_001",2035,0
