r,t,y,CapitalInvestment
"Region1","BS_COM_EL_001",2018,0
"Region1","BS_COM_EL_001",2019,0
"Region1","BS_COM_EL_001",2020,0
"Region1","BS_COM_EL_001",2021,0
"Region1","BS_COM_EL_001",2022,0
"Region1","BS_COM_EL_001",2023,0
"Region1","BS_COM_EL_001",2024,0
"Region1","BS_COM_EL_001",2025,0
"Region1","BS_COM_EL_001",2026,0
"Region1","BS_COM_EL_001",2027,0
"Region1","BS_COM_EL_001",2028,0
"Region1","BS_COM_EL_001",2029,0
"Region1","BS_COM_EL_001",2030,0
"Region1","BS_COM_EL_001",2031,0
"Region1","BS_COM_EL_001",2032,0
"Region1","BS_COM_EL_001",2033,0
"Region1","BS_COM_EL_001",2034,0
"Region1","BS_COM_EL_001",2035,0
"Region1","BS_COM_EL_001",2036,0
"Region1","BS_COM_EL_001",2037,0
"Region1","BS_COM_EL_001",2038,0
"Region1","BS_COM_EL_001",2039,0
"Region1","BS_COM_EL_001",2040,0
"Region1","BS_COM_EL_001",2041,0
"Region1","BS_COM_EL_001",2042,0
"Region1","BS_COM_EL_001",2043,0
"Region1","BS_COM_EL_001",2044,0
"Region1","BS_COM_EL_001",2045,0
"Region1","BS_COM_EL_001",2046,0
"Region1","BS_COM_EL_001",2047,0
"Region1","BS_COM_EL_001",2048,0
"Region1","BS_COM_EL_001",2049,0
"Region1","BS_COM_EL_001",2050,0
"Region1","BS_COM_HEAT_001",2018,0
"Region1","BS_COM_HEAT_001",2019,0
"Region1","BS_COM_HEAT_001",2020,0
"Region1","BS_COM_HEAT_001",2021,0
"Region1","BS_COM_HEAT_001",2022,0
"Region1","BS_COM_HEAT_001",2023,0
"Region1","BS_COM_HEAT_001",2024,0
"Region1","BS_COM_HEAT_001",2025,0
"Region1","BS_COM_HEAT_001",2026,0
"Region1","BS_COM_HEAT_001",2027,0
"Region1","BS_COM_HEAT_001",2028,0
"Region1","BS_COM_HEAT_001",2029,0
"Region1","BS_COM_HEAT_001",2030,0
"Region1","BS_COM_HEAT_001",2031,0
"Region1","BS_COM_HEAT_001",2032,0
"Region1","BS_COM_HEAT_001",2033,0
"Region1","BS_COM_HEAT_001",2034,0
"Region1","BS_COM_HEAT_001",2035,0
"Region1","BS_COM_HEAT_001",2036,0
"Region1","BS_COM_HEAT_001",2037,0
"Region1","BS_COM_HEAT_001",2038,0
"Region1","BS_COM_HEAT_001",2039,0
"Region1","BS_COM_HEAT_001",2040,0
"Region1","BS_COM_HEAT_001",2041,0
"Region1","BS_COM_HEAT_001",2042,0
"Region1","BS_COM_HEAT_001",2043,0
"Region1","BS_COM_HEAT_001",2044,0
"Region1","BS_COM_HEAT_001",2045,0
"Region1","BS_COM_HEAT_001",2046,0
"Region1","BS_COM_HEAT_001",2047,0
"Region1","BS_COM_HEAT_001",2048,0
"Region1","BS_COM_HEAT_001",2049,0
"Region1","BS_COM_HEAT_001",2050,0
"Region1","BS_IND_001",2018,0
"Region1","BS_IND_001",2019,0
"Region1","BS_IND_001",2020,0
"Region1","BS_IND_001",2021,0
"Region1","BS_IND_001",2022,0
"Region1","BS_IND_001",2023,0
"Region1","BS_IND_001",2024,0
"Region1","BS_IND_001",2025,0
"Region1","BS_IND_001",2026,0
"Region1","BS_IND_001",2027,0
"Region1","BS_IND_001",2028,0
"Region1","BS_IND_001",2029,0
"Region1","BS_IND_001",2030,0
"Region1","BS_IND_001",2031,0
"Region1","BS_IND_001",2032,0
"Region1","BS_IND_001",2033,0
"Region1","BS_IND_001",2034,0
"Region1","BS_IND_001",2035,0
"Region1","BS_IND_001",2036,0
"Region1","BS_IND_001",2037,0
"Region1","BS_IND_001",2038,0
"Region1","BS_IND_001",2039,0
"Region1","BS_IND_001",2040,0
"Region1","BS_IND_001",2041,0
"Region1","BS_IND_001",2042,0
"Region1","BS_IND_001",2043,0
"Region1","BS_IND_001",2044,0
"Region1","BS_IND_001",2045,0
"Region1","BS_IND_001",2046,0
"Region1","BS_IND_001",2047,0
"Region1","BS_IND_001",2048,0
"Region1","BS_IND_001",2049,0
"Region1","BS_IND_001",2050,0
"Region1","BS_OTH_001",2018,0
"Region1","BS_OTH_001",2019,0
"Region1","BS_OTH_001",2020,0
"Region1","BS_OTH_001",2021,0
"Region1","BS_OTH_001",2022,0
"Region1","BS_OTH_001",2023,0
"Region1","BS_OTH_001",2024,0
"Region1","BS_OTH_001",2025,0
"Region1","BS_OTH_001",2026,0
"Region1","BS_OTH_001",2027,0
"Region1","BS_OTH_001",2028,0
"Region1","BS_OTH_001",2029,0
"Region1","BS_OTH_001",2030,0
"Region1","BS_OTH_001",2031,0
"Region1","BS_OTH_001",2032,0
"Region1","BS_OTH_001",2033,0
"Region1","BS_OTH_001",2034,0
"Region1","BS_OTH_001",2035,0
"Region1","BS_OTH_001",2036,0
"Region1","BS_OTH_001",2037,0
"Region1","BS_OTH_001",2038,0
"Region1","BS_OTH_001",2039,0
"Region1","BS_OTH_001",2040,0
"Region1","BS_OTH_001",2041,0
"Region1","BS_OTH_001",2042,0
"Region1","BS_OTH_001",2043,0
"Region1","BS_OTH_001",2044,0
"Region1","BS_OTH_001",2045,0
"Region1","BS_OTH_001",2046,0
"Region1","BS_OTH_001",2047,0
"Region1","BS_OTH_001",2048,0
"Region1","BS_OTH_001",2049,0
"Region1","BS_OTH_001",2050,0
"Region1","BS_RES_CWH_001",2018,0
"Region1","BS_RES_CWH_001",2019,0
"Region1","BS_RES_CWH_001",2020,0
"Region1","BS_RES_CWH_001",2021,0
"Region1","BS_RES_CWH_001",2022,0
"Region1","BS_RES_CWH_001",2023,0
"Region1","BS_RES_CWH_001",2024,0
"Region1","BS_RES_CWH_001",2025,0
"Region1","BS_RES_CWH_001",2026,0
"Region1","BS_RES_CWH_001",2027,0
"Region1","BS_RES_CWH_001",2028,0
"Region1","BS_RES_CWH_001",2029,0
"Region1","BS_RES_CWH_001",2030,0
"Region1","BS_RES_CWH_001",2031,0
"Region1","BS_RES_CWH_001",2032,0
"Region1","BS_RES_CWH_001",2033,0
"Region1","BS_RES_CWH_001",2034,0
"Region1","BS_RES_CWH_001",2035,0
"Region1","BS_RES_CWH_001",2036,0
"Region1","BS_RES_CWH_001",2037,0
"Region1","BS_RES_CWH_001",2038,0
"Region1","BS_RES_CWH_001",2039,0
"Region1","BS_RES_CWH_001",2040,0
"Region1","BS_RES_CWH_001",2041,0
"Region1","BS_RES_CWH_001",2042,0
"Region1","BS_RES_CWH_001",2043,0
"Region1","BS_RES_CWH_001",2044,0
"Region1","BS_RES_CWH_001",2045,0
"Region1","BS_RES_CWH_001",2046,0
"Region1","BS_RES_CWH_001",2047,0
"Region1","BS_RES_CWH_001",2048,0
"Region1","BS_RES_CWH_001",2049,0
"Region1","BS_RES_CWH_001",2050,0
"Region1","BS_RES_EL_001",2018,0
"Region1","BS_RES_EL_001",2019,0
"Region1","BS_RES_EL_001",2020,0
"Region1","BS_RES_EL_001",2021,0
"Region1","BS_RES_EL_001",2022,0
"Region1","BS_RES_EL_001",2023,0
"Region1","BS_RES_EL_001",2024,0
"Region1","BS_RES_EL_001",2025,0
"Region1","BS_RES_EL_001",2026,0
"Region1","BS_RES_EL_001",2027,0
"Region1","BS_RES_EL_001",2028,0
"Region1","BS_RES_EL_001",2029,0
"Region1","BS_RES_EL_001",2030,0
"Region1","BS_RES_EL_001",2031,0
"Region1","BS_RES_EL_001",2032,0
"Region1","BS_RES_EL_001",2033,0
"Region1","BS_RES_EL_001",2034,0
"Region1","BS_RES_EL_001",2035,0
"Region1","BS_RES_EL_001",2036,0
"Region1","BS_RES_EL_001",2037,0
"Region1","BS_RES_EL_001",2038,0
"Region1","BS_RES_EL_001",2039,0
"Region1","BS_RES_EL_001",2040,0
"Region1","BS_RES_EL_001",2041,0
"Region1","BS_RES_EL_001",2042,0
"Region1","BS_RES_EL_001",2043,0
"Region1","BS_RES_EL_001",2044,0
"Region1","BS_RES_EL_001",2045,0
"Region1","BS_RES_EL_001",2046,0
"Region1","BS_RES_EL_001",2047,0
"Region1","BS_RES_EL_001",2048,0
"Region1","BS_RES_EL_001",2049,0
"Region1","BS_RES_EL_001",2050,0
"Region1","BS_RES_EL_002",2018,0
"Region1","BS_RES_EL_002",2019,0
"Region1","BS_RES_EL_002",2020,0
"Region1","BS_RES_EL_002",2021,0
"Region1","BS_RES_EL_002",2022,0
"Region1","BS_RES_EL_002",2023,0
"Region1","BS_RES_EL_002",2024,0
"Region1","BS_RES_EL_002",2025,0
"Region1","BS_RES_EL_002",2026,0
"Region1","BS_RES_EL_002",2027,0
"Region1","BS_RES_EL_002",2028,0
"Region1","BS_RES_EL_002",2029,0
"Region1","BS_RES_EL_002",2030,0
"Region1","BS_RES_EL_002",2031,0
"Region1","BS_RES_EL_002",2032,0
"Region1","BS_RES_EL_002",2033,0
"Region1","BS_RES_EL_002",2034,0
"Region1","BS_RES_EL_002",2035,0
"Region1","BS_RES_EL_002",2036,0
"Region1","BS_RES_EL_002",2037,0
"Region1","BS_RES_EL_002",2038,0
"Region1","BS_RES_EL_002",2039,0
"Region1","BS_RES_EL_002",2040,0
"Region1","BS_RES_EL_002",2041,0
"Region1","BS_RES_EL_002",2042,0
"Region1","BS_RES_EL_002",2043,0
"Region1","BS_RES_EL_002",2044,0
"Region1","BS_RES_EL_002",2045,0
"Region1","BS_RES_EL_002",2046,0
"Region1","BS_RES_EL_002",2047,0
"Region1","BS_RES_EL_002",2048,0
"Region1","BS_RES_EL_002",2049,0
"Region1","BS_RES_EL_002",2050,0
"Region1","BS_TRA_AN_001",2018,0
"Region1","BS_TRA_AN_001",2019,0
"Region1","BS_TRA_AN_001",2020,0
"Region1","BS_TRA_AN_001",2021,0
"Region1","BS_TRA_AN_001",2022,0
"Region1","BS_TRA_AN_001",2023,0
"Region1","BS_TRA_AN_001",2024,0
"Region1","BS_TRA_AN_001",2025,0
"Region1","BS_TRA_AN_001",2026,0
"Region1","BS_TRA_AN_001",2027,0
"Region1","BS_TRA_AN_001",2028,0
"Region1","BS_TRA_AN_001",2029,0
"Region1","BS_TRA_AN_001",2030,0
"Region1","BS_TRA_AN_001",2031,0
"Region1","BS_TRA_AN_001",2032,0
"Region1","BS_TRA_AN_001",2033,0
"Region1","BS_TRA_AN_001",2034,0
"Region1","BS_TRA_AN_001",2035,0
"Region1","BS_TRA_AN_001",2036,0
"Region1","BS_TRA_AN_001",2037,0
"Region1","BS_TRA_AN_001",2038,0
"Region1","BS_TRA_AN_001",2039,0
"Region1","BS_TRA_AN_001",2040,0
"Region1","BS_TRA_AN_001",2041,0
"Region1","BS_TRA_AN_001",2042,0
"Region1","BS_TRA_AN_001",2043,0
"Region1","BS_TRA_AN_001",2044,0
"Region1","BS_TRA_AN_001",2045,0
"Region1","BS_TRA_AN_001",2046,0
"Region1","BS_TRA_AN_001",2047,0
"Region1","BS_TRA_AN_001",2048,0
"Region1","BS_TRA_AN_001",2049,0
"Region1","BS_TRA_AN_001",2050,0
"Region1","BS_TRA_RAIL_001",2018,0
"Region1","BS_TRA_RAIL_001",2019,0
"Region1","BS_TRA_RAIL_001",2020,0
"Region1","BS_TRA_RAIL_001",2021,0
"Region1","BS_TRA_RAIL_001",2022,0
"Region1","BS_TRA_RAIL_001",2023,0
"Region1","BS_TRA_RAIL_001",2024,0
"Region1","BS_TRA_RAIL_001",2025,0
"Region1","BS_TRA_RAIL_001",2026,0
"Region1","BS_TRA_RAIL_001",2027,0
"Region1","BS_TRA_RAIL_001",2028,0
"Region1","BS_TRA_RAIL_001",2029,0
"Region1","BS_TRA_RAIL_001",2030,0
"Region1","BS_TRA_RAIL_001",2031,0
"Region1","BS_TRA_RAIL_001",2032,0
"Region1","BS_TRA_RAIL_001",2033,0
"Region1","BS_TRA_RAIL_001",2034,0
"Region1","BS_TRA_RAIL_001",2035,0
"Region1","BS_TRA_RAIL_001",2036,0
"Region1","BS_TRA_RAIL_001",2037,0
"Region1","BS_TRA_RAIL_001",2038,0
"Region1","BS_TRA_RAIL_001",2039,0
"Region1","BS_TRA_RAIL_001",2040,0
"Region1","BS_TRA_RAIL_001",2041,0
"Region1","BS_TRA_RAIL_001",2042,0
"Region1","BS_TRA_RAIL_001",2043,0
"Region1","BS_TRA_RAIL_001",2044,0
"Region1","BS_TRA_RAIL_001",2045,0
"Region1","BS_TRA_RAIL_001",2046,0
"Region1","BS_TRA_RAIL_001",2047,0
"Region1","BS_TRA_RAIL_001",2048,0
"Region1","BS_TRA_RAIL_001",2049,0
"Region1","BS_TRA_RAIL_001",2050,0
"Region1","BS_TRA_ROAD_001",2018,0
"Region1","BS_TRA_ROAD_001",2019,0
"Region1","BS_TRA_ROAD_001",2020,0
"Region1","BS_TRA_ROAD_001",2021,0
"Region1","BS_TRA_ROAD_001",2022,0
"Region1","BS_TRA_ROAD_001",2023,0
"Region1","BS_TRA_ROAD_001",2024,0
"Region1","BS_TRA_ROAD_001",2025,0
"Region1","BS_TRA_ROAD_001",2026,0
"Region1","BS_TRA_ROAD_001",2027,0
"Region1","BS_TRA_ROAD_001",2028,0
"Region1","BS_TRA_ROAD_001",2029,0
"Region1","BS_TRA_ROAD_001",2030,0
"Region1","BS_TRA_ROAD_001",2031,0
"Region1","BS_TRA_ROAD_001",2032,0
"Region1","BS_TRA_ROAD_001",2033,0
"Region1","BS_TRA_ROAD_001",2034,0
"Region1","BS_TRA_ROAD_001",2035,0
"Region1","BS_TRA_ROAD_001",2036,0
"Region1","BS_TRA_ROAD_001",2037,0
"Region1","BS_TRA_ROAD_001",2038,0
"Region1","BS_TRA_ROAD_001",2039,0
"Region1","BS_TRA_ROAD_001",2040,0
"Region1","BS_TRA_ROAD_001",2041,0
"Region1","BS_TRA_ROAD_001",2042,0
"Region1","BS_TRA_ROAD_001",2043,0
"Region1","BS_TRA_ROAD_001",2044,0
"Region1","BS_TRA_ROAD_001",2045,0
"Region1","BS_TRA_ROAD_001",2046,0
"Region1","BS_TRA_ROAD_001",2047,0
"Region1","BS_TRA_ROAD_001",2048,0
"Region1","BS_TRA_ROAD_001",2049,0
"Region1","BS_TRA_ROAD_001",2050,0
"Region1","COM_CWH_BIO_001",2018,0.00524195610542477
"Region1","COM_CWH_BIO_001",2019,0.00557513315933129
"Region1","COM_CWH_BIO_001",2020,0.00347621280628063
"Region1","COM_CWH_BIO_001",2021,0.00428861956264501
"Region1","COM_CWH_BIO_001",2022,0.00670719354657113
"Region1","COM_CWH_BIO_001",2023,0.00713350062094848
"Region1","COM_CWH_BIO_001",2024,0.00758690363868987
"Region1","COM_CWH_BIO_001",2025,0.00587957857178372
"Region1","COM_CWH_BIO_001",2026,0.00694761211987295
"Region1","COM_CWH_BIO_001",2027,0.0136911970547595
"Region1","COM_CWH_BIO_001",2028,0.0066016208074246
"Region1","COM_CWH_BIO_001",2029,0.00702121771345708
"Region1","COM_CWH_BIO_001",2030,0.00888961643833725
"Region1","COM_CWH_BIO_001",2031,0.0102701816636664
"Region1","COM_CWH_BIO_001",2032,0.0124210836216308
"Region1","COM_CWH_BIO_001",2033,0.00898379635034803
"Region1","COM_CWH_BIO_001",2034,0.00955480357192575
"Region1","COM_CWH_BIO_001",2035,0.0149432505987717
"Region1","COM_CWH_BIO_001",2036,0.012866315921834
"Region1","COM_CWH_BIO_001",2037,0.0130714063213013
"Region1","COM_CWH_BIO_001",2038,0.0139703973212665
"Region1","COM_CWH_BIO_001",2039,0.0168140774377438
"Region1","COM_CWH_BIO_001",2040,0.0134260388848202
"Region1","COM_CWH_BIO_001",2041,0.0164528648154661
"Region1","COM_CWH_BIO_001",2042,0.0194301347063129
"Region1","COM_CWH_BIO_001",2043,0.0179782227275995
"Region1","COM_CWH_BIO_001",2044,0.02965525258341
"Region1","COM_CWH_BIO_001",2045,0.0198593924345702
"Region1","COM_CWH_BIO_001",2046,0.0187591839693287
"Region1","COM_CWH_BIO_001",2047,0.0219872948548122
"Region1","COM_CWH_BIO_001",2048,0.0251129584041705
"Region1","COM_CWH_BIO_001",2049,0.0286654294020163
"Region1","COM_CWH_BIO_001",2050,0.030487394917829
"Region1","COM_CWH_NGS_001",2018,0
"Region1","COM_CWH_NGS_001",2019,0
"Region1","COM_CWH_NGS_001",2020,0
"Region1","COM_CWH_NGS_001",2021,0
"Region1","COM_CWH_NGS_001",2022,0
"Region1","COM_CWH_NGS_001",2023,0
"Region1","COM_CWH_NGS_001",2024,0
"Region1","COM_CWH_NGS_001",2025,0
"Region1","COM_CWH_NGS_001",2026,0
"Region1","COM_CWH_NGS_001",2027,0
"Region1","COM_CWH_NGS_001",2028,0
"Region1","COM_CWH_NGS_001",2029,0
"Region1","COM_CWH_NGS_001",2030,0
"Region1","COM_CWH_NGS_001",2031,0
"Region1","COM_CWH_NGS_001",2032,0
"Region1","COM_CWH_NGS_001",2033,0
"Region1","COM_CWH_NGS_001",2034,0
"Region1","COM_CWH_NGS_001",2035,0
"Region1","COM_CWH_NGS_001",2036,0
"Region1","COM_CWH_NGS_001",2037,0
"Region1","COM_CWH_NGS_001",2038,0
"Region1","COM_CWH_NGS_001",2039,0
"Region1","COM_CWH_NGS_001",2040,0
"Region1","COM_CWH_NGS_001",2041,0
"Region1","COM_CWH_NGS_001",2042,0
"Region1","COM_CWH_NGS_001",2043,0
"Region1","COM_CWH_NGS_001",2044,0
"Region1","COM_CWH_NGS_001",2045,0
"Region1","COM_CWH_NGS_001",2046,0
"Region1","COM_CWH_NGS_001",2047,0
"Region1","COM_CWH_NGS_001",2048,0
"Region1","COM_CWH_NGS_001",2049,0
"Region1","COM_CWH_NGS_001",2050,0
"Region1","COM_CWH_OILPRD_001",2018,0
"Region1","COM_CWH_OILPRD_001",2019,0
"Region1","COM_CWH_OILPRD_001",2020,0
"Region1","COM_CWH_OILPRD_001",2021,0
"Region1","COM_CWH_OILPRD_001",2022,0
"Region1","COM_CWH_OILPRD_001",2023,0
"Region1","COM_CWH_OILPRD_001",2024,0
"Region1","COM_CWH_OILPRD_001",2025,0
"Region1","COM_CWH_OILPRD_001",2026,0
"Region1","COM_CWH_OILPRD_001",2027,0
"Region1","COM_CWH_OILPRD_001",2028,0
"Region1","COM_CWH_OILPRD_001",2029,0
"Region1","COM_CWH_OILPRD_001",2030,0
"Region1","COM_CWH_OILPRD_001",2031,0
"Region1","COM_CWH_OILPRD_001",2032,0
"Region1","COM_CWH_OILPRD_001",2033,0
"Region1","COM_CWH_OILPRD_001",2034,0
"Region1","COM_CWH_OILPRD_001",2035,0
"Region1","COM_CWH_OILPRD_001",2036,0
"Region1","COM_CWH_OILPRD_001",2037,0
"Region1","COM_CWH_OILPRD_001",2038,0
"Region1","COM_CWH_OILPRD_001",2039,0
"Region1","COM_CWH_OILPRD_001",2040,0
"Region1","COM_CWH_OILPRD_001",2041,0
"Region1","COM_CWH_OILPRD_001",2042,0
"Region1","COM_CWH_OILPRD_001",2043,0
"Region1","COM_CWH_OILPRD_001",2044,0
"Region1","COM_CWH_OILPRD_001",2045,0
"Region1","COM_CWH_OILPRD_001",2046,0
"Region1","COM_CWH_OILPRD_001",2047,0
"Region1","COM_CWH_OILPRD_001",2048,0
"Region1","COM_CWH_OILPRD_001",2049,0
"Region1","COM_CWH_OILPRD_001",2050,0
"Region1","COM_EE",2018,0
"Region1","COM_EE",2019,0
"Region1","COM_EE",2020,0
"Region1","COM_EE",2021,0
"Region1","COM_EE",2022,0
"Region1","COM_EE",2023,0
"Region1","COM_EE",2024,0
"Region1","COM_EE",2025,0
"Region1","COM_EE",2026,0
"Region1","COM_EE",2027,0
"Region1","COM_EE",2028,0
"Region1","COM_EE",2029,0
"Region1","COM_EE",2030,0
"Region1","COM_EE",2031,0
"Region1","COM_EE",2032,0
"Region1","COM_EE",2033,0
"Region1","COM_EE",2034,0
"Region1","COM_EE",2035,0
"Region1","COM_EE",2036,0
"Region1","COM_EE",2037,0
"Region1","COM_EE",2038,0
"Region1","COM_EE",2039,0
"Region1","COM_EE",2040,0
"Region1","COM_EE",2041,0
"Region1","COM_EE",2042,0
"Region1","COM_EE",2043,0
"Region1","COM_EE",2044,0
"Region1","COM_EE",2045,0
"Region1","COM_EE",2046,0
"Region1","COM_EE",2047,0
"Region1","COM_EE",2048,0
"Region1","COM_EE",2049,0
"Region1","COM_EE",2050,0
"Region1","COM_EL_APP_001",2018,0.0439127213348183
"Region1","COM_EL_APP_001",2019,0.0116667592137406
"Region1","COM_EL_APP_001",2020,0.0121309470171218
"Region1","COM_EL_APP_001",2021,0
"Region1","COM_EL_APP_001",2022,0.0183794073919651
"Region1","COM_EL_APP_001",2023,0
"Region1","COM_EL_APP_001",2024,0.0187816619787621
"Region1","COM_EL_APP_001",2025,0
"Region1","COM_EL_APP_001",2026,0
"Region1","COM_EL_APP_001",2027,0.0299798859688617
"Region1","COM_EL_APP_001",2028,0.0533740153973407
"Region1","COM_EL_APP_001",2029,0.0216077057327943
"Region1","COM_EL_APP_001",2030,0.0227021924658425
"Region1","COM_EL_APP_001",2031,0.0112408864274772
"Region1","COM_EL_APP_001",2032,0.0303318719177114
"Region1","COM_EL_APP_001",2033,0.0128522463471373
"Region1","COM_EL_APP_001",2034,0.0323000393676697
"Region1","COM_EL_APP_001",2035,0.0152739762429337
"Region1","COM_EL_APP_001",2036,0.00873367049641849
"Region1","COM_EL_APP_001",2037,0.028805419581315
"Region1","COM_EL_APP_001",2038,0.0804857218560882
"Region1","COM_EL_APP_001",2039,0.041831735738511
"Region1","COM_EL_APP_001",2040,0.0321479939384513
"Region1","COM_EL_APP_001",2041,0.0246960511308064
"Region1","COM_EL_APP_001",2042,0.0481067972523071
"Region1","COM_EL_APP_001",2043,0.0361876586640927
"Region1","COM_EL_APP_001",2044,0.056895443610056
"Region1","COM_EL_APP_001",2045,0.0443608139823078
"Region1","COM_EL_APP_001",2046,0.0425862276850763
"Region1","COM_EL_APP_001",2047,0.0553639552573971
"Region1","COM_EL_APP_001",2048,0.128496376739546
"Region1","COM_EL_APP_001",2049,0.0973111710376963
"Region1","COM_EL_APP_001",2050,0.0504508418920175
"Region1","IMP_DSL",2018,0.0851296737629258
"Region1","IMP_DSL",2019,0.0887185729496482
"Region1","IMP_DSL",2020,0.151066086051727
"Region1","IMP_DSL",2021,0.155752519691734
"Region1","IMP_DSL",2022,0.13130342031381
"Region1","IMP_DSL",2023,0.133899342780179
"Region1","IMP_DSL",2024,0.135344955549781
"Region1","IMP_DSL",2025,0.13855227264007
"Region1","IMP_DSL",2026,0.141418271636061
"Region1","IMP_DSL",2027,0.154354165770864
"Region1","IMP_DSL",2028,0.146277917462222
"Region1","IMP_DSL",2029,0.148965749465789
"Region1","IMP_DSL",2030,0.130949725852577
"Region1","IMP_DSL",2031,0.133445926467354
"Region1","IMP_DSL",2032,0.157388816043177
"Region1","IMP_DSL",2033,0.160321870667502
"Region1","IMP_DSL",2034,0.163320497343846
"Region1","IMP_DSL",2035,0.166682928441117
"Region1","IMP_DSL",2036,0.147112995583687
"Region1","IMP_DSL",2037,0.149689413883396
"Region1","IMP_DSL",2038,0.167710891081538
"Region1","IMP_DSL",2039,0.16942118646849
"Region1","IMP_DSL",2040,0.170090872590089
"Region1","IMP_DSL",2041,0.167393652152625
"Region1","IMP_DSL",2042,0.160530858445287
"Region1","IMP_DSL",2043,0.161888504160258
"Region1","IMP_DSL",2044,0.16329832397904
"Region1","IMP_DSL",2045,0.164762322946937
"Region1","IMP_DSL",2046,0.166282583161759
"Region1","IMP_DSL",2047,0.167861266730916
"Region1","IMP_DSL",2048,0.151637185939926
"Region1","IMP_DSL",2049,0.170694796244611
"Region1","IMP_DSL",2050,0.174868842964296
"Region1","IMP_GSL",2018,0
"Region1","IMP_GSL",2019,0
"Region1","IMP_GSL",2020,0
"Region1","IMP_GSL",2021,0
"Region1","IMP_GSL",2022,0
"Region1","IMP_GSL",2023,0
"Region1","IMP_GSL",2024,0.00181478397839784
"Region1","IMP_GSL",2025,0
"Region1","IMP_GSL",2026,0
"Region1","IMP_GSL",2027,0
"Region1","IMP_GSL",2028,0
"Region1","IMP_GSL",2029,0
"Region1","IMP_GSL",2030,0
"Region1","IMP_GSL",2031,0
"Region1","IMP_GSL",2032,0
"Region1","IMP_GSL",2033,0
"Region1","IMP_GSL",2034,0
"Region1","IMP_GSL",2035,0
"Region1","IMP_GSL",2036,0
"Region1","IMP_GSL",2037,0
"Region1","IMP_GSL",2038,0.00438627628716461
"Region1","IMP_GSL",2039,0.00438627628716461
"Region1","IMP_GSL",2040,0.00438627628716461
"Region1","IMP_GSL",2041,0.008795834342949
"Region1","IMP_GSL",2042,0.0179021988
"Region1","IMP_GSL",2043,0.0179021988
"Region1","IMP_GSL",2044,0.0179021988
"Region1","IMP_GSL",2045,0.0179021988
"Region1","IMP_GSL",2046,0.0179021988
"Region1","IMP_GSL",2047,0.0179021988
"Region1","IMP_GSL",2048,0.0179021988
"Region1","IMP_GSL",2049,0
"Region1","IMP_GSL",2050,0
"Region1","IMP_KER",2018,0
"Region1","IMP_KER",2019,0
"Region1","IMP_KER",2020,0
"Region1","IMP_KER",2021,0
"Region1","IMP_KER",2022,0
"Region1","IMP_KER",2023,0
"Region1","IMP_KER",2024,0
"Region1","IMP_KER",2025,0
"Region1","IMP_KER",2026,0
"Region1","IMP_KER",2027,0
"Region1","IMP_KER",2028,0
"Region1","IMP_KER",2029,0
"Region1","IMP_KER",2030,0
"Region1","IMP_KER",2031,0
"Region1","IMP_KER",2032,0
"Region1","IMP_KER",2033,0
"Region1","IMP_KER",2034,0
"Region1","IMP_KER",2035,0
"Region1","IMP_KER",2036,0
"Region1","IMP_KER",2037,0
"Region1","IMP_KER",2038,0
"Region1","IMP_KER",2039,0
"Region1","IMP_KER",2040,0
"Region1","IMP_KER",2041,0
"Region1","IMP_KER",2042,0
"Region1","IMP_KER",2043,0
"Region1","IMP_KER",2044,0
"Region1","IMP_KER",2045,0
"Region1","IMP_KER",2046,0
"Region1","IMP_KER",2047,0
"Region1","IMP_KER",2048,0
"Region1","IMP_KER",2049,0
"Region1","IMP_KER",2050,0
"Region1","IMP_LPG",2018,0
"Region1","IMP_LPG",2019,0
"Region1","IMP_LPG",2020,0
"Region1","IMP_LPG",2021,0
"Region1","IMP_LPG",2022,0
"Region1","IMP_LPG",2023,0
"Region1","IMP_LPG",2024,0
"Region1","IMP_LPG",2025,0
"Region1","IMP_LPG",2026,0
"Region1","IMP_LPG",2027,0
"Region1","IMP_LPG",2028,0
"Region1","IMP_LPG",2029,0
"Region1","IMP_LPG",2030,0
"Region1","IMP_LPG",2031,0
"Region1","IMP_LPG",2032,0
"Region1","IMP_LPG",2033,0
"Region1","IMP_LPG",2034,0
"Region1","IMP_LPG",2035,0
"Region1","IMP_LPG",2036,0
"Region1","IMP_LPG",2037,0
"Region1","IMP_LPG",2038,0
"Region1","IMP_LPG",2039,0
"Region1","IMP_LPG",2040,0
"Region1","IMP_LPG",2041,0
"Region1","IMP_LPG",2042,0
"Region1","IMP_LPG",2043,0
"Region1","IMP_LPG",2044,0
"Region1","IMP_LPG",2045,0
"Region1","IMP_LPG",2046,0
"Region1","IMP_LPG",2047,0
"Region1","IMP_LPG",2048,0
"Region1","IMP_LPG",2049,0
"Region1","IMP_LPG",2050,0
"Region1","IMP_OIL",2018,0
"Region1","IMP_OIL",2019,0
"Region1","IMP_OIL",2020,0
"Region1","IMP_OIL",2021,0
"Region1","IMP_OIL",2022,0
"Region1","IMP_OIL",2023,0
"Region1","IMP_OIL",2024,0
"Region1","IMP_OIL",2025,0
"Region1","IMP_OIL",2026,0
"Region1","IMP_OIL",2027,0
"Region1","IMP_OIL",2028,0
"Region1","IMP_OIL",2029,0
"Region1","IMP_OIL",2030,0
"Region1","IMP_OIL",2031,0
"Region1","IMP_OIL",2032,0
"Region1","IMP_OIL",2033,0
"Region1","IMP_OIL",2034,0
"Region1","IMP_OIL",2035,0
"Region1","IMP_OIL",2036,0
"Region1","IMP_OIL",2037,0
"Region1","IMP_OIL",2038,0
"Region1","IMP_OIL",2039,0
"Region1","IMP_OIL",2040,0
"Region1","IMP_OIL",2041,0
"Region1","IMP_OIL",2042,0
"Region1","IMP_OIL",2043,0
"Region1","IMP_OIL",2044,0
"Region1","IMP_OIL",2045,0
"Region1","IMP_OIL",2046,0
"Region1","IMP_OIL",2047,0
"Region1","IMP_OIL",2048,0
"Region1","IMP_OIL",2049,0
"Region1","IMP_OIL",2050,0
"Region1","IMP_OILPRD",2018,0
"Region1","IMP_OILPRD",2019,0
"Region1","IMP_OILPRD",2020,0
"Region1","IMP_OILPRD",2021,0
"Region1","IMP_OILPRD",2022,0
"Region1","IMP_OILPRD",2023,0
"Region1","IMP_OILPRD",2024,0
"Region1","IMP_OILPRD",2025,0
"Region1","IMP_OILPRD",2026,0
"Region1","IMP_OILPRD",2027,0
"Region1","IMP_OILPRD",2028,0
"Region1","IMP_OILPRD",2029,0
"Region1","IMP_OILPRD",2030,0
"Region1","IMP_OILPRD",2031,0
"Region1","IMP_OILPRD",2032,0
"Region1","IMP_OILPRD",2033,0
"Region1","IMP_OILPRD",2034,0
"Region1","IMP_OILPRD",2035,0
"Region1","IMP_OILPRD",2036,0
"Region1","IMP_OILPRD",2037,0
"Region1","IMP_OILPRD",2038,0
"Region1","IMP_OILPRD",2039,0
"Region1","IMP_OILPRD",2040,0
"Region1","IMP_OILPRD",2041,0
"Region1","IMP_OILPRD",2042,0
"Region1","IMP_OILPRD",2043,0
"Region1","IMP_OILPRD",2044,0
"Region1","IMP_OILPRD",2045,0
"Region1","IMP_OILPRD",2046,0
"Region1","IMP_OILPRD",2047,0
"Region1","IMP_OILPRD",2048,0
"Region1","IMP_OILPRD",2049,0
"Region1","IMP_OILPRD",2050,0.0116967367657723
"Region1","IND_ALL_BIO_001",2018,0
"Region1","IND_ALL_BIO_001",2019,0
"Region1","IND_ALL_BIO_001",2020,0
"Region1","IND_ALL_BIO_001",2021,0
"Region1","IND_ALL_BIO_001",2022,0
"Region1","IND_ALL_BIO_001",2023,0
"Region1","IND_ALL_BIO_001",2024,0
"Region1","IND_ALL_BIO_001",2025,0
"Region1","IND_ALL_BIO_001",2026,0
"Region1","IND_ALL_BIO_001",2027,0
"Region1","IND_ALL_BIO_001",2028,0
"Region1","IND_ALL_BIO_001",2029,0
"Region1","IND_ALL_BIO_001",2030,0
"Region1","IND_ALL_BIO_001",2031,0
"Region1","IND_ALL_BIO_001",2032,0
"Region1","IND_ALL_BIO_001",2033,0
"Region1","IND_ALL_BIO_001",2034,0
"Region1","IND_ALL_BIO_001",2035,0
"Region1","IND_ALL_BIO_001",2036,0
"Region1","IND_ALL_BIO_001",2037,0
"Region1","IND_ALL_BIO_001",2038,0
"Region1","IND_ALL_BIO_001",2039,0
"Region1","IND_ALL_BIO_001",2040,0
"Region1","IND_ALL_BIO_001",2041,0
"Region1","IND_ALL_BIO_001",2042,0
"Region1","IND_ALL_BIO_001",2043,0
"Region1","IND_ALL_BIO_001",2044,0
"Region1","IND_ALL_BIO_001",2045,0
"Region1","IND_ALL_BIO_001",2046,0
"Region1","IND_ALL_BIO_001",2047,0
"Region1","IND_ALL_BIO_001",2048,0
"Region1","IND_ALL_BIO_001",2049,0
"Region1","IND_ALL_BIO_001",2050,0
"Region1","IND_ALL_COA_001",2018,0.2662822225058
"Region1","IND_ALL_COA_001",2019,0.41207961992494
"Region1","IND_ALL_COA_001",2020,0.433669269020812
"Region1","IND_ALL_COA_001",2021,0.456390041624019
"Region1","IND_ALL_COA_001",2022,0.34997211075202
"Region1","IND_ALL_COA_001",2023,0.548473781769308
"Region1","IND_ALL_COA_001",2024,0.428582664930842
"Region1","IND_ALL_COA_001",2025,0.559817159160696
"Region1","IND_ALL_COA_001",2026,0.49304880664457
"Region1","IND_ALL_COA_001",2027,0.522710533909451
"Region1","IND_ALL_COA_001",2028,0.553955069646918
"Region1","IND_ALL_COA_001",2029,0.425016278486682
"Region1","IND_ALL_COA_001",2030,0.62163952690075
"Region1","IND_ALL_COA_001",2031,0.552951564969644
"Region1","IND_ALL_COA_001",2032,0.696857272374442
"Region1","IND_ALL_COA_001",2033,0.704785522630971
"Region1","IND_ALL_COA_001",2034,0.919143306522239
"Region1","IND_ALL_COA_001",2035,0.943090999093195
"Region1","IND_ALL_COA_001",2036,1.02418723381455
"Region1","IND_ALL_COA_001",2037,0.667242453327085
"Region1","IND_ALL_COA_001",2038,0.807591219506105
"Region1","IND_ALL_COA_001",2039,1.00386645559909
"Region1","IND_ALL_COA_001",2040,1.00361613178998
"Region1","IND_ALL_COA_001",2041,0.79292561483575
"Region1","IND_ALL_COA_001",2042,1.35349497108288
"Region1","IND_ALL_COA_001",2043,0.995247450073095
"Region1","IND_ALL_COA_001",2044,1.46777279964722
"Region1","IND_ALL_COA_001",2045,1.53057641909536
"Region1","IND_ALL_COA_001",2046,1.59655710531402
"Region1","IND_ALL_COA_001",2047,1.39354122993177
"Region1","IND_ALL_COA_001",2048,1.73553762982301
"Region1","IND_ALL_COA_001",2049,1.0963272649305
"Region1","IND_ALL_COA_001",2050,1.24284174686877
"Region1","IND_ALL_EL_001",2018,0
"Region1","IND_ALL_EL_001",2019,0
"Region1","IND_ALL_EL_001",2020,0
"Region1","IND_ALL_EL_001",2021,0
"Region1","IND_ALL_EL_001",2022,0
"Region1","IND_ALL_EL_001",2023,0
"Region1","IND_ALL_EL_001",2024,0
"Region1","IND_ALL_EL_001",2025,0
"Region1","IND_ALL_EL_001",2026,0
"Region1","IND_ALL_EL_001",2027,0
"Region1","IND_ALL_EL_001",2028,0
"Region1","IND_ALL_EL_001",2029,0
"Region1","IND_ALL_EL_001",2030,0
"Region1","IND_ALL_EL_001",2031,0
"Region1","IND_ALL_EL_001",2032,0
"Region1","IND_ALL_EL_001",2033,0
"Region1","IND_ALL_EL_001",2034,0
"Region1","IND_ALL_EL_001",2035,0
"Region1","IND_ALL_EL_001",2036,0
"Region1","IND_ALL_EL_001",2037,0
"Region1","IND_ALL_EL_001",2038,0.0115045459901445
"Region1","IND_ALL_EL_001",2039,0.0260032546767857
"Region1","IND_ALL_EL_001",2040,0.0355748962478853
"Region1","IND_ALL_EL_001",2041,0.0393009713921168
"Region1","IND_ALL_EL_001",2042,0.0517638901750489
"Region1","IND_ALL_EL_001",2043,0.065281006953697
"Region1","IND_ALL_EL_001",2044,0.109475534351173
"Region1","IND_ALL_EL_001",2045,0.113741733054234
"Region1","IND_ALL_EL_001",2046,0.146859179975369
"Region1","IND_ALL_EL_001",2047,0.118236327489875
"Region1","IND_ALL_EL_001",2048,0.136288694625296
"Region1","IND_ALL_EL_001",2049,0.18949303252191
"Region1","IND_ALL_EL_001",2050,0.198604392281287
"Region1","IND_ALL_OILPRD_001",2018,0
"Region1","IND_ALL_OILPRD_001",2019,0
"Region1","IND_ALL_OILPRD_001",2020,0
"Region1","IND_ALL_OILPRD_001",2021,0
"Region1","IND_ALL_OILPRD_001",2022,0
"Region1","IND_ALL_OILPRD_001",2023,0
"Region1","IND_ALL_OILPRD_001",2024,0
"Region1","IND_ALL_OILPRD_001",2025,0
"Region1","IND_ALL_OILPRD_001",2026,0
"Region1","IND_ALL_OILPRD_001",2027,0
"Region1","IND_ALL_OILPRD_001",2028,0
"Region1","IND_ALL_OILPRD_001",2029,0
"Region1","IND_ALL_OILPRD_001",2030,0
"Region1","IND_ALL_OILPRD_001",2031,0
"Region1","IND_ALL_OILPRD_001",2032,0
"Region1","IND_ALL_OILPRD_001",2033,0
"Region1","IND_ALL_OILPRD_001",2034,0
"Region1","IND_ALL_OILPRD_001",2035,0
"Region1","IND_ALL_OILPRD_001",2036,0
"Region1","IND_ALL_OILPRD_001",2037,0
"Region1","IND_ALL_OILPRD_001",2038,0
"Region1","IND_ALL_OILPRD_001",2039,0
"Region1","IND_ALL_OILPRD_001",2040,0
"Region1","IND_ALL_OILPRD_001",2041,0
"Region1","IND_ALL_OILPRD_001",2042,0
"Region1","IND_ALL_OILPRD_001",2043,0
"Region1","IND_ALL_OILPRD_001",2044,0
"Region1","IND_ALL_OILPRD_001",2045,0
"Region1","IND_ALL_OILPRD_001",2046,0
"Region1","IND_ALL_OILPRD_001",2047,0
"Region1","IND_ALL_OILPRD_001",2048,0
"Region1","IND_ALL_OILPRD_001",2049,0
"Region1","IND_ALL_OILPRD_001",2050,0
"Region1","IND_EE",2018,0
"Region1","IND_EE",2019,0
"Region1","IND_EE",2020,0
"Region1","IND_EE",2021,0
"Region1","IND_EE",2022,0
"Region1","IND_EE",2023,0
"Region1","IND_EE",2024,0
"Region1","IND_EE",2025,0
"Region1","IND_EE",2026,0
"Region1","IND_EE",2027,0
"Region1","IND_EE",2028,0
"Region1","IND_EE",2029,0
"Region1","IND_EE",2030,0
"Region1","IND_EE",2031,0
"Region1","IND_EE",2032,0
"Region1","IND_EE",2033,0
"Region1","IND_EE",2034,0
"Region1","IND_EE",2035,0
"Region1","IND_EE",2036,0
"Region1","IND_EE",2037,0
"Region1","IND_EE",2038,0
"Region1","IND_EE",2039,0
"Region1","IND_EE",2040,0
"Region1","IND_EE",2041,0
"Region1","IND_EE",2042,0
"Region1","IND_EE",2043,0
"Region1","IND_EE",2044,0
"Region1","IND_EE",2045,0
"Region1","IND_EE",2046,0
"Region1","IND_EE",2047,0
"Region1","IND_EE",2048,0
"Region1","IND_EE",2049,0
"Region1","IND_EE",2050,0
"Region1","MIN_BIO",2018,0.0592422691009894
"Region1","MIN_BIO",2019,0.06054593625725
"Region1","MIN_BIO",2020,0.0362825156675667
"Region1","MIN_BIO",2021,0.043027111700696
"Region1","MIN_BIO",2022,0.0646955021340839
"Region1","MIN_BIO",2023,0.0661640569669055
"Region1","MIN_BIO",2024,0.0676784623558513
"Region1","MIN_BIO",2025,0.0504523856569297
"Region1","MIN_BIO",2026,0.0573596664217649
"Region1","MIN_BIO",2027,0.0551186761016827
"Region1","MIN_BIO",2028,0.0633484925145953
"Region1","MIN_BIO",2029,0.0778619813443408
"Region1","MIN_BIO",2030,0.0569107455847118
"Region1","MIN_BIO",2031,0.0501784873842384
"Region1","MIN_BIO",2032,0.0817176798345275
"Region1","MIN_BIO",2033,0.0550055036341576
"Region1","MIN_BIO",2034,0.0583892921102088
"Region1","MIN_BIO",2035,0.0880447743449335
"Region1","MIN_BIO",2036,0.0549363953589453
"Region1","MIN_BIO",2037,0.0610289556459662
"Region1","MIN_BIO",2038,0.0508805673908721
"Region1","MIN_BIO",2039,0.0561179371836043
"Region1","MIN_BIO",2040,0.0675141082494566
"Region1","MIN_BIO",2041,0.0667441985988444
"Region1","MIN_BIO",2042,0.0665417830145576
"Region1","MIN_BIO",2043,0.0611270684081464
"Region1","MIN_BIO",2044,0.0899136808843312
"Region1","MIN_BIO",2045,0.0558074500703337
"Region1","MIN_BIO",2046,0.0574705823135581
"Region1","MIN_BIO",2047,0.0592103655018769
"Region1","MIN_BIO",2048,0.0897217077729866
"Region1","MIN_BIO",2049,0.0708443134157443
"Region1","MIN_BIO",2050,0.075982707168409
"Region1","MIN_COA",2018,0.434383893587422
"Region1","MIN_COA",2019,0.57513181760364
"Region1","MIN_COA",2020,0.627796346631998
"Region1","MIN_COA",2021,0.659566686683432
"Region1","MIN_COA",2022,0.481899684167466
"Region1","MIN_COA",2023,0.548473781769308
"Region1","MIN_COA",2024,0.428582664930842
"Region1","MIN_COA",2025,0.559817159160696
"Region1","MIN_COA",2026,0.49304880664457
"Region1","MIN_COA",2027,0.522710533909451
"Region1","MIN_COA",2028,0.553955069646918
"Region1","MIN_COA",2029,0.425016278486682
"Region1","MIN_COA",2030,0.62163952690075
"Region1","MIN_COA",2031,0.552951564969644
"Region1","MIN_COA",2032,0.696857272374442
"Region1","MIN_COA",2033,0.704785522630972
"Region1","MIN_COA",2034,0.919143306522239
"Region1","MIN_COA",2035,0.943090999093195
"Region1","MIN_COA",2036,1.02418723381455
"Region1","MIN_COA",2037,0.667242453327084
"Region1","MIN_COA",2038,0.807591219506105
"Region1","MIN_COA",2039,1.00386645559909
"Region1","MIN_COA",2040,1.00361613178998
"Region1","MIN_COA",2041,0.79292561483575
"Region1","MIN_COA",2042,1.35349497108288
"Region1","MIN_COA",2043,0.995247450073095
"Region1","MIN_COA",2044,1.46777279964722
"Region1","MIN_COA",2045,1.53057641909536
"Region1","MIN_COA",2046,1.59655710531402
"Region1","MIN_COA",2047,1.39354122993177
"Region1","MIN_COA",2048,1.73553762982301
"Region1","MIN_COA",2049,1.0963272649305
"Region1","MIN_COA",2050,1.24284174686877
"Region1","MIN_GEO",2018,0.022537121920128
"Region1","MIN_GEO",2019,0.022537121920128
"Region1","MIN_GEO",2020,0.022537121920128
"Region1","MIN_GEO",2021,0.022537121920128
"Region1","MIN_GEO",2022,0.022537121920128
"Region1","MIN_GEO",2023,0.022537121920128
"Region1","MIN_GEO",2024,0.02504124657792
"Region1","MIN_GEO",2025,0.02504124657792
"Region1","MIN_GEO",2026,0.02504124657792
"Region1","MIN_GEO",2027,0.02504124657792
"Region1","MIN_GEO",2028,0.02504124657792
"Region1","MIN_GEO",2029,0.02504124657792
"Region1","MIN_GEO",2030,0.02504124657792
"Region1","MIN_GEO",2031,0.02504124657792
"Region1","MIN_GEO",2032,0.02504124657792
"Region1","MIN_GEO",2033,0.02504124657792
"Region1","MIN_GEO",2034,0.02504124657792
"Region1","MIN_GEO",2035,0.02504124657792
"Region1","MIN_GEO",2036,0.02504124657792
"Region1","MIN_GEO",2037,0.02504124657792
"Region1","MIN_GEO",2038,0.02504124657792
"Region1","MIN_GEO",2039,0.02504124657792
"Region1","MIN_GEO",2040,0.02504124657792
"Region1","MIN_GEO",2041,0.02504124657792
"Region1","MIN_GEO",2042,0.02504124657792
"Region1","MIN_GEO",2043,0.02504124657792
"Region1","MIN_GEO",2044,0.02504124657792
"Region1","MIN_GEO",2045,0.02504124657792
"Region1","MIN_GEO",2046,0.02504124657792
"Region1","MIN_GEO",2047,0.02504124657792
"Region1","MIN_GEO",2048,0.02504124657792
"Region1","MIN_GEO",2049,0.02504124657792
"Region1","MIN_GEO",2050,0.03813055098624
"Region1","MIN_HYD",2018,0.00727490865024
"Region1","MIN_HYD",2019,0.00727490865024
"Region1","MIN_HYD",2020,0.00727490865024
"Region1","MIN_HYD",2021,0.00727490865024
"Region1","MIN_HYD",2022,0.00727490865024
"Region1","MIN_HYD",2023,0.00727490865024
"Region1","MIN_HYD",2024,0.00727490865024
"Region1","MIN_HYD",2025,0.0358251224284799
"Region1","MIN_HYD",2026,0.03582512242848
"Region1","MIN_HYD",2027,0.03582512242848
"Region1","MIN_HYD",2028,0.03582512242848
"Region1","MIN_HYD",2029,0.03582512242848
"Region1","MIN_HYD",2030,0.03582512242848
"Region1","MIN_HYD",2031,0.03582512242848
"Region1","MIN_HYD",2032,0.03582512242848
"Region1","MIN_HYD",2033,0.03582512242848
"Region1","MIN_HYD",2034,0.03582512242848
"Region1","MIN_HYD",2035,0.03582512242848
"Region1","MIN_HYD",2036,0.03582512242848
"Region1","MIN_HYD",2037,0.03582512242848
"Region1","MIN_HYD",2038,0.03582512242848
"Region1","MIN_HYD",2039,0.03582512242848
"Region1","MIN_HYD",2040,0.03582512242848
"Region1","MIN_HYD",2041,0.03582512242848
"Region1","MIN_HYD",2042,0.03582512242848
"Region1","MIN_HYD",2043,0.03582512242848
"Region1","MIN_HYD",2044,0.03582512242848
"Region1","MIN_HYD",2045,0.03582512242848
"Region1","MIN_HYD",2046,0.03582512242848
"Region1","MIN_HYD",2047,0.03582512242848
"Region1","MIN_HYD",2048,0.03582512242848
"Region1","MIN_HYD",2049,0.03582512242848
"Region1","MIN_HYD",2050,0.03582512242848
"Region1","MIN_NGS",2018,0.168035854775919
"Region1","MIN_NGS",2019,0.205637047677788
"Region1","MIN_NGS",2020,0.212287765768724
"Region1","MIN_NGS",2021,0.218552107433653
"Region1","MIN_NGS",2022,0.136261935328668
"Region1","MIN_NGS",2023,0.139537056462403
"Region1","MIN_NGS",2024,0.243588916337013
"Region1","MIN_NGS",2025,0.124468099646133
"Region1","MIN_NGS",2026,0.132116826713211
"Region1","MIN_NGS",2027,0.0555581377854278
"Region1","MIN_NGS",2028,0.074076209477031
"Region1","MIN_NGS",2029,0.0499907076249104
"Region1","MIN_NGS",2030,0.0354355581012428
"Region1","MIN_NGS",2031,0.0254980370062212
"Region1","MIN_NGS",2032,0.0318088443182012
"Region1","MIN_NGS",2033,0.0143161948262165
"Region1","MIN_NGS",2034,0.00114595984268616
"Region1","MIN_NGS",2035,0.0673470652932281
"Region1","MIN_NGS",2036,0
"Region1","MIN_NGS",2037,0.000737721923560611
"Region1","MIN_NGS",2038,0.0205968272535099
"Region1","MIN_NGS",2039,0.0417335499692458
"Region1","MIN_NGS",2040,0.0642599617712764
"Region1","MIN_NGS",2041,0.0780516
"Region1","MIN_NGS",2042,0.0825601953318272
"Region1","MIN_NGS",2043,0.10963173721
"Region1","MIN_NGS",2044,0.138394316524721
"Region1","MIN_NGS",2045,0.169017286067868
"Region1","MIN_NGS",2046,0.201565398377513
"Region1","MIN_NGS",2047,0.236155706118629
"Region1","MIN_NGS",2048,0.273004881245533
"Region1","MIN_NGS",2049,0.343258724461632
"Region1","MIN_NGS",2050,0.57372737875086
"Region1","MIN_OIL",2018,0.0294802880288029
"Region1","MIN_OIL",2019,0.0229415841584159
"Region1","MIN_OIL",2020,0.0124326732673267
"Region1","MIN_OIL",2021,0.00569537122969837
"Region1","MIN_OIL",2022,0.00484203420342034
"Region1","MIN_OIL",2023,0.00403285328532853
"Region1","MIN_OIL",2024,0.0120985598559856
"Region1","MIN_OIL",2025,0.0120985598559856
"Region1","MIN_OIL",2026,0.0120985598559856
"Region1","MIN_OIL",2027,0.0120985598559856
"Region1","MIN_OIL",2028,0.0120985598559856
"Region1","MIN_OIL",2029,0.0206368986693961
"Region1","MIN_OIL",2030,0.0120985598559856
"Region1","MIN_OIL",2031,0.0206368986693961
"Region1","MIN_OIL",2032,0.0120985598559856
"Region1","MIN_OIL",2033,0.0120985598559856
"Region1","MIN_OIL",2034,0.0120985598559856
"Region1","MIN_OIL",2035,0.0120985598559856
"Region1","MIN_OIL",2036,0.0120985598559856
"Region1","MIN_OIL",2037,0.0292418419144307
"Region1","MIN_OIL",2038,0.0292418419144308
"Region1","MIN_OIL",2039,0.0292418419144308
"Region1","MIN_OIL",2040,0.0292418419144307
"Region1","MIN_OIL",2041,0.05863889561966
"Region1","MIN_OIL",2042,0.119347992
"Region1","MIN_OIL",2043,0.119347992
"Region1","MIN_OIL",2044,0.119347992
"Region1","MIN_OIL",2045,0.119347992
"Region1","MIN_OIL",2046,0.119347992
"Region1","MIN_OIL",2047,0.119347992
"Region1","MIN_OIL",2048,0.119347992
"Region1","MIN_OIL",2049,0.0292418419144307
"Region1","MIN_OIL",2050,0
"Region1","MIN_SOL",2018,0.00024976511999994
"Region1","MIN_SOL",2019,0.00024976511999994
"Region1","MIN_SOL",2020,0.00024976511999994
"Region1","MIN_SOL",2021,0.0111006719999999
"Region1","MIN_SOL",2022,0.0804798719999999
"Region1","MIN_SOL",2023,0.149859072
"Region1","MIN_SOL",2024,0.219238272
"Region1","MIN_SOL",2025,0.330979286110207
"Region1","MIN_SOL",2026,0.354903539300152
"Region1","MIN_SOL",2027,0.379407571897169
"Region1","MIN_SOL",2028,0.407078818086295
"Region1","MIN_SOL",2029,0.434540495429672
"Region1","MIN_SOL",2030,0.463594094554606
"Region1","MIN_SOL",2031,0.494328487274929
"Region1","MIN_SOL",2032,0.526846953565318
"Region1","MIN_SOL",2033,0.563410127070149
"Region1","MIN_SOL",2034,0.599919549639331
"Region1","MIN_SOL",2035,0.636934106477381
"Region1","MIN_SOL",2036,0.706313306477381
"Region1","MIN_SOL",2037,0.775692506477381
"Region1","MIN_SOL",2038,0.831467347783905
"Region1","MIN_SOL",2039,0.864462864093012
"Region1","MIN_SOL",2040,0.903884951781991
"Region1","MIN_SOL",2041,0.95120203509706
"Region1","MIN_SOL",2042,1.00706923843736
"Region1","MIN_SOL",2043,1.07458507705759
"Region1","MIN_SOL",2044,1.14213665421063
"Region1","MIN_SOL",2045,1.21808824754015
"Region1","MIN_SOL",2046,1.30294482094431
"Region1","MIN_SOL",2047,1.39726568855786
"Region1","MIN_SOL",2048,1.51198377395064
"Region1","MIN_SOL",2049,1.60824290647738
"Region1","MIN_SOL",2050,1.63526029236717
"Region1","MIN_WND",2018,2.70831168e-05
"Region1","MIN_WND",2019,0
"Region1","MIN_WND",2020,0
"Region1","MIN_WND",2021,0
"Region1","MIN_WND",2022,0
"Region1","MIN_WND",2023,0
"Region1","MIN_WND",2024,0
"Region1","MIN_WND",2025,0
"Region1","MIN_WND",2026,0
"Region1","MIN_WND",2027,0
"Region1","MIN_WND",2028,0
"Region1","MIN_WND",2029,0
"Region1","MIN_WND",2030,0
"Region1","MIN_WND",2031,0
"Region1","MIN_WND",2032,0
"Region1","MIN_WND",2033,0
"Region1","MIN_WND",2034,0
"Region1","MIN_WND",2035,0
"Region1","MIN_WND",2036,0
"Region1","MIN_WND",2037,0
"Region1","MIN_WND",2038,0
"Region1","MIN_WND",2039,0
"Region1","MIN_WND",2040,0
"Region1","MIN_WND",2041,0
"Region1","MIN_WND",2042,0
"Region1","MIN_WND",2043,2.6364096e-05
"Region1","MIN_WND",2044,0
"Region1","MIN_WND",2045,0
"Region1","MIN_WND",2046,0
"Region1","MIN_WND",2047,0
"Region1","MIN_WND",2048,0
"Region1","MIN_WND",2049,7.190208e-07
"Region1","MIN_WND",2050,0.0032870351232
"Region1","OTH_ALL_BIO_001",2018,0.0156966925588536
"Region1","OTH_ALL_BIO_001",2019,0.0159938210781303
"Region1","OTH_ALL_BIO_001",2020,0.00955400711171117
"Region1","OTH_ALL_BIO_001",2021,0.0112922099454756
"Region1","OTH_ALL_BIO_001",2022,0.016919381258956
"Region1","OTH_ALL_BIO_001",2023,0.0172396545035824
"Region1","OTH_ALL_BIO_001",2024,0.0175659903275333
"Region1","OTH_ALL_BIO_001",2025,0.0130417684773151
"Region1","OTH_ALL_BIO_001",2026,0.0147641370667035
"Region1","OTH_ALL_BIO_001",2027,0.0188440834211137
"Region1","OTH_ALL_BIO_001",2028,0.0166505839333933
"Region1","OTH_ALL_BIO_001",2029,0.0131199322853828
"Region1","OTH_ALL_BIO_001",2030,0.0159141846568154
"Region1","OTH_ALL_BIO_001",2031,0.0117427672667267
"Region1","OTH_ALL_BIO_001",2032,0.0204091674513818
"Region1","OTH_ALL_BIO_001",2033,0.0121915413441344
"Region1","OTH_ALL_BIO_001",2034,0.0144096024593968
"Region1","OTH_ALL_BIO_001",2035,0.0215902431081542
"Region1","OTH_ALL_BIO_001",2036,0.00642420450671684
"Region1","OTH_ALL_BIO_001",2037,0.00105249759949241
"Region1","OTH_ALL_BIO_001",2038,0
"Region1","OTH_ALL_BIO_001",2039,0
"Region1","OTH_ALL_BIO_001",2040,0
"Region1","OTH_ALL_BIO_001",2041,0
"Region1","OTH_ALL_BIO_001",2042,0
"Region1","OTH_ALL_BIO_001",2043,0
"Region1","OTH_ALL_BIO_001",2044,0
"Region1","OTH_ALL_BIO_001",2045,0
"Region1","OTH_ALL_BIO_001",2046,0
"Region1","OTH_ALL_BIO_001",2047,0
"Region1","OTH_ALL_BIO_001",2048,0
"Region1","OTH_ALL_BIO_001",2049,0
"Region1","OTH_ALL_BIO_001",2050,0
"Region1","OTH_ALL_EL_001",2018,0
"Region1","OTH_ALL_EL_001",2019,0
"Region1","OTH_ALL_EL_001",2020,0
"Region1","OTH_ALL_EL_001",2021,0
"Region1","OTH_ALL_EL_001",2022,0
"Region1","OTH_ALL_EL_001",2023,0
"Region1","OTH_ALL_EL_001",2024,0
"Region1","OTH_ALL_EL_001",2025,0
"Region1","OTH_ALL_EL_001",2026,0
"Region1","OTH_ALL_EL_001",2027,0
"Region1","OTH_ALL_EL_001",2028,0
"Region1","OTH_ALL_EL_001",2029,0
"Region1","OTH_ALL_EL_001",2030,0
"Region1","OTH_ALL_EL_001",2031,0
"Region1","OTH_ALL_EL_001",2032,0
"Region1","OTH_ALL_EL_001",2033,0
"Region1","OTH_ALL_EL_001",2034,0
"Region1","OTH_ALL_EL_001",2035,0
"Region1","OTH_ALL_EL_001",2036,0.0122417483142308
"Region1","OTH_ALL_EL_001",2037,0.0259605908303005
"Region1","OTH_ALL_EL_001",2038,0.0342595011514841
"Region1","OTH_ALL_EL_001",2039,0.0409302462646265
"Region1","OTH_ALL_EL_001",2040,0.0417050300930093
"Region1","OTH_ALL_EL_001",2041,0.0267891246642709
"Region1","OTH_ALL_EL_001",2042,0.0432988738673867
"Region1","OTH_ALL_EL_001",2043,0.0220592471647165
"Region1","OTH_ALL_EL_001",2044,0.0283394075468129
"Region1","OTH_ALL_EL_001",2045,0.0288758547191224
"Region1","OTH_ALL_EL_001",2046,0.0233358127062706
"Region1","OTH_ALL_EL_001",2047,0.023777544959496
"Region1","OTH_ALL_EL_001",2048,0.0342744994057725
"Region1","OTH_ALL_EL_001",2049,0.024686252910291
"Region1","OTH_ALL_EL_001",2050,0.0251535481548155
"Region1","OTH_ALL_NGS_001",2018,0
"Region1","OTH_ALL_NGS_001",2019,0
"Region1","OTH_ALL_NGS_001",2020,0
"Region1","OTH_ALL_NGS_001",2021,0
"Region1","OTH_ALL_NGS_001",2022,0
"Region1","OTH_ALL_NGS_001",2023,0
"Region1","OTH_ALL_NGS_001",2024,0
"Region1","OTH_ALL_NGS_001",2025,0
"Region1","OTH_ALL_NGS_001",2026,0
"Region1","OTH_ALL_NGS_001",2027,0
"Region1","OTH_ALL_NGS_001",2028,0
"Region1","OTH_ALL_NGS_001",2029,0
"Region1","OTH_ALL_NGS_001",2030,0
"Region1","OTH_ALL_NGS_001",2031,0
"Region1","OTH_ALL_NGS_001",2032,0
"Region1","OTH_ALL_NGS_001",2033,0
"Region1","OTH_ALL_NGS_001",2034,0
"Region1","OTH_ALL_NGS_001",2035,0
"Region1","OTH_ALL_NGS_001",2036,0
"Region1","OTH_ALL_NGS_001",2037,0
"Region1","OTH_ALL_NGS_001",2038,0
"Region1","OTH_ALL_NGS_001",2039,0
"Region1","OTH_ALL_NGS_001",2040,0
"Region1","OTH_ALL_NGS_001",2041,0
"Region1","OTH_ALL_NGS_001",2042,0
"Region1","OTH_ALL_NGS_001",2043,0
"Region1","OTH_ALL_NGS_001",2044,0
"Region1","OTH_ALL_NGS_001",2045,0
"Region1","OTH_ALL_NGS_001",2046,0
"Region1","OTH_ALL_NGS_001",2047,0
"Region1","OTH_ALL_NGS_001",2048,0
"Region1","OTH_ALL_NGS_001",2049,0
"Region1","OTH_ALL_NGS_001",2050,0
"Region1","OTH_ALL_OILPRD_001",2018,0
"Region1","OTH_ALL_OILPRD_001",2019,0
"Region1","OTH_ALL_OILPRD_001",2020,0
"Region1","OTH_ALL_OILPRD_001",2021,0
"Region1","OTH_ALL_OILPRD_001",2022,0
"Region1","OTH_ALL_OILPRD_001",2023,0
"Region1","OTH_ALL_OILPRD_001",2024,0
"Region1","OTH_ALL_OILPRD_001",2025,0
"Region1","OTH_ALL_OILPRD_001",2026,0
"Region1","OTH_ALL_OILPRD_001",2027,0
"Region1","OTH_ALL_OILPRD_001",2028,0
"Region1","OTH_ALL_OILPRD_001",2029,0
"Region1","OTH_ALL_OILPRD_001",2030,0
"Region1","OTH_ALL_OILPRD_001",2031,0
"Region1","OTH_ALL_OILPRD_001",2032,0
"Region1","OTH_ALL_OILPRD_001",2033,0
"Region1","OTH_ALL_OILPRD_001",2034,0
"Region1","OTH_ALL_OILPRD_001",2035,0
"Region1","OTH_ALL_OILPRD_001",2036,0
"Region1","OTH_ALL_OILPRD_001",2037,0
"Region1","OTH_ALL_OILPRD_001",2038,0
"Region1","OTH_ALL_OILPRD_001",2039,0
"Region1","OTH_ALL_OILPRD_001",2040,0
"Region1","OTH_ALL_OILPRD_001",2041,0
"Region1","OTH_ALL_OILPRD_001",2042,0
"Region1","OTH_ALL_OILPRD_001",2043,0
"Region1","OTH_ALL_OILPRD_001",2044,0
"Region1","OTH_ALL_OILPRD_001",2045,0
"Region1","OTH_ALL_OILPRD_001",2046,0
"Region1","OTH_ALL_OILPRD_001",2047,0
"Region1","OTH_ALL_OILPRD_001",2048,0
"Region1","OTH_ALL_OILPRD_001",2049,0
"Region1","OTH_ALL_OILPRD_001",2050,0
"Region1","PWR_BIO_001",2018,0
"Region1","PWR_BIO_001",2019,0
"Region1","PWR_BIO_001",2020,0
"Region1","PWR_BIO_001",2021,0
"Region1","PWR_BIO_001",2022,0
"Region1","PWR_BIO_001",2023,0
"Region1","PWR_BIO_001",2024,0
"Region1","PWR_BIO_001",2025,0
"Region1","PWR_BIO_001",2026,0
"Region1","PWR_BIO_001",2027,0
"Region1","PWR_BIO_001",2028,0
"Region1","PWR_BIO_001",2029,0
"Region1","PWR_BIO_001",2030,0
"Region1","PWR_BIO_001",2031,0
"Region1","PWR_BIO_001",2032,0
"Region1","PWR_BIO_001",2033,0
"Region1","PWR_BIO_001",2034,0
"Region1","PWR_BIO_001",2035,0
"Region1","PWR_BIO_001",2036,0
"Region1","PWR_BIO_001",2037,0
"Region1","PWR_BIO_001",2038,0
"Region1","PWR_BIO_001",2039,0
"Region1","PWR_BIO_001",2040,0
"Region1","PWR_BIO_001",2041,0
"Region1","PWR_BIO_001",2042,0
"Region1","PWR_BIO_001",2043,0
"Region1","PWR_BIO_001",2044,0
"Region1","PWR_BIO_001",2045,0
"Region1","PWR_BIO_001",2046,0
"Region1","PWR_BIO_001",2047,0
"Region1","PWR_BIO_001",2048,0
"Region1","PWR_BIO_001",2049,0
"Region1","PWR_BIO_001",2050,0
"Region1","PWR_COA_001",2018,0
"Region1","PWR_COA_001",2019,0
"Region1","PWR_COA_001",2020,0
"Region1","PWR_COA_001",2021,0
"Region1","PWR_COA_001",2022,0
"Region1","PWR_COA_001",2023,0
"Region1","PWR_COA_001",2024,0
"Region1","PWR_COA_001",2025,0
"Region1","PWR_COA_001",2026,0
"Region1","PWR_COA_001",2027,0
"Region1","PWR_COA_001",2028,0
"Region1","PWR_COA_001",2029,0
"Region1","PWR_COA_001",2030,0
"Region1","PWR_COA_001",2031,0
"Region1","PWR_COA_001",2032,0
"Region1","PWR_COA_001",2033,0
"Region1","PWR_COA_001",2034,0
"Region1","PWR_COA_001",2035,0
"Region1","PWR_COA_001",2036,0
"Region1","PWR_COA_001",2037,0
"Region1","PWR_COA_001",2038,0
"Region1","PWR_COA_001",2039,0
"Region1","PWR_COA_001",2040,0
"Region1","PWR_COA_001",2041,0
"Region1","PWR_COA_001",2042,0
"Region1","PWR_COA_001",2043,0
"Region1","PWR_COA_001",2044,0
"Region1","PWR_COA_001",2045,0
"Region1","PWR_COA_001",2046,0
"Region1","PWR_COA_001",2047,0
"Region1","PWR_COA_001",2048,0
"Region1","PWR_COA_001",2049,0
"Region1","PWR_COA_001",2050,0
"Region1","PWR_GEO_001",2018,0
"Region1","PWR_GEO_001",2019,0
"Region1","PWR_GEO_001",2020,0
"Region1","PWR_GEO_001",2021,0
"Region1","PWR_GEO_001",2022,0
"Region1","PWR_GEO_001",2023,0
"Region1","PWR_GEO_001",2024,0
"Region1","PWR_GEO_001",2025,0
"Region1","PWR_GEO_001",2026,0
"Region1","PWR_GEO_001",2027,0
"Region1","PWR_GEO_001",2028,0
"Region1","PWR_GEO_001",2029,0
"Region1","PWR_GEO_001",2030,0
"Region1","PWR_GEO_001",2031,0
"Region1","PWR_GEO_001",2032,0
"Region1","PWR_GEO_001",2033,0
"Region1","PWR_GEO_001",2034,0
"Region1","PWR_GEO_001",2035,0
"Region1","PWR_GEO_001",2036,0
"Region1","PWR_GEO_001",2037,0
"Region1","PWR_GEO_001",2038,0
"Region1","PWR_GEO_001",2039,0
"Region1","PWR_GEO_001",2040,0
"Region1","PWR_GEO_001",2041,0
"Region1","PWR_GEO_001",2042,0
"Region1","PWR_GEO_001",2043,0
"Region1","PWR_GEO_001",2044,0
"Region1","PWR_GEO_001",2045,0
"Region1","PWR_GEO_001",2046,0
"Region1","PWR_GEO_001",2047,0
"Region1","PWR_GEO_001",2048,0
"Region1","PWR_GEO_001",2049,0
"Region1","PWR_GEO_001",2050,3900.855
"Region1","PWR_HYD_001",2018,0
"Region1","PWR_HYD_001",2019,0
"Region1","PWR_HYD_001",2020,0
"Region1","PWR_HYD_001",2021,0
"Region1","PWR_HYD_001",2022,0
"Region1","PWR_HYD_001",2023,0
"Region1","PWR_HYD_001",2024,0
"Region1","PWR_HYD_001",2025,41368.7
"Region1","PWR_HYD_001",2026,0
"Region1","PWR_HYD_001",2027,0
"Region1","PWR_HYD_001",2028,0
"Region1","PWR_HYD_001",2029,0
"Region1","PWR_HYD_001",2030,0
"Region1","PWR_HYD_001",2031,0
"Region1","PWR_HYD_001",2032,0
"Region1","PWR_HYD_001",2033,0
"Region1","PWR_HYD_001",2034,0
"Region1","PWR_HYD_001",2035,0
"Region1","PWR_HYD_001",2036,0
"Region1","PWR_HYD_001",2037,0
"Region1","PWR_HYD_001",2038,0
"Region1","PWR_HYD_001",2039,0
"Region1","PWR_HYD_001",2040,0
"Region1","PWR_HYD_001",2041,0
"Region1","PWR_HYD_001",2042,0
"Region1","PWR_HYD_001",2043,0
"Region1","PWR_HYD_001",2044,0
"Region1","PWR_HYD_001",2045,0
"Region1","PWR_HYD_001",2046,0
"Region1","PWR_HYD_001",2047,0
"Region1","PWR_HYD_001",2048,0
"Region1","PWR_HYD_001",2049,0
"Region1","PWR_HYD_001",2050,0
"Region1","PWR_NEW_001",2018,0
"Region1","PWR_NEW_001",2019,0
"Region1","PWR_NEW_001",2020,0
"Region1","PWR_NEW_001",2021,0
"Region1","PWR_NEW_001",2022,0
"Region1","PWR_NEW_001",2023,0
"Region1","PWR_NEW_001",2024,0
"Region1","PWR_NEW_001",2025,0
"Region1","PWR_NEW_001",2026,0
"Region1","PWR_NEW_001",2027,0
"Region1","PWR_NEW_001",2028,0
"Region1","PWR_NEW_001",2029,0
"Region1","PWR_NEW_001",2030,0
"Region1","PWR_NEW_001",2031,0
"Region1","PWR_NEW_001",2032,0
"Region1","PWR_NEW_001",2033,0
"Region1","PWR_NEW_001",2034,0
"Region1","PWR_NEW_001",2035,0
"Region1","PWR_NEW_001",2036,0
"Region1","PWR_NEW_001",2037,0
"Region1","PWR_NEW_001",2038,0
"Region1","PWR_NEW_001",2039,0
"Region1","PWR_NEW_001",2040,0
"Region1","PWR_NEW_001",2041,0
"Region1","PWR_NEW_001",2042,0
"Region1","PWR_NEW_001",2043,0
"Region1","PWR_NEW_001",2044,0
"Region1","PWR_NEW_001",2045,0
"Region1","PWR_NEW_001",2046,0
"Region1","PWR_NEW_001",2047,0
"Region1","PWR_NEW_001",2048,0
"Region1","PWR_NEW_001",2049,0
"Region1","PWR_NEW_001",2050,0
"Region1","PWR_NGS_001",2018,0
"Region1","PWR_NGS_001",2019,0
"Region1","PWR_NGS_001",2020,0
"Region1","PWR_NGS_001",2021,0
"Region1","PWR_NGS_001",2022,0
"Region1","PWR_NGS_001",2023,0
"Region1","PWR_NGS_001",2024,0
"Region1","PWR_NGS_001",2025,0
"Region1","PWR_NGS_001",2026,0
"Region1","PWR_NGS_001",2027,0
"Region1","PWR_NGS_001",2028,0
"Region1","PWR_NGS_001",2029,0
"Region1","PWR_NGS_001",2030,0
"Region1","PWR_NGS_001",2031,0
"Region1","PWR_NGS_001",2032,0
"Region1","PWR_NGS_001",2033,0
"Region1","PWR_NGS_001",2034,0
"Region1","PWR_NGS_001",2035,0
"Region1","PWR_NGS_001",2036,0
"Region1","PWR_NGS_001",2037,0
"Region1","PWR_NGS_001",2038,0
"Region1","PWR_NGS_001",2039,0
"Region1","PWR_NGS_001",2040,0
"Region1","PWR_NGS_001",2041,0
"Region1","PWR_NGS_001",2042,932.142363125105
"Region1","PWR_NGS_001",2043,5596.98290987083
"Region1","PWR_NGS_001",2044,5946.60125355084
"Region1","PWR_NGS_001",2045,6331.23292178212
"Region1","PWR_NGS_001",2046,6729.25203763578
"Region1","PWR_NGS_001",2047,7151.47153957631
"Region1","PWR_NGS_001",2048,7618.48750086931
"Region1","PWR_NGS_001",2049,14524.8305989651
"Region1","PWR_NGS_001",2050,47648.8973226081
"Region1","PWR_OILPRD_001",2018,0
"Region1","PWR_OILPRD_001",2019,0
"Region1","PWR_OILPRD_001",2020,0
"Region1","PWR_OILPRD_001",2021,0
"Region1","PWR_OILPRD_001",2022,0
"Region1","PWR_OILPRD_001",2023,0
"Region1","PWR_OILPRD_001",2024,0
"Region1","PWR_OILPRD_001",2025,0
"Region1","PWR_OILPRD_001",2026,0
"Region1","PWR_OILPRD_001",2027,0
"Region1","PWR_OILPRD_001",2028,0
"Region1","PWR_OILPRD_001",2029,0
"Region1","PWR_OILPRD_001",2030,0
"Region1","PWR_OILPRD_001",2031,0
"Region1","PWR_OILPRD_001",2032,0
"Region1","PWR_OILPRD_001",2033,0
"Region1","PWR_OILPRD_001",2034,0
"Region1","PWR_OILPRD_001",2035,0
"Region1","PWR_OILPRD_001",2036,0
"Region1","PWR_OILPRD_001",2037,0
"Region1","PWR_OILPRD_001",2038,0
"Region1","PWR_OILPRD_001",2039,0
"Region1","PWR_OILPRD_001",2040,0
"Region1","PWR_OILPRD_001",2041,0
"Region1","PWR_OILPRD_001",2042,0
"Region1","PWR_OILPRD_001",2043,0
"Region1","PWR_OILPRD_001",2044,0
"Region1","PWR_OILPRD_001",2045,0
"Region1","PWR_OILPRD_001",2046,0
"Region1","PWR_OILPRD_001",2047,0
"Region1","PWR_OILPRD_001",2048,0
"Region1","PWR_OILPRD_001",2049,0
"Region1","PWR_OILPRD_001",2050,0
"Region1","PWR_OILPRD_002",2018,0
"Region1","PWR_OILPRD_002",2019,0
"Region1","PWR_OILPRD_002",2020,0
"Region1","PWR_OILPRD_002",2021,0
"Region1","PWR_OILPRD_002",2022,0
"Region1","PWR_OILPRD_002",2023,0
"Region1","PWR_OILPRD_002",2024,0
"Region1","PWR_OILPRD_002",2025,0
"Region1","PWR_OILPRD_002",2026,0
"Region1","PWR_OILPRD_002",2027,0
"Region1","PWR_OILPRD_002",2028,0
"Region1","PWR_OILPRD_002",2029,0
"Region1","PWR_OILPRD_002",2030,0
"Region1","PWR_OILPRD_002",2031,0
"Region1","PWR_OILPRD_002",2032,0
"Region1","PWR_OILPRD_002",2033,0
"Region1","PWR_OILPRD_002",2034,0
"Region1","PWR_OILPRD_002",2035,0
"Region1","PWR_OILPRD_002",2036,0
"Region1","PWR_OILPRD_002",2037,0
"Region1","PWR_OILPRD_002",2038,0
"Region1","PWR_OILPRD_002",2039,0
"Region1","PWR_OILPRD_002",2040,0
"Region1","PWR_OILPRD_002",2041,0
"Region1","PWR_OILPRD_002",2042,0
"Region1","PWR_OILPRD_002",2043,0
"Region1","PWR_OILPRD_002",2044,0
"Region1","PWR_OILPRD_002",2045,0
"Region1","PWR_OILPRD_002",2046,0
"Region1","PWR_OILPRD_002",2047,0
"Region1","PWR_OILPRD_002",2048,0
"Region1","PWR_OILPRD_002",2049,0
"Region1","PWR_OILPRD_002",2050,0
"Region1","PWR_OILPRD_003",2018,0
"Region1","PWR_OILPRD_003",2019,0
"Region1","PWR_OILPRD_003",2020,0
"Region1","PWR_OILPRD_003",2021,0
"Region1","PWR_OILPRD_003",2022,0
"Region1","PWR_OILPRD_003",2023,0
"Region1","PWR_OILPRD_003",2024,0
"Region1","PWR_OILPRD_003",2025,0
"Region1","PWR_OILPRD_003",2026,0
"Region1","PWR_OILPRD_003",2027,0
"Region1","PWR_OILPRD_003",2028,0
"Region1","PWR_OILPRD_003",2029,0
"Region1","PWR_OILPRD_003",2030,0
"Region1","PWR_OILPRD_003",2031,0
"Region1","PWR_OILPRD_003",2032,0
"Region1","PWR_OILPRD_003",2033,0
"Region1","PWR_OILPRD_003",2034,0
"Region1","PWR_OILPRD_003",2035,0
"Region1","PWR_OILPRD_003",2036,0
"Region1","PWR_OILPRD_003",2037,0
"Region1","PWR_OILPRD_003",2038,0
"Region1","PWR_OILPRD_003",2039,0
"Region1","PWR_OILPRD_003",2040,0
"Region1","PWR_OILPRD_003",2041,0
"Region1","PWR_OILPRD_003",2042,0
"Region1","PWR_OILPRD_003",2043,0
"Region1","PWR_OILPRD_003",2044,0
"Region1","PWR_OILPRD_003",2045,0
"Region1","PWR_OILPRD_003",2046,0
"Region1","PWR_OILPRD_003",2047,0
"Region1","PWR_OILPRD_003",2048,0
"Region1","PWR_OILPRD_003",2049,0
"Region1","PWR_OILPRD_003",2050,0
"Region1","PWR_SOL_002",2018,0
"Region1","PWR_SOL_002",2019,0
"Region1","PWR_SOL_002",2020,0
"Region1","PWR_SOL_002",2021,0
"Region1","PWR_SOL_002",2022,0
"Region1","PWR_SOL_002",2023,0
"Region1","PWR_SOL_002",2024,0
"Region1","PWR_SOL_002",2025,0
"Region1","PWR_SOL_002",2026,0
"Region1","PWR_SOL_002",2027,0
"Region1","PWR_SOL_002",2028,0
"Region1","PWR_SOL_002",2029,0
"Region1","PWR_SOL_002",2030,0
"Region1","PWR_SOL_002",2031,0
"Region1","PWR_SOL_002",2032,0
"Region1","PWR_SOL_002",2033,0
"Region1","PWR_SOL_002",2034,0
"Region1","PWR_SOL_002",2035,0
"Region1","PWR_SOL_002",2036,0
"Region1","PWR_SOL_002",2037,0
"Region1","PWR_SOL_002",2038,0
"Region1","PWR_SOL_002",2039,0
"Region1","PWR_SOL_002",2040,0
"Region1","PWR_SOL_002",2041,0
"Region1","PWR_SOL_002",2042,0
"Region1","PWR_SOL_002",2043,0
"Region1","PWR_SOL_002",2044,0
"Region1","PWR_SOL_002",2045,0
"Region1","PWR_SOL_002",2046,0
"Region1","PWR_SOL_002",2047,0
"Region1","PWR_SOL_002",2048,0
"Region1","PWR_SOL_002",2049,0
"Region1","PWR_SOL_002",2050,0
"Region1","PWR_SOL_003",2018,0
"Region1","PWR_SOL_003",2019,0
"Region1","PWR_SOL_003",2020,0
"Region1","PWR_SOL_003",2021,0
"Region1","PWR_SOL_003",2022,0
"Region1","PWR_SOL_003",2023,0
"Region1","PWR_SOL_003",2024,0
"Region1","PWR_SOL_003",2025,69972.9010572301
"Region1","PWR_SOL_003",2026,39517.8874297723
"Region1","PWR_SOL_003",2027,40475.5623532433
"Region1","PWR_SOL_003",2028,45707.1400833942
"Region1","PWR_SOL_003",2029,45360.9759632712
"Region1","PWR_SOL_003",2030,47990.4994539781
"Region1","PWR_SOL_003",2031,50766.8206861563
"Region1","PWR_SOL_003",2032,53713.7389430644
"Region1","PWR_SOL_003",2033,60394.7535234418
"Region1","PWR_SOL_003",2034,60305.9681637767
"Region1","PWR_SOL_003",2035,61140.3448532208
"Region1","PWR_SOL_003",2036,114600
"Region1","PWR_SOL_003",2037,114600
"Region1","PWR_SOL_003",2038,114600
"Region1","PWR_SOL_003",2039,114600
"Region1","PWR_SOL_003",2040,114600
"Region1","PWR_SOL_003",2041,114600
"Region1","PWR_SOL_003",2042,114600
"Region1","PWR_SOL_003",2043,114600
"Region1","PWR_SOL_003",2044,114600
"Region1","PWR_SOL_003",2045,114600
"Region1","PWR_SOL_003",2046,114600
"Region1","PWR_SOL_003",2047,114600
"Region1","PWR_SOL_003",2048,114600
"Region1","PWR_SOL_003",2049,114600
"Region1","PWR_SOL_003",2050,114600
"Region1","PWR_SOL_E001",2018,0
"Region1","PWR_SOL_E001",2019,0
"Region1","PWR_SOL_E001",2020,0
"Region1","PWR_SOL_E001",2021,9321.43999999997
"Region1","PWR_SOL_E001",2022,59600
"Region1","PWR_SOL_E001",2023,59600.0000000001
"Region1","PWR_SOL_E001",2024,59600
"Region1","PWR_SOL_E001",2025,59600
"Region1","PWR_SOL_E001",2026,0
"Region1","PWR_SOL_E001",2027,0
"Region1","PWR_SOL_E001",2028,0
"Region1","PWR_SOL_E001",2029,0
"Region1","PWR_SOL_E001",2030,0
"Region1","PWR_SOL_E001",2031,0
"Region1","PWR_SOL_E001",2032,0
"Region1","PWR_SOL_E001",2033,0
"Region1","PWR_SOL_E001",2034,0
"Region1","PWR_SOL_E001",2035,0
"Region1","PWR_SOL_E001",2036,0
"Region1","PWR_SOL_E001",2037,0
"Region1","PWR_SOL_E001",2038,0
"Region1","PWR_SOL_E001",2039,0
"Region1","PWR_SOL_E001",2040,0
"Region1","PWR_SOL_E001",2041,0
"Region1","PWR_SOL_E001",2042,0
"Region1","PWR_SOL_E001",2043,0
"Region1","PWR_SOL_E001",2044,0
"Region1","PWR_SOL_E001",2045,0
"Region1","PWR_SOL_E001",2046,9321.44
"Region1","PWR_SOL_E001",2047,59600
"Region1","PWR_SOL_E001",2048,59600
"Region1","PWR_SOL_E001",2049,59600
"Region1","PWR_SOL_E001",2050,59600
"Region1","PWR_TRN_001",2018,0.00270135479492514
"Region1","PWR_TRN_001",2019,0
"Region1","PWR_TRN_001",2020,0
"Region1","PWR_TRN_001",2021,0.000173387786508015
"Region1","PWR_TRN_001",2022,0.00204898499079473
"Region1","PWR_TRN_001",2023,0
"Region1","PWR_TRN_001",2024,0.00150631353359849
"Region1","PWR_TRN_001",2025,0.00295585942869929
"Region1","PWR_TRN_001",2026,0
"Region1","PWR_TRN_001",2027,0
"Region1","PWR_TRN_001",2028,0
"Region1","PWR_TRN_001",2029,0
"Region1","PWR_TRN_001",2030,0
"Region1","PWR_TRN_001",2031,0
"Region1","PWR_TRN_001",2032,0
"Region1","PWR_TRN_001",2033,0
"Region1","PWR_TRN_001",2034,0
"Region1","PWR_TRN_001",2035,0
"Region1","PWR_TRN_001",2036,0
"Region1","PWR_TRN_001",2037,0
"Region1","PWR_TRN_001",2038,0
"Region1","PWR_TRN_001",2039,0
"Region1","PWR_TRN_001",2040,0
"Region1","PWR_TRN_001",2041,0
"Region1","PWR_TRN_001",2042,0
"Region1","PWR_TRN_001",2043,0
"Region1","PWR_TRN_001",2044,0
"Region1","PWR_TRN_001",2045,0
"Region1","PWR_TRN_001",2046,0
"Region1","PWR_TRN_001",2047,0
"Region1","PWR_TRN_001",2048,0
"Region1","PWR_TRN_001",2049,0
"Region1","PWR_TRN_001",2050,0
"Region1","PWR_TRN_002",2018,0
"Region1","PWR_TRN_002",2019,0
"Region1","PWR_TRN_002",2020,0
"Region1","PWR_TRN_002",2021,0
"Region1","PWR_TRN_002",2022,0
"Region1","PWR_TRN_002",2023,0
"Region1","PWR_TRN_002",2024,0
"Region1","PWR_TRN_002",2025,0
"Region1","PWR_TRN_002",2026,0
"Region1","PWR_TRN_002",2027,0
"Region1","PWR_TRN_002",2028,0
"Region1","PWR_TRN_002",2029,0
"Region1","PWR_TRN_002",2030,0
"Region1","PWR_TRN_002",2031,0
"Region1","PWR_TRN_002",2032,0
"Region1","PWR_TRN_002",2033,0
"Region1","PWR_TRN_002",2034,0
"Region1","PWR_TRN_002",2035,0
"Region1","PWR_TRN_002",2036,0
"Region1","PWR_TRN_002",2037,0
"Region1","PWR_TRN_002",2038,0
"Region1","PWR_TRN_002",2039,0
"Region1","PWR_TRN_002",2040,0
"Region1","PWR_TRN_002",2041,0
"Region1","PWR_TRN_002",2042,0
"Region1","PWR_TRN_002",2043,0
"Region1","PWR_TRN_002",2044,0
"Region1","PWR_TRN_002",2045,0
"Region1","PWR_TRN_002",2046,0
"Region1","PWR_TRN_002",2047,0
"Region1","PWR_TRN_002",2048,0
"Region1","PWR_TRN_002",2049,0
"Region1","PWR_TRN_002",2050,0
"Region1","PWR_WND_E001",2018,0
"Region1","PWR_WND_E001",2019,0
"Region1","PWR_WND_E001",2020,0
"Region1","PWR_WND_E001",2021,0
"Region1","PWR_WND_E001",2022,0
"Region1","PWR_WND_E001",2023,0
"Region1","PWR_WND_E001",2024,0
"Region1","PWR_WND_E001",2025,0
"Region1","PWR_WND_E001",2026,0
"Region1","PWR_WND_E001",2027,0
"Region1","PWR_WND_E001",2028,0
"Region1","PWR_WND_E001",2029,0
"Region1","PWR_WND_E001",2030,0
"Region1","PWR_WND_E001",2031,0
"Region1","PWR_WND_E001",2032,0
"Region1","PWR_WND_E001",2033,0
"Region1","PWR_WND_E001",2034,0
"Region1","PWR_WND_E001",2035,0
"Region1","PWR_WND_E001",2036,0
"Region1","PWR_WND_E001",2037,0
"Region1","PWR_WND_E001",2038,0
"Region1","PWR_WND_E001",2039,0
"Region1","PWR_WND_E001",2040,0
"Region1","PWR_WND_E001",2041,0
"Region1","PWR_WND_E001",2042,0
"Region1","PWR_WND_E001",2043,0
"Region1","PWR_WND_E001",2044,0
"Region1","PWR_WND_E001",2045,0
"Region1","PWR_WND_E001",2046,0
"Region1","PWR_WND_E001",2047,0
"Region1","PWR_WND_E001",2048,0
"Region1","PWR_WND_E001",2049,0
"Region1","PWR_WND_E001",2050,40152.072
"Region1","REFINERY",2018,0
"Region1","REFINERY",2019,0
"Region1","REFINERY",2020,0
"Region1","REFINERY",2021,0
"Region1","REFINERY",2022,0
"Region1","REFINERY",2023,0
"Region1","REFINERY",2024,0
"Region1","REFINERY",2025,0
"Region1","REFINERY",2026,0
"Region1","REFINERY",2027,0
"Region1","REFINERY",2028,0
"Region1","REFINERY",2029,0
"Region1","REFINERY",2030,0
"Region1","REFINERY",2031,0
"Region1","REFINERY",2032,0
"Region1","REFINERY",2033,0
"Region1","REFINERY",2034,0
"Region1","REFINERY",2035,0
"Region1","REFINERY",2036,0
"Region1","REFINERY",2037,0
"Region1","REFINERY",2038,0
"Region1","REFINERY",2039,0
"Region1","REFINERY",2040,0
"Region1","REFINERY",2041,0
"Region1","REFINERY",2042,0
"Region1","REFINERY",2043,0
"Region1","REFINERY",2044,0
"Region1","REFINERY",2045,0
"Region1","REFINERY",2046,0
"Region1","REFINERY",2047,0
"Region1","REFINERY",2048,0
"Region1","REFINERY",2049,0
"Region1","REFINERY",2050,0
"Region1","RES_COOL_001",2018,0.122458303118202
"Region1","RES_COOL_001",2019,0.00778825235678028
"Region1","RES_COOL_001",2020,0.00826686004350979
"Region1","RES_COOL_001",2021,0.00881073241479329
"Region1","RES_COOL_001",2022,0.00935460478607694
"Region1","RES_COOL_001",2023,0.00996374184191439
"Region1","RES_COOL_001",2024,0.0105946337926034
"Region1","RES_COOL_001",2025,0.0112690355329949
"Region1","RES_COOL_001",2026,0.0119869470630893
"Region1","RES_COOL_001",2027,0.0127266134880348
"Region1","RES_COOL_001",2028,0.136011602610587
"Region1","RES_COOL_001",2029,0.0222117476432198
"Region1","RES_COOL_001",2030,0.0235823060188542
"Region1","RES_COOL_001",2031,0.0251269035532995
"Region1","RES_COOL_001",2032,0.0266932559825961
"Region1","RES_COOL_001",2033,0.0284118926758521
"Region1","RES_COOL_001",2034,0.0301957940536621
"Region1","RES_COOL_001",2035,0.0321319796954314
"Region1","RES_COOL_001",2036,0.0341769398114578
"Region1","RES_COOL_001",2037,0.0363306744017403
"Region1","RES_COOL_001",2038,0.161116751269036
"Region1","RES_COOL_001",2039,0.0489050036258157
"Region1","RES_COOL_001",2040,0.051972443799855
"Region1","RES_COOL_001",2041,0.0553226976069618
"Region1","RES_COOL_001",2042,0.058803480783176
"Region1","RES_COOL_001",2043,0.0625670775924585
"Region1","RES_COOL_001",2044,0.066504713560551
"Region1","RES_COOL_001",2045,0.070768672951414
"Region1","RES_COOL_001",2046,0.0752719361856421
"Region1","RES_COOL_001",2047,0.0800362581580852
"Region1","RES_COOL_001",2048,0.207585206671501
"Region1","RES_COOL_001",2049,0.0983538796229153
"Region1","RES_COOL_001",2050,0.104532269760696
"Region1","RES_COOL_002",2018,0
"Region1","RES_COOL_002",2019,0
"Region1","RES_COOL_002",2020,0
"Region1","RES_COOL_002",2021,0
"Region1","RES_COOL_002",2022,0
"Region1","RES_COOL_002",2023,0
"Region1","RES_COOL_002",2024,0
"Region1","RES_COOL_002",2025,0
"Region1","RES_COOL_002",2026,0
"Region1","RES_COOL_002",2027,0
"Region1","RES_COOL_002",2028,0
"Region1","RES_COOL_002",2029,0
"Region1","RES_COOL_002",2030,0
"Region1","RES_COOL_002",2031,0
"Region1","RES_COOL_002",2032,0
"Region1","RES_COOL_002",2033,0
"Region1","RES_COOL_002",2034,0
"Region1","RES_COOL_002",2035,0
"Region1","RES_COOL_002",2036,0
"Region1","RES_COOL_002",2037,0
"Region1","RES_COOL_002",2038,0
"Region1","RES_COOL_002",2039,0
"Region1","RES_COOL_002",2040,0
"Region1","RES_COOL_002",2041,0
"Region1","RES_COOL_002",2042,0
"Region1","RES_COOL_002",2043,0
"Region1","RES_COOL_002",2044,0
"Region1","RES_COOL_002",2045,0
"Region1","RES_COOL_002",2046,0
"Region1","RES_COOL_002",2047,0
"Region1","RES_COOL_002",2048,0
"Region1","RES_COOL_002",2049,0
"Region1","RES_COOL_002",2050,0
"Region1","RES_CWH_BIO_001",2018,0
"Region1","RES_CWH_BIO_001",2019,0
"Region1","RES_CWH_BIO_001",2020,0
"Region1","RES_CWH_BIO_001",2021,0
"Region1","RES_CWH_BIO_001",2022,0
"Region1","RES_CWH_BIO_001",2023,0
"Region1","RES_CWH_BIO_001",2024,0
"Region1","RES_CWH_BIO_001",2025,0
"Region1","RES_CWH_BIO_001",2026,0
"Region1","RES_CWH_BIO_001",2027,0
"Region1","RES_CWH_BIO_001",2028,0
"Region1","RES_CWH_BIO_001",2029,0
"Region1","RES_CWH_BIO_001",2030,0
"Region1","RES_CWH_BIO_001",2031,0
"Region1","RES_CWH_BIO_001",2032,0
"Region1","RES_CWH_BIO_001",2033,0
"Region1","RES_CWH_BIO_001",2034,0
"Region1","RES_CWH_BIO_001",2035,0
"Region1","RES_CWH_BIO_001",2036,0
"Region1","RES_CWH_BIO_001",2037,0
"Region1","RES_CWH_BIO_001",2038,0
"Region1","RES_CWH_BIO_001",2039,0
"Region1","RES_CWH_BIO_001",2040,0
"Region1","RES_CWH_BIO_001",2041,0
"Region1","RES_CWH_BIO_001",2042,0
"Region1","RES_CWH_BIO_001",2043,0
"Region1","RES_CWH_BIO_001",2044,0
"Region1","RES_CWH_BIO_001",2045,0
"Region1","RES_CWH_BIO_001",2046,0
"Region1","RES_CWH_BIO_001",2047,0
"Region1","RES_CWH_BIO_001",2048,0
"Region1","RES_CWH_BIO_001",2049,0
"Region1","RES_CWH_BIO_001",2050,0
"Region1","RES_CWH_EL_001",2018,0.0133333333333333
"Region1","RES_CWH_EL_001",2019,0.0143679343810268
"Region1","RES_CWH_EL_001",2020,0.0174941995359629
"Region1","RES_CWH_EL_001",2021,0.016040604060406
"Region1","RES_CWH_EL_001",2022,0.0226905636057786
"Region1","RES_CWH_EL_001",2023,0.0330520395559587
"Region1","RES_CWH_EL_001",2024,0.0357298297133828
"Region1","RES_CWH_EL_001",2025,0.184718866927921
"Region1","RES_CWH_EL_001",2026,0.198577100136503
"Region1","RES_CWH_EL_001",2027,0.180738215856631
"Region1","RES_CWH_EL_001",2028,0.195595206729912
"Region1","RES_CWH_EL_001",2029,0.209565688980115
"Region1","RES_CWH_EL_001",2030,0.224289108151628
"Region1","RES_CWH_EL_001",2031,0.239805122135044
"Region1","RES_CWH_EL_001",2032,0.256163657760335
"Region1","RES_CWH_EL_001",2033,0.275419962290601
"Region1","RES_CWH_EL_001",2034,0.293695874534917
"Region1","RES_CWH_EL_001",2035,0.308123835264623
"Region1","RES_CWH_EL_001",2036,0.330870671830741
"Region1","RES_CWH_EL_001",2037,0.371425270009438
"Region1","RES_CWH_EL_001",2038,0.3755672433732
"Region1","RES_CWH_EL_001",2039,0.364159732244391
"Region1","RES_CWH_EL_001",2040,0.379816906248445
"Region1","RES_CWH_EL_001",2041,0.419790570565081
"Region1","RES_CWH_EL_001",2042,0.422639270892159
"Region1","RES_CWH_EL_001",2043,0.466769007551011
"Region1","RES_CWH_EL_001",2044,0.451001887784219
"Region1","RES_CWH_EL_001",2045,0.483543094949266
"Region1","RES_CWH_EL_001",2046,0.496109843156745
"Region1","RES_CWH_EL_001",2047,0.549905680655921
"Region1","RES_CWH_EL_001",2048,0.572880569402198
"Region1","RES_CWH_EL_001",2049,0.586641905493172
"Region1","RES_CWH_EL_001",2050,0.575077377568148
"Region1","RES_CWH_KER_001",2018,0.00132794090219833
"Region1","RES_CWH_KER_001",2019,0
"Region1","RES_CWH_KER_001",2020,0
"Region1","RES_CWH_KER_001",2021,0
"Region1","RES_CWH_KER_001",2022,0
"Region1","RES_CWH_KER_001",2023,0
"Region1","RES_CWH_KER_001",2024,0
"Region1","RES_CWH_KER_001",2025,0
"Region1","RES_CWH_KER_001",2026,0
"Region1","RES_CWH_KER_001",2027,0
"Region1","RES_CWH_KER_001",2028,0.000544980173693045
"Region1","RES_CWH_KER_001",2029,0.000384609856459933
"Region1","RES_CWH_KER_001",2030,0
"Region1","RES_CWH_KER_001",2031,0
"Region1","RES_CWH_KER_001",2032,0
"Region1","RES_CWH_KER_001",2033,0
"Region1","RES_CWH_KER_001",2034,0
"Region1","RES_CWH_KER_001",2035,0
"Region1","RES_CWH_KER_001",2036,0
"Region1","RES_CWH_KER_001",2037,0.00038761005608264
"Region1","RES_CWH_KER_001",2038,0.000544980173693046
"Region1","RES_CWH_KER_001",2039,0.000384609856459933
"Region1","RES_CWH_KER_001",2040,0
"Region1","RES_CWH_KER_001",2041,0.00132419160834366
"Region1","RES_CWH_KER_001",2042,0.0027346439810964
"Region1","RES_CWH_KER_001",2043,0
"Region1","RES_CWH_KER_001",2044,0
"Region1","RES_CWH_KER_001",2045,0
"Region1","RES_CWH_KER_001",2046,0
"Region1","RES_CWH_KER_001",2047,0.00038761005608264
"Region1","RES_CWH_KER_001",2048,0.000544980173693042
"Region1","RES_CWH_KER_001",2049,0
"Region1","RES_CWH_KER_001",2050,0
"Region1","RES_CWH_LPG_001",2018,0.000323959209107724
"Region1","RES_CWH_LPG_001",2019,0
"Region1","RES_CWH_LPG_001",2020,0
"Region1","RES_CWH_LPG_001",2021,0
"Region1","RES_CWH_LPG_001",2022,0
"Region1","RES_CWH_LPG_001",2023,0
"Region1","RES_CWH_LPG_001",2024,0
"Region1","RES_CWH_LPG_001",2025,0
"Region1","RES_CWH_LPG_001",2026,0
"Region1","RES_CWH_LPG_001",2027,0
"Region1","RES_CWH_LPG_001",2028,0.000132951207208633
"Region1","RES_CWH_LPG_001",2029,9.38278990484672e-05
"Region1","RES_CWH_LPG_001",2030,0
"Region1","RES_CWH_LPG_001",2031,0
"Region1","RES_CWH_LPG_001",2032,0
"Region1","RES_CWH_LPG_001",2033,0
"Region1","RES_CWH_LPG_001",2034,0
"Region1","RES_CWH_LPG_001",2035,0
"Region1","RES_CWH_LPG_001",2036,0
"Region1","RES_CWH_LPG_001",2037,9.45598158795015e-05
"Region1","RES_CWH_LPG_001",2038,0.000132951207208633
"Region1","RES_CWH_LPG_001",2039,9.38278990484673e-05
"Region1","RES_CWH_LPG_001",2040,0
"Region1","RES_CWH_LPG_001",2041,0.00032304454621131
"Region1","RES_CWH_LPG_001",2042,0.000667132927256484
"Region1","RES_CWH_LPG_001",2043,0
"Region1","RES_CWH_LPG_001",2044,0
"Region1","RES_CWH_LPG_001",2045,0
"Region1","RES_CWH_LPG_001",2046,0
"Region1","RES_CWH_LPG_001",2047,9.45598158795019e-05
"Region1","RES_CWH_LPG_001",2048,0.000132951207208633
"Region1","RES_CWH_LPG_001",2049,0
"Region1","RES_CWH_LPG_001",2050,0
"Region1","RES_CWH_NGS_001",2018,0.0923273927340217
"Region1","RES_CWH_NGS_001",2019,0.0206599960999278
"Region1","RES_CWH_NGS_001",2020,0.00365424070930562
"Region1","RES_CWH_NGS_001",2021,0.00344194596974087
"Region1","RES_CWH_NGS_001",2022,0
"Region1","RES_CWH_NGS_001",2023,0
"Region1","RES_CWH_NGS_001",2024,0.0137564884084396
"Region1","RES_CWH_NGS_001",2025,0
"Region1","RES_CWH_NGS_001",2026,0
"Region1","RES_CWH_NGS_001",2027,0
"Region1","RES_CWH_NGS_001",2028,0
"Region1","RES_CWH_NGS_001",2029,0.00661474668444271
"Region1","RES_CWH_NGS_001",2030,0
"Region1","RES_CWH_NGS_001",2031,0
"Region1","RES_CWH_NGS_001",2032,0
"Region1","RES_CWH_NGS_001",2033,0
"Region1","RES_CWH_NGS_001",2034,0
"Region1","RES_CWH_NGS_001",2035,0
"Region1","RES_CWH_NGS_001",2036,0
"Region1","RES_CWH_NGS_001",2037,0
"Region1","RES_CWH_NGS_001",2038,0
"Region1","RES_CWH_NGS_001",2039,0
"Region1","RES_CWH_NGS_001",2040,0
"Region1","RES_CWH_NGS_001",2041,0
"Region1","RES_CWH_NGS_001",2042,0
"Region1","RES_CWH_NGS_001",2043,0
"Region1","RES_CWH_NGS_001",2044,0
"Region1","RES_CWH_NGS_001",2045,0
"Region1","RES_CWH_NGS_001",2046,0
"Region1","RES_CWH_NGS_001",2047,0
"Region1","RES_CWH_NGS_001",2048,0
"Region1","RES_CWH_NGS_001",2049,0
"Region1","RES_CWH_NGS_001",2050,0
"Region1","RES_EE_COOL",2018,0
"Region1","RES_EE_COOL",2019,0
"Region1","RES_EE_COOL",2020,0
"Region1","RES_EE_COOL",2021,0
"Region1","RES_EE_COOL",2022,0
"Region1","RES_EE_COOL",2023,0
"Region1","RES_EE_COOL",2024,0
"Region1","RES_EE_COOL",2025,0
"Region1","RES_EE_COOL",2026,0
"Region1","RES_EE_COOL",2027,0
"Region1","RES_EE_COOL",2028,0
"Region1","RES_EE_COOL",2029,0
"Region1","RES_EE_COOL",2030,0
"Region1","RES_EE_COOL",2031,0
"Region1","RES_EE_COOL",2032,0
"Region1","RES_EE_COOL",2033,0
"Region1","RES_EE_COOL",2034,0
"Region1","RES_EE_COOL",2035,0
"Region1","RES_EE_COOL",2036,0
"Region1","RES_EE_COOL",2037,0
"Region1","RES_EE_COOL",2038,0
"Region1","RES_EE_COOL",2039,0
"Region1","RES_EE_COOL",2040,0
"Region1","RES_EE_COOL",2041,0
"Region1","RES_EE_COOL",2042,0
"Region1","RES_EE_COOL",2043,0
"Region1","RES_EE_COOL",2044,0
"Region1","RES_EE_COOL",2045,0
"Region1","RES_EE_COOL",2046,0
"Region1","RES_EE_COOL",2047,0
"Region1","RES_EE_COOL",2048,0
"Region1","RES_EE_COOL",2049,0
"Region1","RES_EE_COOL",2050,0
"Region1","RES_EE_ELC",2018,0
"Region1","RES_EE_ELC",2019,0
"Region1","RES_EE_ELC",2020,0
"Region1","RES_EE_ELC",2021,0
"Region1","RES_EE_ELC",2022,0
"Region1","RES_EE_ELC",2023,0
"Region1","RES_EE_ELC",2024,0
"Region1","RES_EE_ELC",2025,0
"Region1","RES_EE_ELC",2026,0
"Region1","RES_EE_ELC",2027,0
"Region1","RES_EE_ELC",2028,0
"Region1","RES_EE_ELC",2029,0
"Region1","RES_EE_ELC",2030,0
"Region1","RES_EE_ELC",2031,0
"Region1","RES_EE_ELC",2032,0
"Region1","RES_EE_ELC",2033,0
"Region1","RES_EE_ELC",2034,0
"Region1","RES_EE_ELC",2035,0
"Region1","RES_EE_ELC",2036,0
"Region1","RES_EE_ELC",2037,0
"Region1","RES_EE_ELC",2038,0
"Region1","RES_EE_ELC",2039,0
"Region1","RES_EE_ELC",2040,0
"Region1","RES_EE_ELC",2041,0
"Region1","RES_EE_ELC",2042,0
"Region1","RES_EE_ELC",2043,0
"Region1","RES_EE_ELC",2044,0
"Region1","RES_EE_ELC",2045,0
"Region1","RES_EE_ELC",2046,0
"Region1","RES_EE_ELC",2047,0
"Region1","RES_EE_ELC",2048,0
"Region1","RES_EE_ELC",2049,0
"Region1","RES_EE_ELC",2050,0
"Region1","RES_EL_APP_001",2018,0.0302030456852792
"Region1","RES_EL_APP_001",2019,0.00192168237853518
"Region1","RES_EL_APP_001",2020,0.00204858593183466
"Region1","RES_EL_APP_001",2021,0.00217548948513416
"Region1","RES_EL_APP_001",2022,0.00230239303843365
"Region1","RES_EL_APP_001",2023,0.00246555474981871
"Region1","RES_EL_APP_001",2024,0.00261058738216097
"Region1","RES_EL_APP_001",2025,0.00277374909354606
"Region1","RES_EL_APP_001",2026,0.00295503988397389
"Region1","RES_EL_APP_001",2027,0.00315445975344452
"Region1","RES_EL_APP_001",2028,0.0335387962291516
"Region1","RES_EL_APP_001",2029,0.00547498187092098
"Region1","RES_EL_APP_001",2030,0.00583756345177666
"Region1","RES_EL_APP_001",2031,0.00620014503263233
"Region1","RES_EL_APP_001",2032,0.00658085569253083
"Region1","RES_EL_APP_001",2033,0.00701595358955763
"Region1","RES_EL_APP_001",2034,0.00745105148658452
"Region1","RES_EL_APP_001",2035,0.00792240754169687
"Region1","RES_EL_APP_001",2036,0.00843002175489487
"Region1","RES_EL_APP_001",2037,0.00897389412617834
"Region1","RES_EL_APP_001",2038,0.0397208121827411
"Region1","RES_EL_APP_001",2039,0.0120558375634518
"Region1","RES_EL_APP_001",2040,0.0128535170413343
"Region1","RES_EL_APP_001",2041,0.0136511965192168
"Region1","RES_EL_APP_001",2042,0.0145032632342278
"Region1","RES_EL_APP_001",2043,0.0154459753444525
"Region1","RES_EL_APP_001",2044,0.0164068165337202
"Region1","RES_EL_APP_001",2045,0.0174583031182015
"Region1","RES_EL_APP_001",2046,0.0185641769398115
"Region1","RES_EL_APP_001",2047,0.0197425670775924
"Region1","RES_EL_APP_001",2048,0.0511965192168239
"Region1","RES_EL_APP_001",2049,0.0242567077592459
"Region1","RES_EL_APP_001",2050,0.0258158085569252
"Region1","RES_EL_APP_002",2018,0
"Region1","RES_EL_APP_002",2019,0
"Region1","RES_EL_APP_002",2020,0
"Region1","RES_EL_APP_002",2021,0
"Region1","RES_EL_APP_002",2022,0
"Region1","RES_EL_APP_002",2023,0
"Region1","RES_EL_APP_002",2024,0
"Region1","RES_EL_APP_002",2025,0
"Region1","RES_EL_APP_002",2026,0
"Region1","RES_EL_APP_002",2027,0
"Region1","RES_EL_APP_002",2028,0
"Region1","RES_EL_APP_002",2029,0
"Region1","RES_EL_APP_002",2030,0
"Region1","RES_EL_APP_002",2031,0
"Region1","RES_EL_APP_002",2032,0
"Region1","RES_EL_APP_002",2033,0
"Region1","RES_EL_APP_002",2034,0
"Region1","RES_EL_APP_002",2035,0
"Region1","RES_EL_APP_002",2036,0
"Region1","RES_EL_APP_002",2037,0
"Region1","RES_EL_APP_002",2038,0
"Region1","RES_EL_APP_002",2039,0
"Region1","RES_EL_APP_002",2040,0
"Region1","RES_EL_APP_002",2041,0
"Region1","RES_EL_APP_002",2042,0
"Region1","RES_EL_APP_002",2043,0
"Region1","RES_EL_APP_002",2044,0
"Region1","RES_EL_APP_002",2045,0
"Region1","RES_EL_APP_002",2046,0
"Region1","RES_EL_APP_002",2047,0
"Region1","RES_EL_APP_002",2048,0
"Region1","RES_EL_APP_002",2049,0
"Region1","RES_EL_APP_002",2050,0
"Region1","TRA_AN_BIO_001",2018,0.038303620436711
"Region1","TRA_AN_BIO_001",2019,0.0389769820197885
"Region1","TRA_AN_BIO_001",2020,0.023252295749575
"Region1","TRA_AN_BIO_001",2021,0.0274462821925754
"Region1","TRA_AN_BIO_001",2022,0.0410689273285568
"Region1","TRA_AN_BIO_001",2023,0.0417909018423746
"Region1","TRA_AN_BIO_001",2024,0.0425255683896281
"Region1","TRA_AN_BIO_001",2025,0.031531038607831
"Region1","TRA_AN_BIO_001",2026,0.0356479172351885
"Region1","TRA_AN_BIO_001",2027,0.036274592680569
"Region1","TRA_AN_BIO_001",2028,0.0400962877737774
"Region1","TRA_AN_BIO_001",2029,0.0577208313455009
"Region1","TRA_AN_BIO_001",2030,0.0321069444895592
"Region1","TRA_AN_BIO_001",2031,0.0281655384538454
"Region1","TRA_AN_BIO_001",2032,0.0488874287615148
"Region1","TRA_AN_BIO_001",2033,0.0338301659396752
"Region1","TRA_AN_BIO_001",2034,0.0344248860788863
"Region1","TRA_AN_BIO_001",2035,0.0515112806380075
"Region1","TRA_AN_BIO_001",2036,0.0356458749303944
"Region1","TRA_AN_BIO_001",2037,0.0469050517251725
"Region1","TRA_AN_BIO_001",2038,0.0369101700696056
"Region1","TRA_AN_BIO_001",2039,0.0393038597458605
"Region1","TRA_AN_BIO_001",2040,0.0540880693646364
"Region1","TRA_AN_BIO_001",2041,0.0502913337833783
"Region1","TRA_AN_BIO_001",2042,0.0471116483082447
"Region1","TRA_AN_BIO_001",2043,0.0431488456805469
"Region1","TRA_AN_BIO_001",2044,0.0602584283009212
"Region1","TRA_AN_BIO_001",2045,0.0359480576357636
"Region1","TRA_AN_BIO_001",2046,0.0387113983442294
"Region1","TRA_AN_BIO_001",2047,0.0372230706470647
"Region1","TRA_AN_BIO_001",2048,0.0646087493688161
"Region1","TRA_AN_BIO_001",2049,0.0421788840137281
"Region1","TRA_AN_BIO_001",2050,0.0454953122505801
"Region1","TRA_AN_OILPRD_001",2018,0
"Region1","TRA_AN_OILPRD_001",2019,0
"Region1","TRA_AN_OILPRD_001",2020,0
"Region1","TRA_AN_OILPRD_001",2021,0
"Region1","TRA_AN_OILPRD_001",2022,0
"Region1","TRA_AN_OILPRD_001",2023,0
"Region1","TRA_AN_OILPRD_001",2024,0
"Region1","TRA_AN_OILPRD_001",2025,0
"Region1","TRA_AN_OILPRD_001",2026,0
"Region1","TRA_AN_OILPRD_001",2027,0
"Region1","TRA_AN_OILPRD_001",2028,0
"Region1","TRA_AN_OILPRD_001",2029,0
"Region1","TRA_AN_OILPRD_001",2030,0
"Region1","TRA_AN_OILPRD_001",2031,0
"Region1","TRA_AN_OILPRD_001",2032,0
"Region1","TRA_AN_OILPRD_001",2033,0
"Region1","TRA_AN_OILPRD_001",2034,0
"Region1","TRA_AN_OILPRD_001",2035,0
"Region1","TRA_AN_OILPRD_001",2036,0
"Region1","TRA_AN_OILPRD_001",2037,0
"Region1","TRA_AN_OILPRD_001",2038,0
"Region1","TRA_AN_OILPRD_001",2039,0
"Region1","TRA_AN_OILPRD_001",2040,0
"Region1","TRA_AN_OILPRD_001",2041,0
"Region1","TRA_AN_OILPRD_001",2042,0
"Region1","TRA_AN_OILPRD_001",2043,0
"Region1","TRA_AN_OILPRD_001",2044,0
"Region1","TRA_AN_OILPRD_001",2045,0
"Region1","TRA_AN_OILPRD_001",2046,0
"Region1","TRA_AN_OILPRD_001",2047,0
"Region1","TRA_AN_OILPRD_001",2048,0
"Region1","TRA_AN_OILPRD_001",2049,0
"Region1","TRA_AN_OILPRD_001",2050,0
"Region1","TRA_BUS_DSL_001",2018,21.5076505787027
"Region1","TRA_BUS_DSL_001",2019,24.4851095054365
"Region1","TRA_BUS_DSL_001",2020,28.6196811345621
"Region1","TRA_BUS_DSL_001",2021,31.9626779843405
"Region1","TRA_BUS_DSL_001",2022,33.2629294677131
"Region1","TRA_BUS_DSL_001",2023,34.8202632483809
"Region1","TRA_BUS_DSL_001",2024,33.9404402101892
"Region1","TRA_BUS_DSL_001",2025,37.6365375658127
"Region1","TRA_BUS_DSL_001",2026,39.1263565577119
"Region1","TRA_BUS_DSL_001",2027,40.6734290549616
"Region1","TRA_BUS_DSL_001",2028,42.2799552875848
"Region1","TRA_BUS_DSL_001",2029,43.9482200840645
"Region1","TRA_BUS_DSL_001",2030,45.6805960216582
"Region1","TRA_BUS_DSL_001",2031,47.4795468867448
"Region1","TRA_BUS_DSL_001",2032,49.3476311451706
"Region1","TRA_BUS_DSL_001",2033,51.2875055826143
"Region1","TRA_BUS_DSL_001",2034,53.3019290949656
"Region1","TRA_BUS_DSL_001",2035,55.393766568713
"Region1","TRA_BUS_DSL_001",2036,57.5659930213582
"Region1","TRA_BUS_DSL_001",2037,59.8216978018363
"Region1","TRA_BUS_DSL_001",2038,55.0961482038187
"Region1","TRA_BUS_DSL_001",2039,58.6592635933016
"Region1","TRA_BUS_DSL_001",2040,60.0544430132997
"Region1","TRA_BUS_DSL_001",2041,54.435233768583
"Region1","TRA_BUS_DSL_001",2042,40.1377468782953
"Region1","TRA_BUS_DSL_001",2043,42.9661754511526
"Region1","TRA_BUS_DSL_001",2044,45.9033000736149
"Region1","TRA_BUS_DSL_001",2045,48.9532979233998
"Region1","TRA_BUS_DSL_001",2046,52.1205067042779
"Region1","TRA_BUS_DSL_001",2047,55.4094308066881
"Region1","TRA_BUS_DSL_001",2048,58.8247477483823
"Region1","TRA_BUS_DSL_001",2049,94.7026620682629
"Region1","TRA_BUS_DSL_001",2050,99.5162296229623
"Region1","TRA_BUS_ELC_001",2018,0
"Region1","TRA_BUS_ELC_001",2019,0
"Region1","TRA_BUS_ELC_001",2020,0
"Region1","TRA_BUS_ELC_001",2021,0
"Region1","TRA_BUS_ELC_001",2022,0
"Region1","TRA_BUS_ELC_001",2023,0
"Region1","TRA_BUS_ELC_001",2024,0
"Region1","TRA_BUS_ELC_001",2025,0
"Region1","TRA_BUS_ELC_001",2026,0
"Region1","TRA_BUS_ELC_001",2027,0
"Region1","TRA_BUS_ELC_001",2028,0
"Region1","TRA_BUS_ELC_001",2029,0
"Region1","TRA_BUS_ELC_001",2030,0
"Region1","TRA_BUS_ELC_001",2031,0
"Region1","TRA_BUS_ELC_001",2032,0
"Region1","TRA_BUS_ELC_001",2033,0
"Region1","TRA_BUS_ELC_001",2034,0
"Region1","TRA_BUS_ELC_001",2035,0
"Region1","TRA_BUS_ELC_001",2036,0
"Region1","TRA_BUS_ELC_001",2037,0
"Region1","TRA_BUS_ELC_001",2038,0
"Region1","TRA_BUS_ELC_001",2039,0
"Region1","TRA_BUS_ELC_001",2040,0
"Region1","TRA_BUS_ELC_001",2041,0
"Region1","TRA_BUS_ELC_001",2042,0
"Region1","TRA_BUS_ELC_001",2043,0
"Region1","TRA_BUS_ELC_001",2044,0
"Region1","TRA_BUS_ELC_001",2045,0
"Region1","TRA_BUS_ELC_001",2046,0
"Region1","TRA_BUS_ELC_001",2047,0
"Region1","TRA_BUS_ELC_001",2048,0
"Region1","TRA_BUS_ELC_001",2049,0
"Region1","TRA_BUS_ELC_001",2050,0
"Region1","TRA_CAR_DSL_001",2018,0
"Region1","TRA_CAR_DSL_001",2019,0
"Region1","TRA_CAR_DSL_001",2020,0
"Region1","TRA_CAR_DSL_001",2021,0
"Region1","TRA_CAR_DSL_001",2022,0
"Region1","TRA_CAR_DSL_001",2023,0
"Region1","TRA_CAR_DSL_001",2024,0
"Region1","TRA_CAR_DSL_001",2025,0
"Region1","TRA_CAR_DSL_001",2026,0
"Region1","TRA_CAR_DSL_001",2027,0
"Region1","TRA_CAR_DSL_001",2028,0
"Region1","TRA_CAR_DSL_001",2029,0
"Region1","TRA_CAR_DSL_001",2030,0
"Region1","TRA_CAR_DSL_001",2031,0
"Region1","TRA_CAR_DSL_001",2032,0
"Region1","TRA_CAR_DSL_001",2033,0
"Region1","TRA_CAR_DSL_001",2034,0
"Region1","TRA_CAR_DSL_001",2035,0
"Region1","TRA_CAR_DSL_001",2036,0
"Region1","TRA_CAR_DSL_001",2037,0
"Region1","TRA_CAR_DSL_001",2038,0
"Region1","TRA_CAR_DSL_001",2039,0
"Region1","TRA_CAR_DSL_001",2040,0
"Region1","TRA_CAR_DSL_001",2041,0
"Region1","TRA_CAR_DSL_001",2042,0
"Region1","TRA_CAR_DSL_001",2043,0
"Region1","TRA_CAR_DSL_001",2044,0
"Region1","TRA_CAR_DSL_001",2045,0
"Region1","TRA_CAR_DSL_001",2046,0
"Region1","TRA_CAR_DSL_001",2047,0
"Region1","TRA_CAR_DSL_001",2048,0
"Region1","TRA_CAR_DSL_001",2049,0
"Region1","TRA_CAR_DSL_001",2050,0
"Region1","TRA_CAR_ELC_001",2018,0
"Region1","TRA_CAR_ELC_001",2019,0
"Region1","TRA_CAR_ELC_001",2020,0
"Region1","TRA_CAR_ELC_001",2021,0
"Region1","TRA_CAR_ELC_001",2022,0
"Region1","TRA_CAR_ELC_001",2023,0
"Region1","TRA_CAR_ELC_001",2024,0
"Region1","TRA_CAR_ELC_001",2025,0
"Region1","TRA_CAR_ELC_001",2026,0
"Region1","TRA_CAR_ELC_001",2027,0
"Region1","TRA_CAR_ELC_001",2028,0
"Region1","TRA_CAR_ELC_001",2029,0
"Region1","TRA_CAR_ELC_001",2030,0
"Region1","TRA_CAR_ELC_001",2031,0
"Region1","TRA_CAR_ELC_001",2032,0
"Region1","TRA_CAR_ELC_001",2033,0
"Region1","TRA_CAR_ELC_001",2034,0
"Region1","TRA_CAR_ELC_001",2035,0
"Region1","TRA_CAR_ELC_001",2036,0
"Region1","TRA_CAR_ELC_001",2037,0
"Region1","TRA_CAR_ELC_001",2038,0
"Region1","TRA_CAR_ELC_001",2039,0
"Region1","TRA_CAR_ELC_001",2040,0
"Region1","TRA_CAR_ELC_001",2041,0
"Region1","TRA_CAR_ELC_001",2042,0
"Region1","TRA_CAR_ELC_001",2043,0
"Region1","TRA_CAR_ELC_001",2044,0
"Region1","TRA_CAR_ELC_001",2045,0
"Region1","TRA_CAR_ELC_001",2046,0
"Region1","TRA_CAR_ELC_001",2047,0
"Region1","TRA_CAR_ELC_001",2048,0
"Region1","TRA_CAR_ELC_001",2049,0
"Region1","TRA_CAR_ELC_001",2050,0
"Region1","TRA_CAR_GSL_001",2018,0
"Region1","TRA_CAR_GSL_001",2019,0
"Region1","TRA_CAR_GSL_001",2020,0
"Region1","TRA_CAR_GSL_001",2021,0
"Region1","TRA_CAR_GSL_001",2022,0
"Region1","TRA_CAR_GSL_001",2023,0
"Region1","TRA_CAR_GSL_001",2024,0
"Region1","TRA_CAR_GSL_001",2025,0
"Region1","TRA_CAR_GSL_001",2026,0
"Region1","TRA_CAR_GSL_001",2027,0
"Region1","TRA_CAR_GSL_001",2028,0
"Region1","TRA_CAR_GSL_001",2029,0
"Region1","TRA_CAR_GSL_001",2030,0
"Region1","TRA_CAR_GSL_001",2031,0
"Region1","TRA_CAR_GSL_001",2032,0
"Region1","TRA_CAR_GSL_001",2033,0
"Region1","TRA_CAR_GSL_001",2034,0
"Region1","TRA_CAR_GSL_001",2035,0
"Region1","TRA_CAR_GSL_001",2036,0
"Region1","TRA_CAR_GSL_001",2037,0
"Region1","TRA_CAR_GSL_001",2038,0
"Region1","TRA_CAR_GSL_001",2039,0
"Region1","TRA_CAR_GSL_001",2040,0
"Region1","TRA_CAR_GSL_001",2041,0
"Region1","TRA_CAR_GSL_001",2042,0
"Region1","TRA_CAR_GSL_001",2043,0
"Region1","TRA_CAR_GSL_001",2044,0
"Region1","TRA_CAR_GSL_001",2045,0
"Region1","TRA_CAR_GSL_001",2046,0
"Region1","TRA_CAR_GSL_001",2047,0
"Region1","TRA_CAR_GSL_001",2048,0
"Region1","TRA_CAR_GSL_001",2049,0
"Region1","TRA_CAR_GSL_001",2050,0
"Region1","TRA_MCY_001",2018,8.26550131648679
"Region1","TRA_MCY_001",2019,6.43221985749977
"Region1","TRA_MCY_001",2020,3.48579624317572
"Region1","TRA_MCY_001",2021,1.59683305505562
"Region1","TRA_MCY_001",2022,1.35757968320196
"Region1","TRA_MCY_001",2023,1.13070652859679
"Region1","TRA_MCY_001",2024,3.39211958579035
"Region1","TRA_MCY_001",2025,3.39211958579035
"Region1","TRA_MCY_001",2026,3.39211958579037
"Region1","TRA_MCY_001",2027,3.39211958579035
"Region1","TRA_MCY_001",2028,3.39211958579035
"Region1","TRA_MCY_001",2029,5.78604635590546
"Region1","TRA_MCY_001",2030,3.39211958579035
"Region1","TRA_MCY_001",2031,5.78604635590549
"Region1","TRA_MCY_001",2032,3.39211958579035
"Region1","TRA_MCY_001",2033,3.39211958579035
"Region1","TRA_MCY_001",2034,3.39211958579035
"Region1","TRA_MCY_001",2035,3.39211958579035
"Region1","TRA_MCY_001",2036,3.39211958579035
"Region1","TRA_MCY_001",2037,8.1986472657283
"Region1","TRA_MCY_001",2038,8.19864726572825
"Region1","TRA_MCY_001",2039,8.19864726572824
"Region1","TRA_MCY_001",2040,8.19864726572825
"Region1","TRA_MCY_001",2041,16.4408118559795
"Region1","TRA_MCY_001",2042,33.4620538317757
"Region1","TRA_MCY_001",2043,33.4620538317757
"Region1","TRA_MCY_001",2044,33.4620538317757
"Region1","TRA_MCY_001",2045,33.4620538317757
"Region1","TRA_MCY_001",2046,33.4620538317757
"Region1","TRA_MCY_001",2047,33.4620538317757
"Region1","TRA_MCY_001",2048,33.4620538317757
"Region1","TRA_MCY_001",2049,8.19864726572825
"Region1","TRA_MCY_001",2050,0
"Region1","TRA_RLW_FREIGHT_DSL_001",2018,0
"Region1","TRA_RLW_FREIGHT_DSL_001",2019,0
"Region1","TRA_RLW_FREIGHT_DSL_001",2020,0
"Region1","TRA_RLW_FREIGHT_DSL_001",2021,0
"Region1","TRA_RLW_FREIGHT_DSL_001",2022,0
"Region1","TRA_RLW_FREIGHT_DSL_001",2023,0
"Region1","TRA_RLW_FREIGHT_DSL_001",2024,0
"Region1","TRA_RLW_FREIGHT_DSL_001",2025,0
"Region1","TRA_RLW_FREIGHT_DSL_001",2026,0
"Region1","TRA_RLW_FREIGHT_DSL_001",2027,0
"Region1","TRA_RLW_FREIGHT_DSL_001",2028,0
"Region1","TRA_RLW_FREIGHT_DSL_001",2029,0
"Region1","TRA_RLW_FREIGHT_DSL_001",2030,0
"Region1","TRA_RLW_FREIGHT_DSL_001",2031,0
"Region1","TRA_RLW_FREIGHT_DSL_001",2032,0
"Region1","TRA_RLW_FREIGHT_DSL_001",2033,0
"Region1","TRA_RLW_FREIGHT_DSL_001",2034,0
"Region1","TRA_RLW_FREIGHT_DSL_001",2035,0
"Region1","TRA_RLW_FREIGHT_DSL_001",2036,0
"Region1","TRA_RLW_FREIGHT_DSL_001",2037,0
"Region1","TRA_RLW_FREIGHT_DSL_001",2038,0
"Region1","TRA_RLW_FREIGHT_DSL_001",2039,0
"Region1","TRA_RLW_FREIGHT_DSL_001",2040,0
"Region1","TRA_RLW_FREIGHT_DSL_001",2041,0
"Region1","TRA_RLW_FREIGHT_DSL_001",2042,0
"Region1","TRA_RLW_FREIGHT_DSL_001",2043,0
"Region1","TRA_RLW_FREIGHT_DSL_001",2044,0
"Region1","TRA_RLW_FREIGHT_DSL_001",2045,0
"Region1","TRA_RLW_FREIGHT_DSL_001",2046,0
"Region1","TRA_RLW_FREIGHT_DSL_001",2047,0
"Region1","TRA_RLW_FREIGHT_DSL_001",2048,0
"Region1","TRA_RLW_FREIGHT_DSL_001",2049,0
"Region1","TRA_RLW_FREIGHT_DSL_001",2050,0
"Region1","TRA_RLW_FREIGHT_ELC_001",2018,2.21984383582372
"Region1","TRA_RLW_FREIGHT_ELC_001",2019,3.04783795035824
"Region1","TRA_RLW_FREIGHT_ELC_001",2020,2.06212651995906
"Region1","TRA_RLW_FREIGHT_ELC_001",2021,2.09281096212897
"Region1","TRA_RLW_FREIGHT_ELC_001",2022,1.71945954426184
"Region1","TRA_RLW_FREIGHT_ELC_001",2023,2.15555639542818
"Region1","TRA_RLW_FREIGHT_ELC_001",2024,3.28144661207779
"Region1","TRA_RLW_FREIGHT_ELC_001",2025,3.33027453684749
"Region1","TRA_RLW_FREIGHT_ELC_001",2026,3.37982902251791
"Region1","TRA_RLW_FREIGHT_ELC_001",2027,3.4301208776868
"Region1","TRA_RLW_FREIGHT_ELC_001",2028,3.48116107727738
"Region1","TRA_RLW_FREIGHT_ELC_001",2029,3.53296075486182
"Region1","TRA_RLW_FREIGHT_ELC_001",2030,3.58553121033777
"Region1","TRA_RLW_FREIGHT_ELC_001",2031,3.63888391504606
"Region1","TRA_RLW_FREIGHT_ELC_001",2032,3.69303050665302
"Region1","TRA_RLW_FREIGHT_ELC_001",2033,3.74798280194473
"Region1","TRA_RLW_FREIGHT_ELC_001",2034,3.80375278403275
"Region1","TRA_RLW_FREIGHT_ELC_001",2035,3.86035262538383
"Region1","TRA_RLW_FREIGHT_ELC_001",2036,3.91779467246673
"Region1","TRA_RLW_FREIGHT_ELC_001",2037,3.97609145854657
"Region1","TRA_RLW_FREIGHT_ELC_001",2038,4.03525569856704
"Region1","TRA_RLW_FREIGHT_ELC_001",2039,4.09530030450358
"Region1","TRA_RLW_FREIGHT_ELC_001",2040,4.15623837256909
"Region1","TRA_RLW_FREIGHT_ELC_001",2041,4.21808319856704
"Region1","TRA_RLW_FREIGHT_ELC_001",2042,4.28084827789151
"Region1","TRA_RLW_FREIGHT_ELC_001",2043,4.34454730040942
"Region1","TRA_RLW_FREIGHT_ELC_001",2044,4.40919416325486
"Region1","TRA_RLW_FREIGHT_ELC_001",2045,4.47480297338792
"Region1","TRA_RLW_FREIGHT_ELC_001",2046,4.54138803991812
"Region1","TRA_RLW_FREIGHT_ELC_001",2047,9.21792778915046
"Region1","TRA_RLW_FREIGHT_ELC_001",2048,9.35509055783009
"Region1","TRA_RLW_FREIGHT_ELC_001",2049,4.74714715199591
"Region1","TRA_RLW_FREIGHT_ELC_001",2050,9.63556940122825
"Region1","TRA_RLW_PSNG_DSL_001",2018,0
"Region1","TRA_RLW_PSNG_DSL_001",2019,0
"Region1","TRA_RLW_PSNG_DSL_001",2020,0
"Region1","TRA_RLW_PSNG_DSL_001",2021,0
"Region1","TRA_RLW_PSNG_DSL_001",2022,0
"Region1","TRA_RLW_PSNG_DSL_001",2023,0
"Region1","TRA_RLW_PSNG_DSL_001",2024,0
"Region1","TRA_RLW_PSNG_DSL_001",2025,0
"Region1","TRA_RLW_PSNG_DSL_001",2026,0
"Region1","TRA_RLW_PSNG_DSL_001",2027,0
"Region1","TRA_RLW_PSNG_DSL_001",2028,0
"Region1","TRA_RLW_PSNG_DSL_001",2029,0
"Region1","TRA_RLW_PSNG_DSL_001",2030,0
"Region1","TRA_RLW_PSNG_DSL_001",2031,0
"Region1","TRA_RLW_PSNG_DSL_001",2032,0
"Region1","TRA_RLW_PSNG_DSL_001",2033,0
"Region1","TRA_RLW_PSNG_DSL_001",2034,0
"Region1","TRA_RLW_PSNG_DSL_001",2035,0
"Region1","TRA_RLW_PSNG_DSL_001",2036,0
"Region1","TRA_RLW_PSNG_DSL_001",2037,0
"Region1","TRA_RLW_PSNG_DSL_001",2038,0
"Region1","TRA_RLW_PSNG_DSL_001",2039,0
"Region1","TRA_RLW_PSNG_DSL_001",2040,0
"Region1","TRA_RLW_PSNG_DSL_001",2041,0
"Region1","TRA_RLW_PSNG_DSL_001",2042,0
"Region1","TRA_RLW_PSNG_DSL_001",2043,0
"Region1","TRA_RLW_PSNG_DSL_001",2044,0
"Region1","TRA_RLW_PSNG_DSL_001",2045,0
"Region1","TRA_RLW_PSNG_DSL_001",2046,0
"Region1","TRA_RLW_PSNG_DSL_001",2047,0
"Region1","TRA_RLW_PSNG_DSL_001",2048,0
"Region1","TRA_RLW_PSNG_DSL_001",2049,0
"Region1","TRA_RLW_PSNG_DSL_001",2050,0
"Region1","TRA_RLW_PSNG_ELC_001",2018,4.18229001023542
"Region1","TRA_RLW_PSNG_ELC_001",2019,4.34301474582054
"Region1","TRA_RLW_PSNG_ELC_001",2020,4.50991610713067
"Region1","TRA_RLW_PSNG_ELC_001",2021,4.68323146195838
"Region1","TRA_RLW_PSNG_ELC_001",2022,4.86320729785056
"Region1","TRA_RLW_PSNG_ELC_001",2023,5.0500995752303
"Region1","TRA_RLW_PSNG_ELC_001",2024,7.86626114124872
"Region1","TRA_RLW_PSNG_ELC_001",2025,8.16856029938588
"Region1","TRA_RLW_PSNG_ELC_001",2026,8.48247676305015
"Region1","TRA_RLW_PSNG_ELC_001",2027,8.80845698822928
"Region1","TRA_RLW_PSNG_ELC_001",2028,9.14696458290686
"Region1","TRA_RLW_PSNG_ELC_001",2029,9.49848096724667
"Region1","TRA_RLW_PSNG_ELC_001",2030,9.86350607215967
"Region1","TRA_RLW_PSNG_ELC_001",2031,10.2425590301945
"Region1","TRA_RLW_PSNG_ELC_001",2032,10.6361789355169
"Region1","TRA_RLW_PSNG_ELC_001",2033,11.0449255910952
"Region1","TRA_RLW_PSNG_ELC_001",2034,11.469380314739
"Region1","TRA_RLW_PSNG_ELC_001",2035,11.910146765609
"Region1","TRA_RLW_PSNG_ELC_001",2036,12.3678517988741
"Region1","TRA_RLW_PSNG_ELC_001",2037,12.843146363869
"Region1","TRA_RLW_PSNG_ELC_001",2038,13.3367064252815
"Region1","TRA_RLW_PSNG_ELC_001",2039,13.8492339176049
"Region1","TRA_RLW_PSNG_ELC_001",2040,14.3814577610031
"Region1","TRA_RLW_PSNG_ELC_001",2041,14.9341348822927
"Region1","TRA_RLW_PSNG_ELC_001",2042,15.5080512973388
"Region1","TRA_RLW_PSNG_ELC_001",2043,16.1040232267144
"Region1","TRA_RLW_PSNG_ELC_001",2044,16.7228982625384
"Region1","TRA_RLW_PSNG_ELC_001",2045,17.3655565685773
"Region1","TRA_RLW_PSNG_ELC_001",2046,18.0329121289662
"Region1","TRA_RLW_PSNG_ELC_001",2047,18.725914055783
"Region1","TRA_RLW_PSNG_ELC_001",2048,19.445547937564
"Region1","TRA_RLW_PSNG_ELC_001",2049,20.1928372338792
"Region1","TRA_RLW_PSNG_ELC_001",2050,20.9688447364381
"Region1","TRA_TRUCK_001",2018,176.062321532153
"Region1","TRA_TRUCK_001",2019,2.61980738073812
"Region1","TRA_TRUCK_001",2020,130.636849080967
"Region1","TRA_TRUCK_001",2021,4.60266632548617
"Region1","TRA_TRUCK_001",2022,0
"Region1","TRA_TRUCK_001",2023,0
"Region1","TRA_TRUCK_001",2024,0
"Region1","TRA_TRUCK_001",2025,0
"Region1","TRA_TRUCK_001",2026,0
"Region1","TRA_TRUCK_001",2027,0
"Region1","TRA_TRUCK_001",2028,0
"Region1","TRA_TRUCK_001",2029,0
"Region1","TRA_TRUCK_001",2030,0
"Region1","TRA_TRUCK_001",2031,0
"Region1","TRA_TRUCK_001",2032,0
"Region1","TRA_TRUCK_001",2033,0
"Region1","TRA_TRUCK_001",2034,0
"Region1","TRA_TRUCK_001",2035,0
"Region1","TRA_TRUCK_001",2036,0
"Region1","TRA_TRUCK_001",2037,0
"Region1","TRA_TRUCK_001",2038,0
"Region1","TRA_TRUCK_001",2039,0
"Region1","TRA_TRUCK_001",2040,0
"Region1","TRA_TRUCK_001",2041,0
"Region1","TRA_TRUCK_001",2042,0
"Region1","TRA_TRUCK_001",2043,0
"Region1","TRA_TRUCK_001",2044,0
"Region1","TRA_TRUCK_001",2045,0
"Region1","TRA_TRUCK_001",2046,0
"Region1","TRA_TRUCK_001",2047,0
"Region1","TRA_TRUCK_001",2048,136.36580392548
"Region1","TRA_TRUCK_001",2049,6.70027722772276
"Region1","TRA_TRUCK_001",2050,134.778036399699
