r,t,y,TotalCapacityAnnual
"Region1","BS_COM_EL_001",2018,0
"Region1","BS_COM_EL_001",2019,0
"Region1","BS_COM_EL_001",2020,0
"Region1","BS_COM_EL_001",2021,0
"Region1","BS_COM_EL_001",2022,0
"Region1","BS_COM_EL_001",2023,0
"Region1","BS_COM_EL_001",2024,0
"Region1","BS_COM_EL_001",2025,0
"Region1","BS_COM_EL_001",2026,0
"Region1","BS_COM_EL_001",2027,0
"Region1","BS_COM_EL_001",2028,0
"Region1","BS_COM_EL_001",2029,0
"Region1","BS_COM_EL_001",2030,0
"Region1","BS_COM_EL_001",2031,0
"Region1","BS_COM_EL_001",2032,0
"Region1","BS_COM_EL_001",2033,0
"Region1","BS_COM_EL_001",2034,0
"Region1","BS_COM_EL_001",2035,0
"Region1","BS_COM_EL_001",2036,0
"Region1","BS_COM_EL_001",2037,0
"Region1","BS_COM_EL_001",2038,0
"Region1","BS_COM_EL_001",2039,0
"Region1","BS_COM_EL_001",2040,0
"Region1","BS_COM_EL_001",2041,0
"Region1","BS_COM_EL_001",2042,0
"Region1","BS_COM_EL_001",2043,0
"Region1","BS_COM_EL_001",2044,0
"Region1","BS_COM_EL_001",2045,0
"Region1","BS_COM_EL_001",2046,0
"Region1","BS_COM_EL_001",2047,0
"Region1","BS_COM_EL_001",2048,0
"Region1","BS_COM_EL_001",2049,0
"Region1","BS_COM_EL_001",2050,0
"Region1","BS_COM_HEAT_001",2018,0
"Region1","BS_COM_HEAT_001",2019,0
"Region1","BS_COM_HEAT_001",2020,0
"Region1","BS_COM_HEAT_001",2021,0
"Region1","BS_COM_HEAT_001",2022,0
"Region1","BS_COM_HEAT_001",2023,0
"Region1","BS_COM_HEAT_001",2024,0
"Region1","BS_COM_HEAT_001",2025,0
"Region1","BS_COM_HEAT_001",2026,0
"Region1","BS_COM_HEAT_001",2027,0
"Region1","BS_COM_HEAT_001",2028,0
"Region1","BS_COM_HEAT_001",2029,0
"Region1","BS_COM_HEAT_001",2030,0
"Region1","BS_COM_HEAT_001",2031,0
"Region1","BS_COM_HEAT_001",2032,0
"Region1","BS_COM_HEAT_001",2033,0
"Region1","BS_COM_HEAT_001",2034,0
"Region1","BS_COM_HEAT_001",2035,0
"Region1","BS_COM_HEAT_001",2036,0
"Region1","BS_COM_HEAT_001",2037,0
"Region1","BS_COM_HEAT_001",2038,0
"Region1","BS_COM_HEAT_001",2039,0
"Region1","BS_COM_HEAT_001",2040,0
"Region1","BS_COM_HEAT_001",2041,0
"Region1","BS_COM_HEAT_001",2042,0
"Region1","BS_COM_HEAT_001",2043,0
"Region1","BS_COM_HEAT_001",2044,0
"Region1","BS_COM_HEAT_001",2045,0
"Region1","BS_COM_HEAT_001",2046,0
"Region1","BS_COM_HEAT_001",2047,0
"Region1","BS_COM_HEAT_001",2048,0
"Region1","BS_COM_HEAT_001",2049,0
"Region1","BS_COM_HEAT_001",2050,0
"Region1","BS_IND_001",2018,0
"Region1","BS_IND_001",2019,0
"Region1","BS_IND_001",2020,0
"Region1","BS_IND_001",2021,0
"Region1","BS_IND_001",2022,0
"Region1","BS_IND_001",2023,0
"Region1","BS_IND_001",2024,0
"Region1","BS_IND_001",2025,0
"Region1","BS_IND_001",2026,0
"Region1","BS_IND_001",2027,0
"Region1","BS_IND_001",2028,0
"Region1","BS_IND_001",2029,0
"Region1","BS_IND_001",2030,0
"Region1","BS_IND_001",2031,0
"Region1","BS_IND_001",2032,0
"Region1","BS_IND_001",2033,0
"Region1","BS_IND_001",2034,0
"Region1","BS_IND_001",2035,0
"Region1","BS_IND_001",2036,0
"Region1","BS_IND_001",2037,0
"Region1","BS_IND_001",2038,0
"Region1","BS_IND_001",2039,0
"Region1","BS_IND_001",2040,0
"Region1","BS_IND_001",2041,0
"Region1","BS_IND_001",2042,0
"Region1","BS_IND_001",2043,0
"Region1","BS_IND_001",2044,0
"Region1","BS_IND_001",2045,0
"Region1","BS_IND_001",2046,0
"Region1","BS_IND_001",2047,0
"Region1","BS_IND_001",2048,0
"Region1","BS_IND_001",2049,0
"Region1","BS_IND_001",2050,0
"Region1","BS_OTH_001",2018,0
"Region1","BS_OTH_001",2019,0
"Region1","BS_OTH_001",2020,0
"Region1","BS_OTH_001",2021,0
"Region1","BS_OTH_001",2022,0
"Region1","BS_OTH_001",2023,0
"Region1","BS_OTH_001",2024,0
"Region1","BS_OTH_001",2025,0
"Region1","BS_OTH_001",2026,0
"Region1","BS_OTH_001",2027,0
"Region1","BS_OTH_001",2028,0
"Region1","BS_OTH_001",2029,0
"Region1","BS_OTH_001",2030,0
"Region1","BS_OTH_001",2031,0
"Region1","BS_OTH_001",2032,0
"Region1","BS_OTH_001",2033,0
"Region1","BS_OTH_001",2034,0
"Region1","BS_OTH_001",2035,0
"Region1","BS_OTH_001",2036,0
"Region1","BS_OTH_001",2037,0
"Region1","BS_OTH_001",2038,0
"Region1","BS_OTH_001",2039,0
"Region1","BS_OTH_001",2040,0
"Region1","BS_OTH_001",2041,0
"Region1","BS_OTH_001",2042,0
"Region1","BS_OTH_001",2043,0
"Region1","BS_OTH_001",2044,0
"Region1","BS_OTH_001",2045,0
"Region1","BS_OTH_001",2046,0
"Region1","BS_OTH_001",2047,0
"Region1","BS_OTH_001",2048,0
"Region1","BS_OTH_001",2049,0
"Region1","BS_OTH_001",2050,0
"Region1","BS_RES_CWH_001",2018,0
"Region1","BS_RES_CWH_001",2019,0
"Region1","BS_RES_CWH_001",2020,0
"Region1","BS_RES_CWH_001",2021,0
"Region1","BS_RES_CWH_001",2022,0
"Region1","BS_RES_CWH_001",2023,0
"Region1","BS_RES_CWH_001",2024,0
"Region1","BS_RES_CWH_001",2025,0
"Region1","BS_RES_CWH_001",2026,0
"Region1","BS_RES_CWH_001",2027,0
"Region1","BS_RES_CWH_001",2028,0
"Region1","BS_RES_CWH_001",2029,0
"Region1","BS_RES_CWH_001",2030,0
"Region1","BS_RES_CWH_001",2031,0
"Region1","BS_RES_CWH_001",2032,0
"Region1","BS_RES_CWH_001",2033,0
"Region1","BS_RES_CWH_001",2034,0
"Region1","BS_RES_CWH_001",2035,0
"Region1","BS_RES_CWH_001",2036,0
"Region1","BS_RES_CWH_001",2037,0
"Region1","BS_RES_CWH_001",2038,0
"Region1","BS_RES_CWH_001",2039,0
"Region1","BS_RES_CWH_001",2040,0
"Region1","BS_RES_CWH_001",2041,0
"Region1","BS_RES_CWH_001",2042,0
"Region1","BS_RES_CWH_001",2043,0
"Region1","BS_RES_CWH_001",2044,0
"Region1","BS_RES_CWH_001",2045,0
"Region1","BS_RES_CWH_001",2046,0
"Region1","BS_RES_CWH_001",2047,0
"Region1","BS_RES_CWH_001",2048,0
"Region1","BS_RES_CWH_001",2049,0
"Region1","BS_RES_CWH_001",2050,0
"Region1","BS_RES_EL_001",2018,0
"Region1","BS_RES_EL_001",2019,0
"Region1","BS_RES_EL_001",2020,0
"Region1","BS_RES_EL_001",2021,0
"Region1","BS_RES_EL_001",2022,0
"Region1","BS_RES_EL_001",2023,0
"Region1","BS_RES_EL_001",2024,0
"Region1","BS_RES_EL_001",2025,0
"Region1","BS_RES_EL_001",2026,0
"Region1","BS_RES_EL_001",2027,0
"Region1","BS_RES_EL_001",2028,0
"Region1","BS_RES_EL_001",2029,0
"Region1","BS_RES_EL_001",2030,0
"Region1","BS_RES_EL_001",2031,0
"Region1","BS_RES_EL_001",2032,0
"Region1","BS_RES_EL_001",2033,0
"Region1","BS_RES_EL_001",2034,0
"Region1","BS_RES_EL_001",2035,0
"Region1","BS_RES_EL_001",2036,0
"Region1","BS_RES_EL_001",2037,0
"Region1","BS_RES_EL_001",2038,0
"Region1","BS_RES_EL_001",2039,0
"Region1","BS_RES_EL_001",2040,0
"Region1","BS_RES_EL_001",2041,0
"Region1","BS_RES_EL_001",2042,0
"Region1","BS_RES_EL_001",2043,0
"Region1","BS_RES_EL_001",2044,0
"Region1","BS_RES_EL_001",2045,0
"Region1","BS_RES_EL_001",2046,0
"Region1","BS_RES_EL_001",2047,0
"Region1","BS_RES_EL_001",2048,0
"Region1","BS_RES_EL_001",2049,0
"Region1","BS_RES_EL_001",2050,0
"Region1","BS_RES_EL_002",2018,0
"Region1","BS_RES_EL_002",2019,0
"Region1","BS_RES_EL_002",2020,0
"Region1","BS_RES_EL_002",2021,0
"Region1","BS_RES_EL_002",2022,0
"Region1","BS_RES_EL_002",2023,0
"Region1","BS_RES_EL_002",2024,0
"Region1","BS_RES_EL_002",2025,0
"Region1","BS_RES_EL_002",2026,0
"Region1","BS_RES_EL_002",2027,0
"Region1","BS_RES_EL_002",2028,0
"Region1","BS_RES_EL_002",2029,0
"Region1","BS_RES_EL_002",2030,0
"Region1","BS_RES_EL_002",2031,0
"Region1","BS_RES_EL_002",2032,0
"Region1","BS_RES_EL_002",2033,0
"Region1","BS_RES_EL_002",2034,0
"Region1","BS_RES_EL_002",2035,0
"Region1","BS_RES_EL_002",2036,0
"Region1","BS_RES_EL_002",2037,0
"Region1","BS_RES_EL_002",2038,0
"Region1","BS_RES_EL_002",2039,0
"Region1","BS_RES_EL_002",2040,0
"Region1","BS_RES_EL_002",2041,0
"Region1","BS_RES_EL_002",2042,0
"Region1","BS_RES_EL_002",2043,0
"Region1","BS_RES_EL_002",2044,0
"Region1","BS_RES_EL_002",2045,0
"Region1","BS_RES_EL_002",2046,0
"Region1","BS_RES_EL_002",2047,0
"Region1","BS_RES_EL_002",2048,0
"Region1","BS_RES_EL_002",2049,0
"Region1","BS_RES_EL_002",2050,0
"Region1","BS_TRA_AN_001",2018,0
"Region1","BS_TRA_AN_001",2019,0
"Region1","BS_TRA_AN_001",2020,0
"Region1","BS_TRA_AN_001",2021,0
"Region1","BS_TRA_AN_001",2022,0
"Region1","BS_TRA_AN_001",2023,0
"Region1","BS_TRA_AN_001",2024,0
"Region1","BS_TRA_AN_001",2025,0
"Region1","BS_TRA_AN_001",2026,0
"Region1","BS_TRA_AN_001",2027,0
"Region1","BS_TRA_AN_001",2028,0
"Region1","BS_TRA_AN_001",2029,0
"Region1","BS_TRA_AN_001",2030,0
"Region1","BS_TRA_AN_001",2031,0
"Region1","BS_TRA_AN_001",2032,0
"Region1","BS_TRA_AN_001",2033,0
"Region1","BS_TRA_AN_001",2034,0
"Region1","BS_TRA_AN_001",2035,0
"Region1","BS_TRA_AN_001",2036,0
"Region1","BS_TRA_AN_001",2037,0
"Region1","BS_TRA_AN_001",2038,0
"Region1","BS_TRA_AN_001",2039,0
"Region1","BS_TRA_AN_001",2040,0
"Region1","BS_TRA_AN_001",2041,0
"Region1","BS_TRA_AN_001",2042,0
"Region1","BS_TRA_AN_001",2043,0
"Region1","BS_TRA_AN_001",2044,0
"Region1","BS_TRA_AN_001",2045,0
"Region1","BS_TRA_AN_001",2046,0
"Region1","BS_TRA_AN_001",2047,0
"Region1","BS_TRA_AN_001",2048,0
"Region1","BS_TRA_AN_001",2049,0
"Region1","BS_TRA_AN_001",2050,0
"Region1","BS_TRA_RAIL_001",2018,0
"Region1","BS_TRA_RAIL_001",2019,0
"Region1","BS_TRA_RAIL_001",2020,0
"Region1","BS_TRA_RAIL_001",2021,0
"Region1","BS_TRA_RAIL_001",2022,0
"Region1","BS_TRA_RAIL_001",2023,0
"Region1","BS_TRA_RAIL_001",2024,0
"Region1","BS_TRA_RAIL_001",2025,0
"Region1","BS_TRA_RAIL_001",2026,0
"Region1","BS_TRA_RAIL_001",2027,0
"Region1","BS_TRA_RAIL_001",2028,0
"Region1","BS_TRA_RAIL_001",2029,0
"Region1","BS_TRA_RAIL_001",2030,0
"Region1","BS_TRA_RAIL_001",2031,0
"Region1","BS_TRA_RAIL_001",2032,0
"Region1","BS_TRA_RAIL_001",2033,0
"Region1","BS_TRA_RAIL_001",2034,0
"Region1","BS_TRA_RAIL_001",2035,0
"Region1","BS_TRA_RAIL_001",2036,0
"Region1","BS_TRA_RAIL_001",2037,0
"Region1","BS_TRA_RAIL_001",2038,0
"Region1","BS_TRA_RAIL_001",2039,0
"Region1","BS_TRA_RAIL_001",2040,0
"Region1","BS_TRA_RAIL_001",2041,0
"Region1","BS_TRA_RAIL_001",2042,0
"Region1","BS_TRA_RAIL_001",2043,0
"Region1","BS_TRA_RAIL_001",2044,0
"Region1","BS_TRA_RAIL_001",2045,0
"Region1","BS_TRA_RAIL_001",2046,0
"Region1","BS_TRA_RAIL_001",2047,0
"Region1","BS_TRA_RAIL_001",2048,0
"Region1","BS_TRA_RAIL_001",2049,0
"Region1","BS_TRA_RAIL_001",2050,0
"Region1","BS_TRA_ROAD_001",2018,0
"Region1","BS_TRA_ROAD_001",2019,0
"Region1","BS_TRA_ROAD_001",2020,0
"Region1","BS_TRA_ROAD_001",2021,0
"Region1","BS_TRA_ROAD_001",2022,0
"Region1","BS_TRA_ROAD_001",2023,0
"Region1","BS_TRA_ROAD_001",2024,0
"Region1","BS_TRA_ROAD_001",2025,0
"Region1","BS_TRA_ROAD_001",2026,0
"Region1","BS_TRA_ROAD_001",2027,0
"Region1","BS_TRA_ROAD_001",2028,0
"Region1","BS_TRA_ROAD_001",2029,0
"Region1","BS_TRA_ROAD_001",2030,0
"Region1","BS_TRA_ROAD_001",2031,0
"Region1","BS_TRA_ROAD_001",2032,0
"Region1","BS_TRA_ROAD_001",2033,0
"Region1","BS_TRA_ROAD_001",2034,0
"Region1","BS_TRA_ROAD_001",2035,0
"Region1","BS_TRA_ROAD_001",2036,0
"Region1","BS_TRA_ROAD_001",2037,0
"Region1","BS_TRA_ROAD_001",2038,0
"Region1","BS_TRA_ROAD_001",2039,0
"Region1","BS_TRA_ROAD_001",2040,0
"Region1","BS_TRA_ROAD_001",2041,0
"Region1","BS_TRA_ROAD_001",2042,0
"Region1","BS_TRA_ROAD_001",2043,0
"Region1","BS_TRA_ROAD_001",2044,0
"Region1","BS_TRA_ROAD_001",2045,0
"Region1","BS_TRA_ROAD_001",2046,0
"Region1","BS_TRA_ROAD_001",2047,0
"Region1","BS_TRA_ROAD_001",2048,0
"Region1","BS_TRA_ROAD_001",2049,0
"Region1","BS_TRA_ROAD_001",2050,0
"Region1","COM_CWH_BIO_001",2018,52.4195610542477
"Region1","COM_CWH_BIO_001",2019,55.7513315933129
"Region1","COM_CWH_BIO_001",2020,34.7621280628063
"Region1","COM_CWH_BIO_001",2021,42.8861956264501
"Region1","COM_CWH_BIO_001",2022,67.0719354657113
"Region1","COM_CWH_BIO_001",2023,71.3350062094848
"Region1","COM_CWH_BIO_001",2024,75.8690363868987
"Region1","COM_CWH_BIO_001",2025,58.7957857178372
"Region1","COM_CWH_BIO_001",2026,69.4761211987295
"Region1","COM_CWH_BIO_001",2027,136.911970547595
"Region1","COM_CWH_BIO_001",2028,66.016208074246
"Region1","COM_CWH_BIO_001",2029,70.2121771345708
"Region1","COM_CWH_BIO_001",2030,88.8961643833725
"Region1","COM_CWH_BIO_001",2031,102.701816636664
"Region1","COM_CWH_BIO_001",2032,124.210836216308
"Region1","COM_CWH_BIO_001",2033,89.8379635034803
"Region1","COM_CWH_BIO_001",2034,95.5480357192575
"Region1","COM_CWH_BIO_001",2035,149.432505987717
"Region1","COM_CWH_BIO_001",2036,128.66315921834
"Region1","COM_CWH_BIO_001",2037,130.714063213013
"Region1","COM_CWH_BIO_001",2038,139.703973212665
"Region1","COM_CWH_BIO_001",2039,168.140774377438
"Region1","COM_CWH_BIO_001",2040,134.260388848202
"Region1","COM_CWH_BIO_001",2041,164.528648154661
"Region1","COM_CWH_BIO_001",2042,194.301347063129
"Region1","COM_CWH_BIO_001",2043,179.782227275995
"Region1","COM_CWH_BIO_001",2044,296.5525258341
"Region1","COM_CWH_BIO_001",2045,198.593924345702
"Region1","COM_CWH_BIO_001",2046,187.591839693287
"Region1","COM_CWH_BIO_001",2047,219.872948548122
"Region1","COM_CWH_BIO_001",2048,251.129584041705
"Region1","COM_CWH_BIO_001",2049,286.654294020163
"Region1","COM_CWH_BIO_001",2050,304.87394917829
"Region1","COM_CWH_NGS_001",2018,0
"Region1","COM_CWH_NGS_001",2019,0
"Region1","COM_CWH_NGS_001",2020,0
"Region1","COM_CWH_NGS_001",2021,0
"Region1","COM_CWH_NGS_001",2022,0
"Region1","COM_CWH_NGS_001",2023,0
"Region1","COM_CWH_NGS_001",2024,0
"Region1","COM_CWH_NGS_001",2025,0
"Region1","COM_CWH_NGS_001",2026,0
"Region1","COM_CWH_NGS_001",2027,0
"Region1","COM_CWH_NGS_001",2028,0
"Region1","COM_CWH_NGS_001",2029,0
"Region1","COM_CWH_NGS_001",2030,0
"Region1","COM_CWH_NGS_001",2031,0
"Region1","COM_CWH_NGS_001",2032,0
"Region1","COM_CWH_NGS_001",2033,0
"Region1","COM_CWH_NGS_001",2034,0
"Region1","COM_CWH_NGS_001",2035,0
"Region1","COM_CWH_NGS_001",2036,0
"Region1","COM_CWH_NGS_001",2037,0
"Region1","COM_CWH_NGS_001",2038,0
"Region1","COM_CWH_NGS_001",2039,0
"Region1","COM_CWH_NGS_001",2040,0
"Region1","COM_CWH_NGS_001",2041,0
"Region1","COM_CWH_NGS_001",2042,0
"Region1","COM_CWH_NGS_001",2043,0
"Region1","COM_CWH_NGS_001",2044,0
"Region1","COM_CWH_NGS_001",2045,0
"Region1","COM_CWH_NGS_001",2046,0
"Region1","COM_CWH_NGS_001",2047,0
"Region1","COM_CWH_NGS_001",2048,0
"Region1","COM_CWH_NGS_001",2049,0
"Region1","COM_CWH_NGS_001",2050,0
"Region1","COM_CWH_OILPRD_001",2018,0
"Region1","COM_CWH_OILPRD_001",2019,0
"Region1","COM_CWH_OILPRD_001",2020,0
"Region1","COM_CWH_OILPRD_001",2021,0
"Region1","COM_CWH_OILPRD_001",2022,0
"Region1","COM_CWH_OILPRD_001",2023,0
"Region1","COM_CWH_OILPRD_001",2024,0
"Region1","COM_CWH_OILPRD_001",2025,0
"Region1","COM_CWH_OILPRD_001",2026,0
"Region1","COM_CWH_OILPRD_001",2027,0
"Region1","COM_CWH_OILPRD_001",2028,0
"Region1","COM_CWH_OILPRD_001",2029,0
"Region1","COM_CWH_OILPRD_001",2030,0
"Region1","COM_CWH_OILPRD_001",2031,0
"Region1","COM_CWH_OILPRD_001",2032,0
"Region1","COM_CWH_OILPRD_001",2033,0
"Region1","COM_CWH_OILPRD_001",2034,0
"Region1","COM_CWH_OILPRD_001",2035,0
"Region1","COM_CWH_OILPRD_001",2036,0
"Region1","COM_CWH_OILPRD_001",2037,0
"Region1","COM_CWH_OILPRD_001",2038,0
"Region1","COM_CWH_OILPRD_001",2039,0
"Region1","COM_CWH_OILPRD_001",2040,0
"Region1","COM_CWH_OILPRD_001",2041,0
"Region1","COM_CWH_OILPRD_001",2042,0
"Region1","COM_CWH_OILPRD_001",2043,0
"Region1","COM_CWH_OILPRD_001",2044,0
"Region1","COM_CWH_OILPRD_001",2045,0
"Region1","COM_CWH_OILPRD_001",2046,0
"Region1","COM_CWH_OILPRD_001",2047,0
"Region1","COM_CWH_OILPRD_001",2048,0
"Region1","COM_CWH_OILPRD_001",2049,0
"Region1","COM_CWH_OILPRD_001",2050,0
"Region1","COM_EE",2018,0
"Region1","COM_EE",2019,0
"Region1","COM_EE",2020,0
"Region1","COM_EE",2021,0
"Region1","COM_EE",2022,0
"Region1","COM_EE",2023,0
"Region1","COM_EE",2024,0
"Region1","COM_EE",2025,0
"Region1","COM_EE",2026,0
"Region1","COM_EE",2027,0
"Region1","COM_EE",2028,0
"Region1","COM_EE",2029,0
"Region1","COM_EE",2030,0
"Region1","COM_EE",2031,0
"Region1","COM_EE",2032,0
"Region1","COM_EE",2033,0
"Region1","COM_EE",2034,0
"Region1","COM_EE",2035,0
"Region1","COM_EE",2036,0
"Region1","COM_EE",2037,0
"Region1","COM_EE",2038,0
"Region1","COM_EE",2039,0
"Region1","COM_EE",2040,0
"Region1","COM_EE",2041,0
"Region1","COM_EE",2042,0
"Region1","COM_EE",2043,0
"Region1","COM_EE",2044,0
"Region1","COM_EE",2045,0
"Region1","COM_EE",2046,0
"Region1","COM_EE",2047,0
"Region1","COM_EE",2048,0
"Region1","COM_EE",2049,0
"Region1","COM_EE",2050,0
"Region1","COM_EL_APP_001",2018,439.127213348183
"Region1","COM_EL_APP_001",2019,555.794805485589
"Region1","COM_EL_APP_001",2020,677.104275656807
"Region1","COM_EL_APP_001",2021,677.104275656807
"Region1","COM_EL_APP_001",2022,860.898349576458
"Region1","COM_EL_APP_001",2023,860.898349576458
"Region1","COM_EL_APP_001",2024,1048.71496936408
"Region1","COM_EL_APP_001",2025,1048.71496936408
"Region1","COM_EL_APP_001",2026,1048.71496936408
"Region1","COM_EL_APP_001",2027,1348.5138290527
"Region1","COM_EL_APP_001",2028,1443.12676967792
"Region1","COM_EL_APP_001",2029,1542.53623486846
"Region1","COM_EL_APP_001",2030,1648.24868935566
"Region1","COM_EL_APP_001",2031,1760.65755363043
"Region1","COM_EL_APP_001",2032,1880.1821988879
"Region1","COM_EL_APP_001",2033,2008.70466235927
"Region1","COM_EL_APP_001",2034,2143.88843624835
"Region1","COM_EL_APP_001",2035,2296.62819867768
"Region1","COM_EL_APP_001",2036,2383.96490364187
"Region1","COM_EL_APP_001",2037,2372.2202397664
"Region1","COM_EL_APP_001",2038,2643.33730435388
"Region1","COM_EL_APP_001",2039,2845.57760441104
"Region1","COM_EL_APP_001",2040,2940.03561913713
"Region1","COM_EL_APP_001",2041,3074.58726617042
"Region1","COM_EL_APP_001",2042,3252.33651951638
"Region1","COM_EL_APP_001",2043,3485.69064268593
"Region1","COM_EL_APP_001",2044,3731.6446851098
"Region1","COM_EL_APP_001",2045,4022.51306250354
"Region1","COM_EL_APP_001",2046,4361.03863439012
"Region1","COM_EL_APP_001",2047,4626.62399115094
"Region1","COM_EL_APP_001",2048,5106.73053998552
"Region1","COM_EL_APP_001",2049,5661.52489297737
"Region1","COM_EL_APP_001",2050,5844.55337251303
"Region1","IMP_DSL",2018,851.296737629258
"Region1","IMP_DSL",2019,887.185729496482
"Region1","IMP_DSL",2020,1510.66086051727
"Region1","IMP_DSL",2021,1557.52519691734
"Region1","IMP_DSL",2022,1313.0342031381
"Region1","IMP_DSL",2023,1338.99342780179
"Region1","IMP_DSL",2024,1353.44955549781
"Region1","IMP_DSL",2025,1385.5227264007
"Region1","IMP_DSL",2026,1414.18271636061
"Region1","IMP_DSL",2027,1543.54165770864
"Region1","IMP_DSL",2028,1462.77917462222
"Region1","IMP_DSL",2029,1489.65749465789
"Region1","IMP_DSL",2030,1309.49725852577
"Region1","IMP_DSL",2031,1334.45926467354
"Region1","IMP_DSL",2032,1573.88816043177
"Region1","IMP_DSL",2033,1603.21870667502
"Region1","IMP_DSL",2034,1633.20497343846
"Region1","IMP_DSL",2035,1666.82928441117
"Region1","IMP_DSL",2036,1471.12995583687
"Region1","IMP_DSL",2037,1496.89413883396
"Region1","IMP_DSL",2038,1677.10891081538
"Region1","IMP_DSL",2039,1694.2118646849
"Region1","IMP_DSL",2040,1700.90872590089
"Region1","IMP_DSL",2041,1673.93652152625
"Region1","IMP_DSL",2042,1605.30858445287
"Region1","IMP_DSL",2043,1618.88504160258
"Region1","IMP_DSL",2044,1632.9832397904
"Region1","IMP_DSL",2045,1647.62322946937
"Region1","IMP_DSL",2046,1662.82583161759
"Region1","IMP_DSL",2047,1678.61266730916
"Region1","IMP_DSL",2048,1516.37185939926
"Region1","IMP_DSL",2049,1706.94796244611
"Region1","IMP_DSL",2050,1748.68842964296
"Region1","IMP_GSL",2018,0
"Region1","IMP_GSL",2019,0
"Region1","IMP_GSL",2020,0
"Region1","IMP_GSL",2021,0
"Region1","IMP_GSL",2022,0
"Region1","IMP_GSL",2023,0
"Region1","IMP_GSL",2024,18.1478397839784
"Region1","IMP_GSL",2025,0
"Region1","IMP_GSL",2026,0
"Region1","IMP_GSL",2027,0
"Region1","IMP_GSL",2028,0
"Region1","IMP_GSL",2029,0
"Region1","IMP_GSL",2030,0
"Region1","IMP_GSL",2031,0
"Region1","IMP_GSL",2032,0
"Region1","IMP_GSL",2033,0
"Region1","IMP_GSL",2034,0
"Region1","IMP_GSL",2035,0
"Region1","IMP_GSL",2036,0
"Region1","IMP_GSL",2037,0
"Region1","IMP_GSL",2038,43.8627628716461
"Region1","IMP_GSL",2039,43.8627628716461
"Region1","IMP_GSL",2040,43.8627628716461
"Region1","IMP_GSL",2041,87.95834342949
"Region1","IMP_GSL",2042,179.021988
"Region1","IMP_GSL",2043,179.021988
"Region1","IMP_GSL",2044,179.021988
"Region1","IMP_GSL",2045,179.021988
"Region1","IMP_GSL",2046,179.021988
"Region1","IMP_GSL",2047,179.021988
"Region1","IMP_GSL",2048,179.021988
"Region1","IMP_GSL",2049,0
"Region1","IMP_GSL",2050,0
"Region1","IMP_KER",2018,0
"Region1","IMP_KER",2019,0
"Region1","IMP_KER",2020,0
"Region1","IMP_KER",2021,0
"Region1","IMP_KER",2022,0
"Region1","IMP_KER",2023,0
"Region1","IMP_KER",2024,0
"Region1","IMP_KER",2025,0
"Region1","IMP_KER",2026,0
"Region1","IMP_KER",2027,0
"Region1","IMP_KER",2028,0
"Region1","IMP_KER",2029,0
"Region1","IMP_KER",2030,0
"Region1","IMP_KER",2031,0
"Region1","IMP_KER",2032,0
"Region1","IMP_KER",2033,0
"Region1","IMP_KER",2034,0
"Region1","IMP_KER",2035,0
"Region1","IMP_KER",2036,0
"Region1","IMP_KER",2037,0
"Region1","IMP_KER",2038,0
"Region1","IMP_KER",2039,0
"Region1","IMP_KER",2040,0
"Region1","IMP_KER",2041,0
"Region1","IMP_KER",2042,0
"Region1","IMP_KER",2043,0
"Region1","IMP_KER",2044,0
"Region1","IMP_KER",2045,0
"Region1","IMP_KER",2046,0
"Region1","IMP_KER",2047,0
"Region1","IMP_KER",2048,0
"Region1","IMP_KER",2049,0
"Region1","IMP_KER",2050,0
"Region1","IMP_LPG",2018,0
"Region1","IMP_LPG",2019,0
"Region1","IMP_LPG",2020,0
"Region1","IMP_LPG",2021,0
"Region1","IMP_LPG",2022,0
"Region1","IMP_LPG",2023,0
"Region1","IMP_LPG",2024,0
"Region1","IMP_LPG",2025,0
"Region1","IMP_LPG",2026,0
"Region1","IMP_LPG",2027,0
"Region1","IMP_LPG",2028,0
"Region1","IMP_LPG",2029,0
"Region1","IMP_LPG",2030,0
"Region1","IMP_LPG",2031,0
"Region1","IMP_LPG",2032,0
"Region1","IMP_LPG",2033,0
"Region1","IMP_LPG",2034,0
"Region1","IMP_LPG",2035,0
"Region1","IMP_LPG",2036,0
"Region1","IMP_LPG",2037,0
"Region1","IMP_LPG",2038,0
"Region1","IMP_LPG",2039,0
"Region1","IMP_LPG",2040,0
"Region1","IMP_LPG",2041,0
"Region1","IMP_LPG",2042,0
"Region1","IMP_LPG",2043,0
"Region1","IMP_LPG",2044,0
"Region1","IMP_LPG",2045,0
"Region1","IMP_LPG",2046,0
"Region1","IMP_LPG",2047,0
"Region1","IMP_LPG",2048,0
"Region1","IMP_LPG",2049,0
"Region1","IMP_LPG",2050,0
"Region1","IMP_OIL",2018,0
"Region1","IMP_OIL",2019,0
"Region1","IMP_OIL",2020,0
"Region1","IMP_OIL",2021,0
"Region1","IMP_OIL",2022,0
"Region1","IMP_OIL",2023,0
"Region1","IMP_OIL",2024,0
"Region1","IMP_OIL",2025,0
"Region1","IMP_OIL",2026,0
"Region1","IMP_OIL",2027,0
"Region1","IMP_OIL",2028,0
"Region1","IMP_OIL",2029,0
"Region1","IMP_OIL",2030,0
"Region1","IMP_OIL",2031,0
"Region1","IMP_OIL",2032,0
"Region1","IMP_OIL",2033,0
"Region1","IMP_OIL",2034,0
"Region1","IMP_OIL",2035,0
"Region1","IMP_OIL",2036,0
"Region1","IMP_OIL",2037,0
"Region1","IMP_OIL",2038,0
"Region1","IMP_OIL",2039,0
"Region1","IMP_OIL",2040,0
"Region1","IMP_OIL",2041,0
"Region1","IMP_OIL",2042,0
"Region1","IMP_OIL",2043,0
"Region1","IMP_OIL",2044,0
"Region1","IMP_OIL",2045,0
"Region1","IMP_OIL",2046,0
"Region1","IMP_OIL",2047,0
"Region1","IMP_OIL",2048,0
"Region1","IMP_OIL",2049,0
"Region1","IMP_OIL",2050,0
"Region1","IMP_OILPRD",2018,0
"Region1","IMP_OILPRD",2019,0
"Region1","IMP_OILPRD",2020,0
"Region1","IMP_OILPRD",2021,0
"Region1","IMP_OILPRD",2022,0
"Region1","IMP_OILPRD",2023,0
"Region1","IMP_OILPRD",2024,0
"Region1","IMP_OILPRD",2025,0
"Region1","IMP_OILPRD",2026,0
"Region1","IMP_OILPRD",2027,0
"Region1","IMP_OILPRD",2028,0
"Region1","IMP_OILPRD",2029,0
"Region1","IMP_OILPRD",2030,0
"Region1","IMP_OILPRD",2031,0
"Region1","IMP_OILPRD",2032,0
"Region1","IMP_OILPRD",2033,0
"Region1","IMP_OILPRD",2034,0
"Region1","IMP_OILPRD",2035,0
"Region1","IMP_OILPRD",2036,0
"Region1","IMP_OILPRD",2037,0
"Region1","IMP_OILPRD",2038,0
"Region1","IMP_OILPRD",2039,0
"Region1","IMP_OILPRD",2040,0
"Region1","IMP_OILPRD",2041,0
"Region1","IMP_OILPRD",2042,0
"Region1","IMP_OILPRD",2043,0
"Region1","IMP_OILPRD",2044,0
"Region1","IMP_OILPRD",2045,0
"Region1","IMP_OILPRD",2046,0
"Region1","IMP_OILPRD",2047,0
"Region1","IMP_OILPRD",2048,0
"Region1","IMP_OILPRD",2049,0
"Region1","IMP_OILPRD",2050,116.967367657723
"Region1","IND_ALL_BIO_001",2018,0
"Region1","IND_ALL_BIO_001",2019,0
"Region1","IND_ALL_BIO_001",2020,0
"Region1","IND_ALL_BIO_001",2021,0
"Region1","IND_ALL_BIO_001",2022,0
"Region1","IND_ALL_BIO_001",2023,0
"Region1","IND_ALL_BIO_001",2024,0
"Region1","IND_ALL_BIO_001",2025,0
"Region1","IND_ALL_BIO_001",2026,0
"Region1","IND_ALL_BIO_001",2027,0
"Region1","IND_ALL_BIO_001",2028,0
"Region1","IND_ALL_BIO_001",2029,0
"Region1","IND_ALL_BIO_001",2030,0
"Region1","IND_ALL_BIO_001",2031,0
"Region1","IND_ALL_BIO_001",2032,0
"Region1","IND_ALL_BIO_001",2033,0
"Region1","IND_ALL_BIO_001",2034,0
"Region1","IND_ALL_BIO_001",2035,0
"Region1","IND_ALL_BIO_001",2036,0
"Region1","IND_ALL_BIO_001",2037,0
"Region1","IND_ALL_BIO_001",2038,0
"Region1","IND_ALL_BIO_001",2039,0
"Region1","IND_ALL_BIO_001",2040,0
"Region1","IND_ALL_BIO_001",2041,0
"Region1","IND_ALL_BIO_001",2042,0
"Region1","IND_ALL_BIO_001",2043,0
"Region1","IND_ALL_BIO_001",2044,0
"Region1","IND_ALL_BIO_001",2045,0
"Region1","IND_ALL_BIO_001",2046,0
"Region1","IND_ALL_BIO_001",2047,0
"Region1","IND_ALL_BIO_001",2048,0
"Region1","IND_ALL_BIO_001",2049,0
"Region1","IND_ALL_BIO_001",2050,0
"Region1","IND_ALL_COA_001",2018,2662.822225058
"Region1","IND_ALL_COA_001",2019,4120.7961992494
"Region1","IND_ALL_COA_001",2020,4336.69269020812
"Region1","IND_ALL_COA_001",2021,4563.90041624019
"Region1","IND_ALL_COA_001",2022,3499.7211075202
"Region1","IND_ALL_COA_001",2023,5484.73781769308
"Region1","IND_ALL_COA_001",2024,4285.82664930842
"Region1","IND_ALL_COA_001",2025,5598.17159160696
"Region1","IND_ALL_COA_001",2026,4930.4880664457
"Region1","IND_ALL_COA_001",2027,5227.10533909451
"Region1","IND_ALL_COA_001",2028,5539.55069646918
"Region1","IND_ALL_COA_001",2029,4250.16278486682
"Region1","IND_ALL_COA_001",2030,6216.3952690075
"Region1","IND_ALL_COA_001",2031,5529.51564969644
"Region1","IND_ALL_COA_001",2032,6968.57272374442
"Region1","IND_ALL_COA_001",2033,7047.85522630971
"Region1","IND_ALL_COA_001",2034,9191.43306522239
"Region1","IND_ALL_COA_001",2035,9430.90999093195
"Region1","IND_ALL_COA_001",2036,10241.8723381455
"Region1","IND_ALL_COA_001",2037,6672.42453327085
"Region1","IND_ALL_COA_001",2038,8075.91219506105
"Region1","IND_ALL_COA_001",2039,10038.6645559909
"Region1","IND_ALL_COA_001",2040,10036.1613178998
"Region1","IND_ALL_COA_001",2041,7929.2561483575
"Region1","IND_ALL_COA_001",2042,13534.9497108288
"Region1","IND_ALL_COA_001",2043,9952.47450073094
"Region1","IND_ALL_COA_001",2044,14677.7279964722
"Region1","IND_ALL_COA_001",2045,15305.7641909536
"Region1","IND_ALL_COA_001",2046,15965.5710531402
"Region1","IND_ALL_COA_001",2047,13935.4122993176
"Region1","IND_ALL_COA_001",2048,17355.3762982301
"Region1","IND_ALL_COA_001",2049,10963.272649305
"Region1","IND_ALL_COA_001",2050,12428.4174686877
"Region1","IND_ALL_EL_001",2018,0
"Region1","IND_ALL_EL_001",2019,0
"Region1","IND_ALL_EL_001",2020,0
"Region1","IND_ALL_EL_001",2021,0
"Region1","IND_ALL_EL_001",2022,0
"Region1","IND_ALL_EL_001",2023,0
"Region1","IND_ALL_EL_001",2024,0
"Region1","IND_ALL_EL_001",2025,0
"Region1","IND_ALL_EL_001",2026,0
"Region1","IND_ALL_EL_001",2027,0
"Region1","IND_ALL_EL_001",2028,0
"Region1","IND_ALL_EL_001",2029,0
"Region1","IND_ALL_EL_001",2030,0
"Region1","IND_ALL_EL_001",2031,0
"Region1","IND_ALL_EL_001",2032,0
"Region1","IND_ALL_EL_001",2033,0
"Region1","IND_ALL_EL_001",2034,0
"Region1","IND_ALL_EL_001",2035,0
"Region1","IND_ALL_EL_001",2036,0
"Region1","IND_ALL_EL_001",2037,0
"Region1","IND_ALL_EL_001",2038,115.045459901445
"Region1","IND_ALL_EL_001",2039,260.032546767857
"Region1","IND_ALL_EL_001",2040,355.748962478853
"Region1","IND_ALL_EL_001",2041,393.009713921168
"Region1","IND_ALL_EL_001",2042,517.638901750489
"Region1","IND_ALL_EL_001",2043,652.81006953697
"Region1","IND_ALL_EL_001",2044,1094.75534351173
"Region1","IND_ALL_EL_001",2045,1137.41733054234
"Region1","IND_ALL_EL_001",2046,1468.59179975369
"Region1","IND_ALL_EL_001",2047,1182.36327489875
"Region1","IND_ALL_EL_001",2048,1362.88694625296
"Region1","IND_ALL_EL_001",2049,1894.9303252191
"Region1","IND_ALL_EL_001",2050,1986.04392281287
"Region1","IND_ALL_OILPRD_001",2018,0
"Region1","IND_ALL_OILPRD_001",2019,0
"Region1","IND_ALL_OILPRD_001",2020,0
"Region1","IND_ALL_OILPRD_001",2021,0
"Region1","IND_ALL_OILPRD_001",2022,0
"Region1","IND_ALL_OILPRD_001",2023,0
"Region1","IND_ALL_OILPRD_001",2024,0
"Region1","IND_ALL_OILPRD_001",2025,0
"Region1","IND_ALL_OILPRD_001",2026,0
"Region1","IND_ALL_OILPRD_001",2027,0
"Region1","IND_ALL_OILPRD_001",2028,0
"Region1","IND_ALL_OILPRD_001",2029,0
"Region1","IND_ALL_OILPRD_001",2030,0
"Region1","IND_ALL_OILPRD_001",2031,0
"Region1","IND_ALL_OILPRD_001",2032,0
"Region1","IND_ALL_OILPRD_001",2033,0
"Region1","IND_ALL_OILPRD_001",2034,0
"Region1","IND_ALL_OILPRD_001",2035,0
"Region1","IND_ALL_OILPRD_001",2036,0
"Region1","IND_ALL_OILPRD_001",2037,0
"Region1","IND_ALL_OILPRD_001",2038,0
"Region1","IND_ALL_OILPRD_001",2039,0
"Region1","IND_ALL_OILPRD_001",2040,0
"Region1","IND_ALL_OILPRD_001",2041,0
"Region1","IND_ALL_OILPRD_001",2042,0
"Region1","IND_ALL_OILPRD_001",2043,0
"Region1","IND_ALL_OILPRD_001",2044,0
"Region1","IND_ALL_OILPRD_001",2045,0
"Region1","IND_ALL_OILPRD_001",2046,0
"Region1","IND_ALL_OILPRD_001",2047,0
"Region1","IND_ALL_OILPRD_001",2048,0
"Region1","IND_ALL_OILPRD_001",2049,0
"Region1","IND_ALL_OILPRD_001",2050,0
"Region1","IND_EE",2018,0
"Region1","IND_EE",2019,0
"Region1","IND_EE",2020,0
"Region1","IND_EE",2021,0
"Region1","IND_EE",2022,0
"Region1","IND_EE",2023,0
"Region1","IND_EE",2024,0
"Region1","IND_EE",2025,0
"Region1","IND_EE",2026,0
"Region1","IND_EE",2027,0
"Region1","IND_EE",2028,0
"Region1","IND_EE",2029,0
"Region1","IND_EE",2030,0
"Region1","IND_EE",2031,0
"Region1","IND_EE",2032,0
"Region1","IND_EE",2033,0
"Region1","IND_EE",2034,0
"Region1","IND_EE",2035,0
"Region1","IND_EE",2036,0
"Region1","IND_EE",2037,0
"Region1","IND_EE",2038,0
"Region1","IND_EE",2039,0
"Region1","IND_EE",2040,0
"Region1","IND_EE",2041,0
"Region1","IND_EE",2042,0
"Region1","IND_EE",2043,0
"Region1","IND_EE",2044,0
"Region1","IND_EE",2045,0
"Region1","IND_EE",2046,0
"Region1","IND_EE",2047,0
"Region1","IND_EE",2048,0
"Region1","IND_EE",2049,0
"Region1","IND_EE",2050,0
"Region1","MIN_BIO",2018,592.422691009894
"Region1","MIN_BIO",2019,605.4593625725
"Region1","MIN_BIO",2020,362.825156675667
"Region1","MIN_BIO",2021,430.27111700696
"Region1","MIN_BIO",2022,646.955021340839
"Region1","MIN_BIO",2023,661.640569669055
"Region1","MIN_BIO",2024,676.784623558513
"Region1","MIN_BIO",2025,504.523856569297
"Region1","MIN_BIO",2026,573.596664217649
"Region1","MIN_BIO",2027,551.186761016826
"Region1","MIN_BIO",2028,633.484925145953
"Region1","MIN_BIO",2029,778.619813443408
"Region1","MIN_BIO",2030,569.107455847118
"Region1","MIN_BIO",2031,501.784873842384
"Region1","MIN_BIO",2032,817.176798345275
"Region1","MIN_BIO",2033,550.055036341576
"Region1","MIN_BIO",2034,583.892921102088
"Region1","MIN_BIO",2035,880.447743449335
"Region1","MIN_BIO",2036,549.363953589453
"Region1","MIN_BIO",2037,610.289556459662
"Region1","MIN_BIO",2038,508.805673908721
"Region1","MIN_BIO",2039,561.179371836043
"Region1","MIN_BIO",2040,675.141082494565
"Region1","MIN_BIO",2041,667.441985988444
"Region1","MIN_BIO",2042,665.417830145576
"Region1","MIN_BIO",2043,611.270684081464
"Region1","MIN_BIO",2044,899.136808843312
"Region1","MIN_BIO",2045,558.074500703337
"Region1","MIN_BIO",2046,574.705823135581
"Region1","MIN_BIO",2047,592.103655018769
"Region1","MIN_BIO",2048,897.217077729866
"Region1","MIN_BIO",2049,708.443134157443
"Region1","MIN_BIO",2050,759.82707168409
"Region1","MIN_COA",2018,4343.83893587422
"Region1","MIN_COA",2019,5751.3181760364
"Region1","MIN_COA",2020,6277.96346631998
"Region1","MIN_COA",2021,6595.66686683432
"Region1","MIN_COA",2022,4818.99684167466
"Region1","MIN_COA",2023,5484.73781769308
"Region1","MIN_COA",2024,4285.82664930842
"Region1","MIN_COA",2025,5598.17159160696
"Region1","MIN_COA",2026,4930.4880664457
"Region1","MIN_COA",2027,5227.10533909451
"Region1","MIN_COA",2028,5539.55069646918
"Region1","MIN_COA",2029,4250.16278486682
"Region1","MIN_COA",2030,6216.3952690075
"Region1","MIN_COA",2031,5529.51564969644
"Region1","MIN_COA",2032,6968.57272374442
"Region1","MIN_COA",2033,7047.85522630972
"Region1","MIN_COA",2034,9191.43306522239
"Region1","MIN_COA",2035,9430.90999093195
"Region1","MIN_COA",2036,10241.8723381454
"Region1","MIN_COA",2037,6672.42453327084
"Region1","MIN_COA",2038,8075.91219506105
"Region1","MIN_COA",2039,10038.6645559909
"Region1","MIN_COA",2040,10036.1613178998
"Region1","MIN_COA",2041,7929.2561483575
"Region1","MIN_COA",2042,13534.9497108288
"Region1","MIN_COA",2043,9952.47450073095
"Region1","MIN_COA",2044,14677.7279964722
"Region1","MIN_COA",2045,15305.7641909536
"Region1","MIN_COA",2046,15965.5710531402
"Region1","MIN_COA",2047,13935.4122993177
"Region1","MIN_COA",2048,17355.3762982301
"Region1","MIN_COA",2049,10963.272649305
"Region1","MIN_COA",2050,12428.4174686877
"Region1","MIN_GEO",2018,225.37121920128
"Region1","MIN_GEO",2019,225.37121920128
"Region1","MIN_GEO",2020,225.37121920128
"Region1","MIN_GEO",2021,225.37121920128
"Region1","MIN_GEO",2022,225.37121920128
"Region1","MIN_GEO",2023,225.37121920128
"Region1","MIN_GEO",2024,250.4124657792
"Region1","MIN_GEO",2025,250.4124657792
"Region1","MIN_GEO",2026,250.4124657792
"Region1","MIN_GEO",2027,250.4124657792
"Region1","MIN_GEO",2028,250.4124657792
"Region1","MIN_GEO",2029,250.4124657792
"Region1","MIN_GEO",2030,250.4124657792
"Region1","MIN_GEO",2031,250.4124657792
"Region1","MIN_GEO",2032,250.4124657792
"Region1","MIN_GEO",2033,250.4124657792
"Region1","MIN_GEO",2034,250.4124657792
"Region1","MIN_GEO",2035,250.4124657792
"Region1","MIN_GEO",2036,250.4124657792
"Region1","MIN_GEO",2037,250.4124657792
"Region1","MIN_GEO",2038,250.4124657792
"Region1","MIN_GEO",2039,250.4124657792
"Region1","MIN_GEO",2040,250.4124657792
"Region1","MIN_GEO",2041,250.4124657792
"Region1","MIN_GEO",2042,250.4124657792
"Region1","MIN_GEO",2043,250.4124657792
"Region1","MIN_GEO",2044,250.4124657792
"Region1","MIN_GEO",2045,250.4124657792
"Region1","MIN_GEO",2046,250.4124657792
"Region1","MIN_GEO",2047,250.4124657792
"Region1","MIN_GEO",2048,250.4124657792
"Region1","MIN_GEO",2049,250.4124657792
"Region1","MIN_GEO",2050,381.3055098624
"Region1","MIN_HYD",2018,72.7490865024
"Region1","MIN_HYD",2019,72.7490865024
"Region1","MIN_HYD",2020,72.7490865024
"Region1","MIN_HYD",2021,72.7490865024
"Region1","MIN_HYD",2022,72.7490865024
"Region1","MIN_HYD",2023,72.7490865024
"Region1","MIN_HYD",2024,72.7490865024
"Region1","MIN_HYD",2025,358.251224284799
"Region1","MIN_HYD",2026,358.2512242848
"Region1","MIN_HYD",2027,358.2512242848
"Region1","MIN_HYD",2028,358.2512242848
"Region1","MIN_HYD",2029,358.2512242848
"Region1","MIN_HYD",2030,358.2512242848
"Region1","MIN_HYD",2031,358.2512242848
"Region1","MIN_HYD",2032,358.2512242848
"Region1","MIN_HYD",2033,358.2512242848
"Region1","MIN_HYD",2034,358.2512242848
"Region1","MIN_HYD",2035,358.2512242848
"Region1","MIN_HYD",2036,358.2512242848
"Region1","MIN_HYD",2037,358.2512242848
"Region1","MIN_HYD",2038,358.2512242848
"Region1","MIN_HYD",2039,358.2512242848
"Region1","MIN_HYD",2040,358.2512242848
"Region1","MIN_HYD",2041,358.2512242848
"Region1","MIN_HYD",2042,358.2512242848
"Region1","MIN_HYD",2043,358.2512242848
"Region1","MIN_HYD",2044,358.2512242848
"Region1","MIN_HYD",2045,358.2512242848
"Region1","MIN_HYD",2046,358.2512242848
"Region1","MIN_HYD",2047,358.2512242848
"Region1","MIN_HYD",2048,358.2512242848
"Region1","MIN_HYD",2049,358.2512242848
"Region1","MIN_HYD",2050,358.2512242848
"Region1","MIN_NGS",2018,1680.35854775919
"Region1","MIN_NGS",2019,2056.37047677788
"Region1","MIN_NGS",2020,2122.87765768724
"Region1","MIN_NGS",2021,2185.52107433653
"Region1","MIN_NGS",2022,1362.61935328668
"Region1","MIN_NGS",2023,1395.37056462403
"Region1","MIN_NGS",2024,2435.88916337013
"Region1","MIN_NGS",2025,1244.68099646133
"Region1","MIN_NGS",2026,1321.16826713211
"Region1","MIN_NGS",2027,555.581377854278
"Region1","MIN_NGS",2028,740.76209477031
"Region1","MIN_NGS",2029,499.907076249104
"Region1","MIN_NGS",2030,354.355581012428
"Region1","MIN_NGS",2031,254.980370062212
"Region1","MIN_NGS",2032,318.088443182012
"Region1","MIN_NGS",2033,143.161948262165
"Region1","MIN_NGS",2034,11.4595984268616
"Region1","MIN_NGS",2035,673.470652932281
"Region1","MIN_NGS",2036,0
"Region1","MIN_NGS",2037,7.37721923560611
"Region1","MIN_NGS",2038,205.968272535099
"Region1","MIN_NGS",2039,417.335499692458
"Region1","MIN_NGS",2040,642.599617712764
"Region1","MIN_NGS",2041,780.516
"Region1","MIN_NGS",2042,825.601953318272
"Region1","MIN_NGS",2043,1096.3173721
"Region1","MIN_NGS",2044,1383.94316524721
"Region1","MIN_NGS",2045,1690.17286067868
"Region1","MIN_NGS",2046,2015.65398377513
"Region1","MIN_NGS",2047,2361.55706118629
"Region1","MIN_NGS",2048,2730.04881245533
"Region1","MIN_NGS",2049,3432.58724461632
"Region1","MIN_NGS",2050,5737.2737875086
"Region1","MIN_OIL",2018,294.802880288029
"Region1","MIN_OIL",2019,229.415841584159
"Region1","MIN_OIL",2020,124.326732673267
"Region1","MIN_OIL",2021,56.9537122969837
"Region1","MIN_OIL",2022,48.4203420342034
"Region1","MIN_OIL",2023,40.3285328532853
"Region1","MIN_OIL",2024,120.985598559856
"Region1","MIN_OIL",2025,120.985598559856
"Region1","MIN_OIL",2026,120.985598559856
"Region1","MIN_OIL",2027,120.985598559856
"Region1","MIN_OIL",2028,120.985598559856
"Region1","MIN_OIL",2029,206.368986693961
"Region1","MIN_OIL",2030,120.985598559856
"Region1","MIN_OIL",2031,206.368986693961
"Region1","MIN_OIL",2032,120.985598559856
"Region1","MIN_OIL",2033,120.985598559856
"Region1","MIN_OIL",2034,120.985598559856
"Region1","MIN_OIL",2035,120.985598559856
"Region1","MIN_OIL",2036,120.985598559856
"Region1","MIN_OIL",2037,292.418419144307
"Region1","MIN_OIL",2038,292.418419144308
"Region1","MIN_OIL",2039,292.418419144308
"Region1","MIN_OIL",2040,292.418419144307
"Region1","MIN_OIL",2041,586.3889561966
"Region1","MIN_OIL",2042,1193.47992
"Region1","MIN_OIL",2043,1193.47992
"Region1","MIN_OIL",2044,1193.47992
"Region1","MIN_OIL",2045,1193.47992
"Region1","MIN_OIL",2046,1193.47992
"Region1","MIN_OIL",2047,1193.47992
"Region1","MIN_OIL",2048,1193.47992
"Region1","MIN_OIL",2049,292.418419144307
"Region1","MIN_OIL",2050,0
"Region1","MIN_SOL",2018,2.4976511999994
"Region1","MIN_SOL",2019,2.4976511999994
"Region1","MIN_SOL",2020,2.4976511999994
"Region1","MIN_SOL",2021,111.006719999999
"Region1","MIN_SOL",2022,804.798719999999
"Region1","MIN_SOL",2023,1498.59072
"Region1","MIN_SOL",2024,2192.38272
"Region1","MIN_SOL",2025,3309.79286110207
"Region1","MIN_SOL",2026,3549.03539300152
"Region1","MIN_SOL",2027,3794.07571897169
"Region1","MIN_SOL",2028,4070.78818086295
"Region1","MIN_SOL",2029,4345.40495429672
"Region1","MIN_SOL",2030,4635.94094554606
"Region1","MIN_SOL",2031,4943.28487274928
"Region1","MIN_SOL",2032,5268.46953565318
"Region1","MIN_SOL",2033,5634.10127070149
"Region1","MIN_SOL",2034,5999.19549639331
"Region1","MIN_SOL",2035,6369.34106477381
"Region1","MIN_SOL",2036,7063.13306477381
"Region1","MIN_SOL",2037,7756.92506477381
"Region1","MIN_SOL",2038,8314.67347783905
"Region1","MIN_SOL",2039,8644.62864093012
"Region1","MIN_SOL",2040,9038.84951781991
"Region1","MIN_SOL",2041,9512.0203509706
"Region1","MIN_SOL",2042,10070.6923843736
"Region1","MIN_SOL",2043,10745.8507705759
"Region1","MIN_SOL",2044,11421.3665421063
"Region1","MIN_SOL",2045,12180.8824754015
"Region1","MIN_SOL",2046,13029.4482094431
"Region1","MIN_SOL",2047,13972.6568855786
"Region1","MIN_SOL",2048,15119.8377395064
"Region1","MIN_SOL",2049,16082.4290647738
"Region1","MIN_SOL",2050,16352.6029236717
"Region1","MIN_WND",2018,0.270831168
"Region1","MIN_WND",2019,0.270831168
"Region1","MIN_WND",2020,0.270831168
"Region1","MIN_WND",2021,0.270831168
"Region1","MIN_WND",2022,0.270831168
"Region1","MIN_WND",2023,0.270831168
"Region1","MIN_WND",2024,0.270831168
"Region1","MIN_WND",2025,0.270831168
"Region1","MIN_WND",2026,0.270831168
"Region1","MIN_WND",2027,0.270831168
"Region1","MIN_WND",2028,0.270831168
"Region1","MIN_WND",2029,0.270831168
"Region1","MIN_WND",2030,0.270831168
"Region1","MIN_WND",2031,0.270831168
"Region1","MIN_WND",2032,0.270831168
"Region1","MIN_WND",2033,0.270831168
"Region1","MIN_WND",2034,0.270831168
"Region1","MIN_WND",2035,0.270831168
"Region1","MIN_WND",2036,0.270831168
"Region1","MIN_WND",2037,0.270831168
"Region1","MIN_WND",2038,0.270831168
"Region1","MIN_WND",2039,0.270831168
"Region1","MIN_WND",2040,0.270831168
"Region1","MIN_WND",2041,0.270831168
"Region1","MIN_WND",2042,0.270831168
"Region1","MIN_WND",2043,0.26364096
"Region1","MIN_WND",2044,0.26364096
"Region1","MIN_WND",2045,0.26364096
"Region1","MIN_WND",2046,0.26364096
"Region1","MIN_WND",2047,0.26364096
"Region1","MIN_WND",2048,0.26364096
"Region1","MIN_WND",2049,0.270831168
"Region1","MIN_WND",2050,33.1411824
"Region1","OTH_ALL_BIO_001",2018,156.966925588536
"Region1","OTH_ALL_BIO_001",2019,159.938210781303
"Region1","OTH_ALL_BIO_001",2020,95.5400711171117
"Region1","OTH_ALL_BIO_001",2021,112.922099454756
"Region1","OTH_ALL_BIO_001",2022,169.19381258956
"Region1","OTH_ALL_BIO_001",2023,172.396545035824
"Region1","OTH_ALL_BIO_001",2024,175.659903275333
"Region1","OTH_ALL_BIO_001",2025,130.417684773151
"Region1","OTH_ALL_BIO_001",2026,147.641370667035
"Region1","OTH_ALL_BIO_001",2027,188.440834211137
"Region1","OTH_ALL_BIO_001",2028,166.505839333933
"Region1","OTH_ALL_BIO_001",2029,131.199322853828
"Region1","OTH_ALL_BIO_001",2030,159.141846568154
"Region1","OTH_ALL_BIO_001",2031,117.427672667267
"Region1","OTH_ALL_BIO_001",2032,204.091674513818
"Region1","OTH_ALL_BIO_001",2033,121.915413441344
"Region1","OTH_ALL_BIO_001",2034,144.096024593968
"Region1","OTH_ALL_BIO_001",2035,215.902431081542
"Region1","OTH_ALL_BIO_001",2036,64.2420450671684
"Region1","OTH_ALL_BIO_001",2037,10.5249759949241
"Region1","OTH_ALL_BIO_001",2038,0
"Region1","OTH_ALL_BIO_001",2039,0
"Region1","OTH_ALL_BIO_001",2040,0
"Region1","OTH_ALL_BIO_001",2041,0
"Region1","OTH_ALL_BIO_001",2042,0
"Region1","OTH_ALL_BIO_001",2043,0
"Region1","OTH_ALL_BIO_001",2044,0
"Region1","OTH_ALL_BIO_001",2045,0
"Region1","OTH_ALL_BIO_001",2046,0
"Region1","OTH_ALL_BIO_001",2047,0
"Region1","OTH_ALL_BIO_001",2048,0
"Region1","OTH_ALL_BIO_001",2049,0
"Region1","OTH_ALL_BIO_001",2050,0
"Region1","OTH_ALL_EL_001",2018,0
"Region1","OTH_ALL_EL_001",2019,0
"Region1","OTH_ALL_EL_001",2020,0
"Region1","OTH_ALL_EL_001",2021,0
"Region1","OTH_ALL_EL_001",2022,0
"Region1","OTH_ALL_EL_001",2023,0
"Region1","OTH_ALL_EL_001",2024,0
"Region1","OTH_ALL_EL_001",2025,0
"Region1","OTH_ALL_EL_001",2026,0
"Region1","OTH_ALL_EL_001",2027,0
"Region1","OTH_ALL_EL_001",2028,0
"Region1","OTH_ALL_EL_001",2029,0
"Region1","OTH_ALL_EL_001",2030,0
"Region1","OTH_ALL_EL_001",2031,0
"Region1","OTH_ALL_EL_001",2032,0
"Region1","OTH_ALL_EL_001",2033,0
"Region1","OTH_ALL_EL_001",2034,0
"Region1","OTH_ALL_EL_001",2035,0
"Region1","OTH_ALL_EL_001",2036,122.417483142308
"Region1","OTH_ALL_EL_001",2037,259.605908303005
"Region1","OTH_ALL_EL_001",2038,342.595011514841
"Region1","OTH_ALL_EL_001",2039,409.302462646265
"Region1","OTH_ALL_EL_001",2040,417.050300930093
"Region1","OTH_ALL_EL_001",2041,267.891246642709
"Region1","OTH_ALL_EL_001",2042,432.988738673867
"Region1","OTH_ALL_EL_001",2043,220.592471647165
"Region1","OTH_ALL_EL_001",2044,283.394075468129
"Region1","OTH_ALL_EL_001",2045,288.758547191224
"Region1","OTH_ALL_EL_001",2046,233.358127062706
"Region1","OTH_ALL_EL_001",2047,237.77544959496
"Region1","OTH_ALL_EL_001",2048,342.744994057725
"Region1","OTH_ALL_EL_001",2049,246.86252910291
"Region1","OTH_ALL_EL_001",2050,251.535481548155
"Region1","OTH_ALL_NGS_001",2018,0
"Region1","OTH_ALL_NGS_001",2019,0
"Region1","OTH_ALL_NGS_001",2020,0
"Region1","OTH_ALL_NGS_001",2021,0
"Region1","OTH_ALL_NGS_001",2022,0
"Region1","OTH_ALL_NGS_001",2023,0
"Region1","OTH_ALL_NGS_001",2024,0
"Region1","OTH_ALL_NGS_001",2025,0
"Region1","OTH_ALL_NGS_001",2026,0
"Region1","OTH_ALL_NGS_001",2027,0
"Region1","OTH_ALL_NGS_001",2028,0
"Region1","OTH_ALL_NGS_001",2029,0
"Region1","OTH_ALL_NGS_001",2030,0
"Region1","OTH_ALL_NGS_001",2031,0
"Region1","OTH_ALL_NGS_001",2032,0
"Region1","OTH_ALL_NGS_001",2033,0
"Region1","OTH_ALL_NGS_001",2034,0
"Region1","OTH_ALL_NGS_001",2035,0
"Region1","OTH_ALL_NGS_001",2036,0
"Region1","OTH_ALL_NGS_001",2037,0
"Region1","OTH_ALL_NGS_001",2038,0
"Region1","OTH_ALL_NGS_001",2039,0
"Region1","OTH_ALL_NGS_001",2040,0
"Region1","OTH_ALL_NGS_001",2041,0
"Region1","OTH_ALL_NGS_001",2042,0
"Region1","OTH_ALL_NGS_001",2043,0
"Region1","OTH_ALL_NGS_001",2044,0
"Region1","OTH_ALL_NGS_001",2045,0
"Region1","OTH_ALL_NGS_001",2046,0
"Region1","OTH_ALL_NGS_001",2047,0
"Region1","OTH_ALL_NGS_001",2048,0
"Region1","OTH_ALL_NGS_001",2049,0
"Region1","OTH_ALL_NGS_001",2050,0
"Region1","OTH_ALL_OILPRD_001",2018,0
"Region1","OTH_ALL_OILPRD_001",2019,0
"Region1","OTH_ALL_OILPRD_001",2020,0
"Region1","OTH_ALL_OILPRD_001",2021,0
"Region1","OTH_ALL_OILPRD_001",2022,0
"Region1","OTH_ALL_OILPRD_001",2023,0
"Region1","OTH_ALL_OILPRD_001",2024,0
"Region1","OTH_ALL_OILPRD_001",2025,0
"Region1","OTH_ALL_OILPRD_001",2026,0
"Region1","OTH_ALL_OILPRD_001",2027,0
"Region1","OTH_ALL_OILPRD_001",2028,0
"Region1","OTH_ALL_OILPRD_001",2029,0
"Region1","OTH_ALL_OILPRD_001",2030,0
"Region1","OTH_ALL_OILPRD_001",2031,0
"Region1","OTH_ALL_OILPRD_001",2032,0
"Region1","OTH_ALL_OILPRD_001",2033,0
"Region1","OTH_ALL_OILPRD_001",2034,0
"Region1","OTH_ALL_OILPRD_001",2035,0
"Region1","OTH_ALL_OILPRD_001",2036,0
"Region1","OTH_ALL_OILPRD_001",2037,0
"Region1","OTH_ALL_OILPRD_001",2038,0
"Region1","OTH_ALL_OILPRD_001",2039,0
"Region1","OTH_ALL_OILPRD_001",2040,0
"Region1","OTH_ALL_OILPRD_001",2041,0
"Region1","OTH_ALL_OILPRD_001",2042,0
"Region1","OTH_ALL_OILPRD_001",2043,0
"Region1","OTH_ALL_OILPRD_001",2044,0
"Region1","OTH_ALL_OILPRD_001",2045,0
"Region1","OTH_ALL_OILPRD_001",2046,0
"Region1","OTH_ALL_OILPRD_001",2047,0
"Region1","OTH_ALL_OILPRD_001",2048,0
"Region1","OTH_ALL_OILPRD_001",2049,0
"Region1","OTH_ALL_OILPRD_001",2050,0
"Region1","PWR_BIO_001",2018,1.841
"Region1","PWR_BIO_001",2019,1.841
"Region1","PWR_BIO_001",2020,1.841
"Region1","PWR_BIO_001",2021,1.841
"Region1","PWR_BIO_001",2022,1.841
"Region1","PWR_BIO_001",2023,1.841
"Region1","PWR_BIO_001",2024,1.841
"Region1","PWR_BIO_001",2025,1.841
"Region1","PWR_BIO_001",2026,1.841
"Region1","PWR_BIO_001",2027,1.841
"Region1","PWR_BIO_001",2028,1.841
"Region1","PWR_BIO_001",2029,1.841
"Region1","PWR_BIO_001",2030,1.841
"Region1","PWR_BIO_001",2031,1.841
"Region1","PWR_BIO_001",2032,1.841
"Region1","PWR_BIO_001",2033,1.841
"Region1","PWR_BIO_001",2034,1.841
"Region1","PWR_BIO_001",2035,1.841
"Region1","PWR_BIO_001",2036,1.841
"Region1","PWR_BIO_001",2037,1.841
"Region1","PWR_BIO_001",2038,1.841
"Region1","PWR_BIO_001",2039,1.841
"Region1","PWR_BIO_001",2040,1.841
"Region1","PWR_BIO_001",2041,1.841
"Region1","PWR_BIO_001",2042,1.841
"Region1","PWR_BIO_001",2043,1.841
"Region1","PWR_BIO_001",2044,1.841
"Region1","PWR_BIO_001",2045,1.841
"Region1","PWR_BIO_001",2046,1.841
"Region1","PWR_BIO_001",2047,1.841
"Region1","PWR_BIO_001",2048,1.841
"Region1","PWR_BIO_001",2049,1.841
"Region1","PWR_BIO_001",2050,1.841
"Region1","PWR_COA_001",2018,29.047
"Region1","PWR_COA_001",2019,29.047
"Region1","PWR_COA_001",2020,29.047
"Region1","PWR_COA_001",2021,29.047
"Region1","PWR_COA_001",2022,29.047
"Region1","PWR_COA_001",2023,29.047
"Region1","PWR_COA_001",2024,29.047
"Region1","PWR_COA_001",2025,29.047
"Region1","PWR_COA_001",2026,29.047
"Region1","PWR_COA_001",2027,29.047
"Region1","PWR_COA_001",2028,29.047
"Region1","PWR_COA_001",2029,29.047
"Region1","PWR_COA_001",2030,29.047
"Region1","PWR_COA_001",2031,29.047
"Region1","PWR_COA_001",2032,29.047
"Region1","PWR_COA_001",2033,29.047
"Region1","PWR_COA_001",2034,29.047
"Region1","PWR_COA_001",2035,29.047
"Region1","PWR_COA_001",2036,29.047
"Region1","PWR_COA_001",2037,29.047
"Region1","PWR_COA_001",2038,29.047
"Region1","PWR_COA_001",2039,29.047
"Region1","PWR_COA_001",2040,29.047
"Region1","PWR_COA_001",2041,29.047
"Region1","PWR_COA_001",2042,29.047
"Region1","PWR_COA_001",2043,29.047
"Region1","PWR_COA_001",2044,29.047
"Region1","PWR_COA_001",2045,29.047
"Region1","PWR_COA_001",2046,29.047
"Region1","PWR_COA_001",2047,29.047
"Region1","PWR_COA_001",2048,29.047
"Region1","PWR_COA_001",2049,29.047
"Region1","PWR_COA_001",2050,29.047
"Region1","PWR_GEO_001",2018,1.9485
"Region1","PWR_GEO_001",2019,1.9485
"Region1","PWR_GEO_001",2020,1.9485
"Region1","PWR_GEO_001",2021,1.9485
"Region1","PWR_GEO_001",2022,1.9485
"Region1","PWR_GEO_001",2023,1.9485
"Region1","PWR_GEO_001",2024,1.9485
"Region1","PWR_GEO_001",2025,1.9485
"Region1","PWR_GEO_001",2026,1.9485
"Region1","PWR_GEO_001",2027,1.9485
"Region1","PWR_GEO_001",2028,1.9485
"Region1","PWR_GEO_001",2029,1.9485
"Region1","PWR_GEO_001",2030,1.9485
"Region1","PWR_GEO_001",2031,1.9485
"Region1","PWR_GEO_001",2032,1.9485
"Region1","PWR_GEO_001",2033,1.9485
"Region1","PWR_GEO_001",2034,1.9485
"Region1","PWR_GEO_001",2035,1.9485
"Region1","PWR_GEO_001",2036,1.9485
"Region1","PWR_GEO_001",2037,1.9485
"Region1","PWR_GEO_001",2038,1.9485
"Region1","PWR_GEO_001",2039,1.9485
"Region1","PWR_GEO_001",2040,1.9485
"Region1","PWR_GEO_001",2041,1.9485
"Region1","PWR_GEO_001",2042,1.9485
"Region1","PWR_GEO_001",2043,1.9485
"Region1","PWR_GEO_001",2044,1.9485
"Region1","PWR_GEO_001",2045,1.9485
"Region1","PWR_GEO_001",2046,1.9485
"Region1","PWR_GEO_001",2047,1.9485
"Region1","PWR_GEO_001",2048,1.9485
"Region1","PWR_GEO_001",2049,1.9485
"Region1","PWR_GEO_001",2050,2.967
"Region1","PWR_HYD_001",2018,5.548
"Region1","PWR_HYD_001",2019,5.548
"Region1","PWR_HYD_001",2020,5.548
"Region1","PWR_HYD_001",2021,5.548
"Region1","PWR_HYD_001",2022,5.548
"Region1","PWR_HYD_001",2023,5.548
"Region1","PWR_HYD_001",2024,5.548
"Region1","PWR_HYD_001",2025,27.321
"Region1","PWR_HYD_001",2026,27.321
"Region1","PWR_HYD_001",2027,27.321
"Region1","PWR_HYD_001",2028,27.321
"Region1","PWR_HYD_001",2029,27.321
"Region1","PWR_HYD_001",2030,27.321
"Region1","PWR_HYD_001",2031,27.321
"Region1","PWR_HYD_001",2032,27.321
"Region1","PWR_HYD_001",2033,27.321
"Region1","PWR_HYD_001",2034,27.321
"Region1","PWR_HYD_001",2035,27.321
"Region1","PWR_HYD_001",2036,27.321
"Region1","PWR_HYD_001",2037,27.321
"Region1","PWR_HYD_001",2038,27.321
"Region1","PWR_HYD_001",2039,27.321
"Region1","PWR_HYD_001",2040,27.321
"Region1","PWR_HYD_001",2041,27.321
"Region1","PWR_HYD_001",2042,27.321
"Region1","PWR_HYD_001",2043,27.321
"Region1","PWR_HYD_001",2044,27.321
"Region1","PWR_HYD_001",2045,27.321
"Region1","PWR_HYD_001",2046,27.321
"Region1","PWR_HYD_001",2047,27.321
"Region1","PWR_HYD_001",2048,27.321
"Region1","PWR_HYD_001",2049,27.321
"Region1","PWR_HYD_001",2050,27.321
"Region1","PWR_NEW_001",2018,0
"Region1","PWR_NEW_001",2019,0
"Region1","PWR_NEW_001",2020,0
"Region1","PWR_NEW_001",2021,0
"Region1","PWR_NEW_001",2022,0
"Region1","PWR_NEW_001",2023,0
"Region1","PWR_NEW_001",2024,0
"Region1","PWR_NEW_001",2025,0
"Region1","PWR_NEW_001",2026,0
"Region1","PWR_NEW_001",2027,0
"Region1","PWR_NEW_001",2028,0
"Region1","PWR_NEW_001",2029,0
"Region1","PWR_NEW_001",2030,0
"Region1","PWR_NEW_001",2031,0
"Region1","PWR_NEW_001",2032,0
"Region1","PWR_NEW_001",2033,0
"Region1","PWR_NEW_001",2034,0
"Region1","PWR_NEW_001",2035,0
"Region1","PWR_NEW_001",2036,0
"Region1","PWR_NEW_001",2037,0
"Region1","PWR_NEW_001",2038,0
"Region1","PWR_NEW_001",2039,0
"Region1","PWR_NEW_001",2040,0
"Region1","PWR_NEW_001",2041,0
"Region1","PWR_NEW_001",2042,0
"Region1","PWR_NEW_001",2043,0
"Region1","PWR_NEW_001",2044,0
"Region1","PWR_NEW_001",2045,0
"Region1","PWR_NEW_001",2046,0
"Region1","PWR_NEW_001",2047,0
"Region1","PWR_NEW_001",2048,0
"Region1","PWR_NEW_001",2049,0
"Region1","PWR_NEW_001",2050,0
"Region1","PWR_NGS_001",2018,16.5
"Region1","PWR_NGS_001",2019,16.5
"Region1","PWR_NGS_001",2020,16.5
"Region1","PWR_NGS_001",2021,16.5
"Region1","PWR_NGS_001",2022,16.5
"Region1","PWR_NGS_001",2023,16.5
"Region1","PWR_NGS_001",2024,16.5
"Region1","PWR_NGS_001",2025,16.5
"Region1","PWR_NGS_001",2026,16.5
"Region1","PWR_NGS_001",2027,16.5
"Region1","PWR_NGS_001",2028,16.5
"Region1","PWR_NGS_001",2029,16.5
"Region1","PWR_NGS_001",2030,16.5
"Region1","PWR_NGS_001",2031,16.5
"Region1","PWR_NGS_001",2032,16.5
"Region1","PWR_NGS_001",2033,16.5
"Region1","PWR_NGS_001",2034,16.5
"Region1","PWR_NGS_001",2035,16.5
"Region1","PWR_NGS_001",2036,16.5
"Region1","PWR_NGS_001",2037,16.5
"Region1","PWR_NGS_001",2038,16.5
"Region1","PWR_NGS_001",2039,16.5
"Region1","PWR_NGS_001",2040,16.5
"Region1","PWR_NGS_001",2041,16.5
"Region1","PWR_NGS_001",2042,17.4531108007414
"Region1","PWR_NGS_001",2043,23.1759972116523
"Region1","PWR_NGS_001",2044,29.2563665915611
"Region1","PWR_NGS_001",2045,35.7300198858169
"Region1","PWR_NGS_001",2046,42.6106456911704
"Region1","PWR_NGS_001",2047,49.9229887786718
"Region1","PWR_NGS_001",2048,57.7128532989881
"Region1","PWR_NGS_001",2049,72.5644183286047
"Region1","PWR_NGS_001",2050,121.285172237202
"Region1","PWR_OILPRD_001",2018,5.8
"Region1","PWR_OILPRD_001",2019,5.8
"Region1","PWR_OILPRD_001",2020,5.8
"Region1","PWR_OILPRD_001",2021,5.8
"Region1","PWR_OILPRD_001",2022,5.8
"Region1","PWR_OILPRD_001",2023,5.8
"Region1","PWR_OILPRD_001",2024,5.8
"Region1","PWR_OILPRD_001",2025,5.8
"Region1","PWR_OILPRD_001",2026,5.8
"Region1","PWR_OILPRD_001",2027,5.8
"Region1","PWR_OILPRD_001",2028,5.8
"Region1","PWR_OILPRD_001",2029,5.8
"Region1","PWR_OILPRD_001",2030,5.8
"Region1","PWR_OILPRD_001",2031,5.8
"Region1","PWR_OILPRD_001",2032,5.8
"Region1","PWR_OILPRD_001",2033,5.8
"Region1","PWR_OILPRD_001",2034,5.8
"Region1","PWR_OILPRD_001",2035,5.8
"Region1","PWR_OILPRD_001",2036,5.8
"Region1","PWR_OILPRD_001",2037,5.8
"Region1","PWR_OILPRD_001",2038,5.8
"Region1","PWR_OILPRD_001",2039,5.8
"Region1","PWR_OILPRD_001",2040,5.8
"Region1","PWR_OILPRD_001",2041,5.8
"Region1","PWR_OILPRD_001",2042,5.8
"Region1","PWR_OILPRD_001",2043,5.8
"Region1","PWR_OILPRD_001",2044,5.8
"Region1","PWR_OILPRD_001",2045,5.8
"Region1","PWR_OILPRD_001",2046,5.8
"Region1","PWR_OILPRD_001",2047,5.8
"Region1","PWR_OILPRD_001",2048,5.8
"Region1","PWR_OILPRD_001",2049,5.8
"Region1","PWR_OILPRD_001",2050,5.8
"Region1","PWR_OILPRD_002",2018,0
"Region1","PWR_OILPRD_002",2019,0
"Region1","PWR_OILPRD_002",2020,0
"Region1","PWR_OILPRD_002",2021,0
"Region1","PWR_OILPRD_002",2022,0
"Region1","PWR_OILPRD_002",2023,0
"Region1","PWR_OILPRD_002",2024,0
"Region1","PWR_OILPRD_002",2025,0
"Region1","PWR_OILPRD_002",2026,0
"Region1","PWR_OILPRD_002",2027,0
"Region1","PWR_OILPRD_002",2028,0
"Region1","PWR_OILPRD_002",2029,0
"Region1","PWR_OILPRD_002",2030,0
"Region1","PWR_OILPRD_002",2031,0
"Region1","PWR_OILPRD_002",2032,0
"Region1","PWR_OILPRD_002",2033,0
"Region1","PWR_OILPRD_002",2034,0
"Region1","PWR_OILPRD_002",2035,0
"Region1","PWR_OILPRD_002",2036,0
"Region1","PWR_OILPRD_002",2037,0
"Region1","PWR_OILPRD_002",2038,0
"Region1","PWR_OILPRD_002",2039,0
"Region1","PWR_OILPRD_002",2040,0
"Region1","PWR_OILPRD_002",2041,0
"Region1","PWR_OILPRD_002",2042,0
"Region1","PWR_OILPRD_002",2043,0
"Region1","PWR_OILPRD_002",2044,0
"Region1","PWR_OILPRD_002",2045,0
"Region1","PWR_OILPRD_002",2046,0
"Region1","PWR_OILPRD_002",2047,0
"Region1","PWR_OILPRD_002",2048,0
"Region1","PWR_OILPRD_002",2049,0
"Region1","PWR_OILPRD_002",2050,0
"Region1","PWR_OILPRD_003",2018,0
"Region1","PWR_OILPRD_003",2019,0
"Region1","PWR_OILPRD_003",2020,0
"Region1","PWR_OILPRD_003",2021,0
"Region1","PWR_OILPRD_003",2022,0
"Region1","PWR_OILPRD_003",2023,0
"Region1","PWR_OILPRD_003",2024,0
"Region1","PWR_OILPRD_003",2025,0
"Region1","PWR_OILPRD_003",2026,0
"Region1","PWR_OILPRD_003",2027,0
"Region1","PWR_OILPRD_003",2028,0
"Region1","PWR_OILPRD_003",2029,0
"Region1","PWR_OILPRD_003",2030,0
"Region1","PWR_OILPRD_003",2031,0
"Region1","PWR_OILPRD_003",2032,0
"Region1","PWR_OILPRD_003",2033,0
"Region1","PWR_OILPRD_003",2034,0
"Region1","PWR_OILPRD_003",2035,0
"Region1","PWR_OILPRD_003",2036,0
"Region1","PWR_OILPRD_003",2037,0
"Region1","PWR_OILPRD_003",2038,0
"Region1","PWR_OILPRD_003",2039,0
"Region1","PWR_OILPRD_003",2040,0
"Region1","PWR_OILPRD_003",2041,0
"Region1","PWR_OILPRD_003",2042,0
"Region1","PWR_OILPRD_003",2043,0
"Region1","PWR_OILPRD_003",2044,0
"Region1","PWR_OILPRD_003",2045,0
"Region1","PWR_OILPRD_003",2046,0
"Region1","PWR_OILPRD_003",2047,0
"Region1","PWR_OILPRD_003",2048,0
"Region1","PWR_OILPRD_003",2049,0
"Region1","PWR_OILPRD_003",2050,0
"Region1","PWR_SOL_002",2018,0
"Region1","PWR_SOL_002",2019,0
"Region1","PWR_SOL_002",2020,0
"Region1","PWR_SOL_002",2021,0
"Region1","PWR_SOL_002",2022,0
"Region1","PWR_SOL_002",2023,0
"Region1","PWR_SOL_002",2024,0
"Region1","PWR_SOL_002",2025,0
"Region1","PWR_SOL_002",2026,0
"Region1","PWR_SOL_002",2027,0
"Region1","PWR_SOL_002",2028,0
"Region1","PWR_SOL_002",2029,0
"Region1","PWR_SOL_002",2030,0
"Region1","PWR_SOL_002",2031,0
"Region1","PWR_SOL_002",2032,0
"Region1","PWR_SOL_002",2033,0
"Region1","PWR_SOL_002",2034,0
"Region1","PWR_SOL_002",2035,0
"Region1","PWR_SOL_002",2036,0
"Region1","PWR_SOL_002",2037,0
"Region1","PWR_SOL_002",2038,0
"Region1","PWR_SOL_002",2039,0
"Region1","PWR_SOL_002",2040,0
"Region1","PWR_SOL_002",2041,0
"Region1","PWR_SOL_002",2042,0
"Region1","PWR_SOL_002",2043,0
"Region1","PWR_SOL_002",2044,0
"Region1","PWR_SOL_002",2045,0
"Region1","PWR_SOL_002",2046,0
"Region1","PWR_SOL_002",2047,0
"Region1","PWR_SOL_002",2048,0
"Region1","PWR_SOL_002",2049,0
"Region1","PWR_SOL_002",2050,0
"Region1","PWR_SOL_003",2018,0
"Region1","PWR_SOL_003",2019,0
"Region1","PWR_SOL_003",2020,0
"Region1","PWR_SOL_003",2021,0
"Region1","PWR_SOL_003",2022,0
"Region1","PWR_SOL_003",2023,0
"Region1","PWR_SOL_003",2024,0
"Region1","PWR_SOL_003",2025,30.5291889429451
"Region1","PWR_SOL_003",2026,47.7708501252192
"Region1","PWR_SOL_003",2027,65.4303450437372
"Region1","PWR_SOL_003",2028,85.3723782389354
"Region1","PWR_SOL_003",2029,105.163379968111
"Region1","PWR_SOL_003",2030,126.101643255187
"Region1","PWR_SOL_003",2031,148.251215980386
"Region1","PWR_SOL_003",2032,171.686529655371
"Region1","PWR_SOL_003",2033,198.036771157745
"Region1","PWR_SOL_003",2034,224.348275592203
"Region1","PWR_SOL_003",2035,251.02381872188
"Region1","PWR_SOL_003",2036,301.02381872188
"Region1","PWR_SOL_003",2037,351.02381872188
"Region1","PWR_SOL_003",2038,401.02381872188
"Region1","PWR_SOL_003",2039,451.02381872188
"Region1","PWR_SOL_003",2040,501.02381872188
"Region1","PWR_SOL_003",2041,551.02381872188
"Region1","PWR_SOL_003",2042,601.02381872188
"Region1","PWR_SOL_003",2043,651.02381872188
"Region1","PWR_SOL_003",2044,701.02381872188
"Region1","PWR_SOL_003",2045,751.02381872188
"Region1","PWR_SOL_003",2046,801.02381872188
"Region1","PWR_SOL_003",2047,851.02381872188
"Region1","PWR_SOL_003",2048,901.02381872188
"Region1","PWR_SOL_003",2049,951.02381872188
"Region1","PWR_SOL_003",2050,970.494629778935
"Region1","PWR_SOL_E001",2018,0.179999999999957
"Region1","PWR_SOL_E001",2019,0.179999999999957
"Region1","PWR_SOL_E001",2020,0.179999999999957
"Region1","PWR_SOL_E001",2021,7.99999999999993
"Region1","PWR_SOL_E001",2022,57.9999999999999
"Region1","PWR_SOL_E001",2023,108
"Region1","PWR_SOL_E001",2024,158
"Region1","PWR_SOL_E001",2025,208
"Region1","PWR_SOL_E001",2026,208
"Region1","PWR_SOL_E001",2027,208
"Region1","PWR_SOL_E001",2028,208
"Region1","PWR_SOL_E001",2029,208
"Region1","PWR_SOL_E001",2030,208
"Region1","PWR_SOL_E001",2031,208
"Region1","PWR_SOL_E001",2032,208
"Region1","PWR_SOL_E001",2033,208
"Region1","PWR_SOL_E001",2034,208
"Region1","PWR_SOL_E001",2035,208
"Region1","PWR_SOL_E001",2036,208
"Region1","PWR_SOL_E001",2037,208
"Region1","PWR_SOL_E001",2038,208
"Region1","PWR_SOL_E001",2039,208
"Region1","PWR_SOL_E001",2040,208
"Region1","PWR_SOL_E001",2041,208
"Region1","PWR_SOL_E001",2042,208
"Region1","PWR_SOL_E001",2043,208
"Region1","PWR_SOL_E001",2044,208
"Region1","PWR_SOL_E001",2045,208
"Region1","PWR_SOL_E001",2046,208
"Region1","PWR_SOL_E001",2047,208
"Region1","PWR_SOL_E001",2048,208
"Region1","PWR_SOL_E001",2049,208
"Region1","PWR_SOL_E001",2050,208
"Region1","PWR_TRN_001",2018,27.0135479492514
"Region1","PWR_TRN_001",2019,27.0135479492514
"Region1","PWR_TRN_001",2020,27.0135479492514
"Region1","PWR_TRN_001",2021,28.7474258143316
"Region1","PWR_TRN_001",2022,49.2372757222788
"Region1","PWR_TRN_001",2023,49.2372757222788
"Region1","PWR_TRN_001",2024,64.3004110582637
"Region1","PWR_TRN_001",2025,93.8590053452566
"Region1","PWR_TRN_001",2026,93.8590053452566
"Region1","PWR_TRN_001",2027,93.8590053452566
"Region1","PWR_TRN_001",2028,93.8590053452566
"Region1","PWR_TRN_001",2029,93.8590053452566
"Region1","PWR_TRN_001",2030,93.8590053452566
"Region1","PWR_TRN_001",2031,93.8590053452566
"Region1","PWR_TRN_001",2032,93.8590053452566
"Region1","PWR_TRN_001",2033,93.8590053452566
"Region1","PWR_TRN_001",2034,93.8590053452566
"Region1","PWR_TRN_001",2035,93.8590053452566
"Region1","PWR_TRN_001",2036,93.8590053452566
"Region1","PWR_TRN_001",2037,93.8590053452566
"Region1","PWR_TRN_001",2038,93.8590053452566
"Region1","PWR_TRN_001",2039,93.8590053452566
"Region1","PWR_TRN_001",2040,93.8590053452566
"Region1","PWR_TRN_001",2041,93.8590053452566
"Region1","PWR_TRN_001",2042,93.8590053452566
"Region1","PWR_TRN_001",2043,93.8590053452566
"Region1","PWR_TRN_001",2044,93.8590053452566
"Region1","PWR_TRN_001",2045,93.8590053452566
"Region1","PWR_TRN_001",2046,93.8590053452566
"Region1","PWR_TRN_001",2047,93.8590053452566
"Region1","PWR_TRN_001",2048,93.8590053452566
"Region1","PWR_TRN_001",2049,93.8590053452566
"Region1","PWR_TRN_001",2050,93.8590053452566
"Region1","PWR_TRN_002",2018,0
"Region1","PWR_TRN_002",2019,0
"Region1","PWR_TRN_002",2020,0
"Region1","PWR_TRN_002",2021,0
"Region1","PWR_TRN_002",2022,0
"Region1","PWR_TRN_002",2023,0
"Region1","PWR_TRN_002",2024,0
"Region1","PWR_TRN_002",2025,0
"Region1","PWR_TRN_002",2026,0
"Region1","PWR_TRN_002",2027,0
"Region1","PWR_TRN_002",2028,0
"Region1","PWR_TRN_002",2029,0
"Region1","PWR_TRN_002",2030,0
"Region1","PWR_TRN_002",2031,0
"Region1","PWR_TRN_002",2032,0
"Region1","PWR_TRN_002",2033,0
"Region1","PWR_TRN_002",2034,0
"Region1","PWR_TRN_002",2035,0
"Region1","PWR_TRN_002",2036,0
"Region1","PWR_TRN_002",2037,0
"Region1","PWR_TRN_002",2038,0
"Region1","PWR_TRN_002",2039,0
"Region1","PWR_TRN_002",2040,0
"Region1","PWR_TRN_002",2041,0
"Region1","PWR_TRN_002",2042,0
"Region1","PWR_TRN_002",2043,0
"Region1","PWR_TRN_002",2044,0
"Region1","PWR_TRN_002",2045,0
"Region1","PWR_TRN_002",2046,0
"Region1","PWR_TRN_002",2047,0
"Region1","PWR_TRN_002",2048,0
"Region1","PWR_TRN_002",2049,0
"Region1","PWR_TRN_002",2050,0
"Region1","PWR_WND_E001",2018,0.076
"Region1","PWR_WND_E001",2019,0.076
"Region1","PWR_WND_E001",2020,0.076
"Region1","PWR_WND_E001",2021,0.076
"Region1","PWR_WND_E001",2022,0.076
"Region1","PWR_WND_E001",2023,0.076
"Region1","PWR_WND_E001",2024,0.076
"Region1","PWR_WND_E001",2025,0.076
"Region1","PWR_WND_E001",2026,0.076
"Region1","PWR_WND_E001",2027,0.076
"Region1","PWR_WND_E001",2028,0.076
"Region1","PWR_WND_E001",2029,0.076
"Region1","PWR_WND_E001",2030,0.076
"Region1","PWR_WND_E001",2031,0.076
"Region1","PWR_WND_E001",2032,0.076
"Region1","PWR_WND_E001",2033,0.076
"Region1","PWR_WND_E001",2034,0.076
"Region1","PWR_WND_E001",2035,0.076
"Region1","PWR_WND_E001",2036,0.076
"Region1","PWR_WND_E001",2037,0.076
"Region1","PWR_WND_E001",2038,0.076
"Region1","PWR_WND_E001",2039,0.076
"Region1","PWR_WND_E001",2040,0.076
"Region1","PWR_WND_E001",2041,0.076
"Region1","PWR_WND_E001",2042,0.076
"Region1","PWR_WND_E001",2043,0.076
"Region1","PWR_WND_E001",2044,0.076
"Region1","PWR_WND_E001",2045,0.076
"Region1","PWR_WND_E001",2046,0.076
"Region1","PWR_WND_E001",2047,0.076
"Region1","PWR_WND_E001",2048,0.076
"Region1","PWR_WND_E001",2049,0.076
"Region1","PWR_WND_E001",2050,9.3
"Region1","REFINERY",2018,2570
"Region1","REFINERY",2019,2570
"Region1","REFINERY",2020,2570
"Region1","REFINERY",2021,2570
"Region1","REFINERY",2022,2570
"Region1","REFINERY",2023,2570
"Region1","REFINERY",2024,2570
"Region1","REFINERY",2025,2570
"Region1","REFINERY",2026,2570
"Region1","REFINERY",2027,2570
"Region1","REFINERY",2028,2570
"Region1","REFINERY",2029,2570
"Region1","REFINERY",2030,2570
"Region1","REFINERY",2031,2570
"Region1","REFINERY",2032,2570
"Region1","REFINERY",2033,2570
"Region1","REFINERY",2034,2570
"Region1","REFINERY",2035,2570
"Region1","REFINERY",2036,2570
"Region1","REFINERY",2037,2570
"Region1","REFINERY",2038,2570
"Region1","REFINERY",2039,2570
"Region1","REFINERY",2040,2570
"Region1","REFINERY",2041,2570
"Region1","REFINERY",2042,2570
"Region1","REFINERY",2043,2570
"Region1","REFINERY",2044,2570
"Region1","REFINERY",2045,2570
"Region1","REFINERY",2046,2570
"Region1","REFINERY",2047,2570
"Region1","REFINERY",2048,2570
"Region1","REFINERY",2049,2570
"Region1","REFINERY",2050,2570
"Region1","RES_COOL_001",2018,1224.58303118202
"Region1","RES_COOL_001",2019,1302.46555474982
"Region1","RES_COOL_001",2020,1385.13415518492
"Region1","RES_COOL_001",2021,1473.24147933285
"Region1","RES_COOL_001",2022,1566.78752719362
"Region1","RES_COOL_001",2023,1666.42494561276
"Region1","RES_COOL_001",2024,1772.3712835388
"Region1","RES_COOL_001",2025,1885.06163886874
"Region1","RES_COOL_001",2026,2004.93110949964
"Region1","RES_COOL_001",2027,2132.19724437999
"Region1","RES_COOL_001",2028,2267.73023930384
"Region1","RES_COOL_001",2029,2411.96519216824
"Region1","RES_COOL_001",2030,2565.11965192168
"Region1","RES_COOL_001",2031,2728.28136330674
"Region1","RES_COOL_001",2032,2901.66787527194
"Region1","RES_COOL_001",2033,3086.14938361131
"Region1","RES_COOL_001",2034,3282.1609862219
"Region1","RES_COOL_001",2035,3490.79042784627
"Region1","RES_COOL_001",2036,3712.69035532995
"Region1","RES_COOL_001",2037,3948.730964467
"Region1","RES_COOL_001",2038,4199.78245105149
"Region1","RES_COOL_001",2039,4466.71501087745
"Region1","RES_COOL_001",2040,4750.61638868745
"Region1","RES_COOL_001",2041,5052.57432922408
"Region1","RES_COOL_001",2042,5373.67657722988
"Region1","RES_COOL_001",2043,5715.22842639594
"Region1","RES_COOL_001",2044,6078.31762146483
"Region1","RES_COOL_001",2045,6464.68455402466
"Region1","RES_COOL_001",2046,6875.6345177665
"Region1","RES_COOL_001",2047,7312.69035532995
"Region1","RES_COOL_001",2048,7777.37490935461
"Region1","RES_COOL_001",2049,8271.8636693256
"Region1","RES_COOL_001",2050,8797.46192893401
"Region1","RES_COOL_002",2018,0
"Region1","RES_COOL_002",2019,0
"Region1","RES_COOL_002",2020,0
"Region1","RES_COOL_002",2021,0
"Region1","RES_COOL_002",2022,0
"Region1","RES_COOL_002",2023,0
"Region1","RES_COOL_002",2024,0
"Region1","RES_COOL_002",2025,0
"Region1","RES_COOL_002",2026,0
"Region1","RES_COOL_002",2027,0
"Region1","RES_COOL_002",2028,0
"Region1","RES_COOL_002",2029,0
"Region1","RES_COOL_002",2030,0
"Region1","RES_COOL_002",2031,0
"Region1","RES_COOL_002",2032,0
"Region1","RES_COOL_002",2033,0
"Region1","RES_COOL_002",2034,0
"Region1","RES_COOL_002",2035,0
"Region1","RES_COOL_002",2036,0
"Region1","RES_COOL_002",2037,0
"Region1","RES_COOL_002",2038,0
"Region1","RES_COOL_002",2039,0
"Region1","RES_COOL_002",2040,0
"Region1","RES_COOL_002",2041,0
"Region1","RES_COOL_002",2042,0
"Region1","RES_COOL_002",2043,0
"Region1","RES_COOL_002",2044,0
"Region1","RES_COOL_002",2045,0
"Region1","RES_COOL_002",2046,0
"Region1","RES_COOL_002",2047,0
"Region1","RES_COOL_002",2048,0
"Region1","RES_COOL_002",2049,0
"Region1","RES_COOL_002",2050,0
"Region1","RES_CWH_BIO_001",2018,0
"Region1","RES_CWH_BIO_001",2019,0
"Region1","RES_CWH_BIO_001",2020,0
"Region1","RES_CWH_BIO_001",2021,0
"Region1","RES_CWH_BIO_001",2022,0
"Region1","RES_CWH_BIO_001",2023,0
"Region1","RES_CWH_BIO_001",2024,0
"Region1","RES_CWH_BIO_001",2025,0
"Region1","RES_CWH_BIO_001",2026,0
"Region1","RES_CWH_BIO_001",2027,0
"Region1","RES_CWH_BIO_001",2028,0
"Region1","RES_CWH_BIO_001",2029,0
"Region1","RES_CWH_BIO_001",2030,0
"Region1","RES_CWH_BIO_001",2031,0
"Region1","RES_CWH_BIO_001",2032,0
"Region1","RES_CWH_BIO_001",2033,0
"Region1","RES_CWH_BIO_001",2034,0
"Region1","RES_CWH_BIO_001",2035,0
"Region1","RES_CWH_BIO_001",2036,0
"Region1","RES_CWH_BIO_001",2037,0
"Region1","RES_CWH_BIO_001",2038,0
"Region1","RES_CWH_BIO_001",2039,0
"Region1","RES_CWH_BIO_001",2040,0
"Region1","RES_CWH_BIO_001",2041,0
"Region1","RES_CWH_BIO_001",2042,0
"Region1","RES_CWH_BIO_001",2043,0
"Region1","RES_CWH_BIO_001",2044,0
"Region1","RES_CWH_BIO_001",2045,0
"Region1","RES_CWH_BIO_001",2046,0
"Region1","RES_CWH_BIO_001",2047,0
"Region1","RES_CWH_BIO_001",2048,0
"Region1","RES_CWH_BIO_001",2049,0
"Region1","RES_CWH_BIO_001",2050,0
"Region1","RES_CWH_EL_001",2018,133.333333333333
"Region1","RES_CWH_EL_001",2019,143.679343810268
"Region1","RES_CWH_EL_001",2020,174.941995359629
"Region1","RES_CWH_EL_001",2021,160.40604060406
"Region1","RES_CWH_EL_001",2022,226.905636057786
"Region1","RES_CWH_EL_001",2023,330.520395559587
"Region1","RES_CWH_EL_001",2024,357.298297133828
"Region1","RES_CWH_EL_001",2025,1847.18866927921
"Region1","RES_CWH_EL_001",2026,1985.77100136503
"Region1","RES_CWH_EL_001",2027,1807.38215856631
"Region1","RES_CWH_EL_001",2028,1955.95206729912
"Region1","RES_CWH_EL_001",2029,2095.65688980115
"Region1","RES_CWH_EL_001",2030,2242.89108151628
"Region1","RES_CWH_EL_001",2031,2398.05122135044
"Region1","RES_CWH_EL_001",2032,2561.63657760335
"Region1","RES_CWH_EL_001",2033,2754.19962290601
"Region1","RES_CWH_EL_001",2034,2936.95874534917
"Region1","RES_CWH_EL_001",2035,3081.23835264623
"Region1","RES_CWH_EL_001",2036,3308.70671830741
"Region1","RES_CWH_EL_001",2037,3714.25270009438
"Region1","RES_CWH_EL_001",2038,3755.672433732
"Region1","RES_CWH_EL_001",2039,3641.59732244391
"Region1","RES_CWH_EL_001",2040,3798.16906248445
"Region1","RES_CWH_EL_001",2041,4197.90570565081
"Region1","RES_CWH_EL_001",2042,4226.39270892158
"Region1","RES_CWH_EL_001",2043,4667.69007551011
"Region1","RES_CWH_EL_001",2044,4510.01887784219
"Region1","RES_CWH_EL_001",2045,4835.43094949266
"Region1","RES_CWH_EL_001",2046,4961.09843156745
"Region1","RES_CWH_EL_001",2047,5499.05680655921
"Region1","RES_CWH_EL_001",2048,5728.80569402198
"Region1","RES_CWH_EL_001",2049,5866.41905493172
"Region1","RES_CWH_EL_001",2050,5750.77377568148
"Region1","RES_CWH_KER_001",2018,13.2794090219833
"Region1","RES_CWH_KER_001",2019,13.2794090219833
"Region1","RES_CWH_KER_001",2020,13.2794090219833
"Region1","RES_CWH_KER_001",2021,13.2794090219833
"Region1","RES_CWH_KER_001",2022,13.2794090219833
"Region1","RES_CWH_KER_001",2023,13.2794090219833
"Region1","RES_CWH_KER_001",2024,13.2794090219833
"Region1","RES_CWH_KER_001",2025,13.2794090219833
"Region1","RES_CWH_KER_001",2026,13.2794090219833
"Region1","RES_CWH_KER_001",2027,13.2794090219833
"Region1","RES_CWH_KER_001",2028,5.44980173693045
"Region1","RES_CWH_KER_001",2029,9.29590030152978
"Region1","RES_CWH_KER_001",2030,9.29590030152978
"Region1","RES_CWH_KER_001",2031,9.29590030152978
"Region1","RES_CWH_KER_001",2032,9.29590030152978
"Region1","RES_CWH_KER_001",2033,9.29590030152978
"Region1","RES_CWH_KER_001",2034,9.29590030152978
"Region1","RES_CWH_KER_001",2035,9.29590030152978
"Region1","RES_CWH_KER_001",2036,9.29590030152978
"Region1","RES_CWH_KER_001",2037,13.1720008623562
"Region1","RES_CWH_KER_001",2038,13.1720008623562
"Region1","RES_CWH_KER_001",2039,13.1720008623562
"Region1","RES_CWH_KER_001",2040,13.1720008623562
"Region1","RES_CWH_KER_001",2041,26.4139169457928
"Region1","RES_CWH_KER_001",2042,53.7603567567568
"Region1","RES_CWH_KER_001",2043,53.7603567567567
"Region1","RES_CWH_KER_001",2044,53.7603567567567
"Region1","RES_CWH_KER_001",2045,53.7603567567567
"Region1","RES_CWH_KER_001",2046,53.7603567567568
"Region1","RES_CWH_KER_001",2047,53.7603567567568
"Region1","RES_CWH_KER_001",2048,53.7603567567567
"Region1","RES_CWH_KER_001",2049,49.9142581921574
"Region1","RES_CWH_KER_001",2050,49.9142581921574
"Region1","RES_CWH_LPG_001",2018,3.23959209107724
"Region1","RES_CWH_LPG_001",2019,3.23959209107724
"Region1","RES_CWH_LPG_001",2020,3.23959209107724
"Region1","RES_CWH_LPG_001",2021,3.23959209107724
"Region1","RES_CWH_LPG_001",2022,3.23959209107724
"Region1","RES_CWH_LPG_001",2023,3.23959209107724
"Region1","RES_CWH_LPG_001",2024,3.23959209107724
"Region1","RES_CWH_LPG_001",2025,3.23959209107724
"Region1","RES_CWH_LPG_001",2026,3.23959209107724
"Region1","RES_CWH_LPG_001",2027,3.23959209107724
"Region1","RES_CWH_LPG_001",2028,1.32951207208633
"Region1","RES_CWH_LPG_001",2029,2.267791062571
"Region1","RES_CWH_LPG_001",2030,2.267791062571
"Region1","RES_CWH_LPG_001",2031,2.267791062571
"Region1","RES_CWH_LPG_001",2032,2.267791062571
"Region1","RES_CWH_LPG_001",2033,2.267791062571
"Region1","RES_CWH_LPG_001",2034,2.267791062571
"Region1","RES_CWH_LPG_001",2035,2.267791062571
"Region1","RES_CWH_LPG_001",2036,2.267791062571
"Region1","RES_CWH_LPG_001",2037,3.21338922136602
"Region1","RES_CWH_LPG_001",2038,3.21338922136602
"Region1","RES_CWH_LPG_001",2039,3.21338922136602
"Region1","RES_CWH_LPG_001",2040,3.21338922136602
"Region1","RES_CWH_LPG_001",2041,6.44383468347912
"Region1","RES_CWH_LPG_001",2042,13.115163956044
"Region1","RES_CWH_LPG_001",2043,13.115163956044
"Region1","RES_CWH_LPG_001",2044,13.115163956044
"Region1","RES_CWH_LPG_001",2045,13.115163956044
"Region1","RES_CWH_LPG_001",2046,13.115163956044
"Region1","RES_CWH_LPG_001",2047,13.115163956044
"Region1","RES_CWH_LPG_001",2048,13.115163956044
"Region1","RES_CWH_LPG_001",2049,12.1768849655593
"Region1","RES_CWH_LPG_001",2050,12.1768849655593
"Region1","RES_CWH_NGS_001",2018,923.273927340217
"Region1","RES_CWH_NGS_001",2019,1129.87388833949
"Region1","RES_CWH_NGS_001",2020,1166.41629543255
"Region1","RES_CWH_NGS_001",2021,1200.83575512996
"Region1","RES_CWH_NGS_001",2022,1200.83575512996
"Region1","RES_CWH_NGS_001",2023,1200.83575512996
"Region1","RES_CWH_NGS_001",2024,1338.40063921436
"Region1","RES_CWH_NGS_001",2025,1338.40063921436
"Region1","RES_CWH_NGS_001",2026,1338.40063921436
"Region1","RES_CWH_NGS_001",2027,1338.40063921436
"Region1","RES_CWH_NGS_001",2028,415.126711874138
"Region1","RES_CWH_NGS_001",2029,274.674217719288
"Region1","RES_CWH_NGS_001",2030,238.131810626232
"Region1","RES_CWH_NGS_001",2031,203.712350928823
"Region1","RES_CWH_NGS_001",2032,203.712350928823
"Region1","RES_CWH_NGS_001",2033,203.712350928823
"Region1","RES_CWH_NGS_001",2034,66.1474668444271
"Region1","RES_CWH_NGS_001",2035,66.1474668444271
"Region1","RES_CWH_NGS_001",2036,66.1474668444271
"Region1","RES_CWH_NGS_001",2037,66.1474668444271
"Region1","RES_CWH_NGS_001",2038,66.1474668444271
"Region1","RES_CWH_NGS_001",2039,0
"Region1","RES_CWH_NGS_001",2040,0
"Region1","RES_CWH_NGS_001",2041,0
"Region1","RES_CWH_NGS_001",2042,0
"Region1","RES_CWH_NGS_001",2043,0
"Region1","RES_CWH_NGS_001",2044,0
"Region1","RES_CWH_NGS_001",2045,0
"Region1","RES_CWH_NGS_001",2046,0
"Region1","RES_CWH_NGS_001",2047,0
"Region1","RES_CWH_NGS_001",2048,0
"Region1","RES_CWH_NGS_001",2049,0
"Region1","RES_CWH_NGS_001",2050,0
"Region1","RES_EE_COOL",2018,0
"Region1","RES_EE_COOL",2019,0
"Region1","RES_EE_COOL",2020,0
"Region1","RES_EE_COOL",2021,0
"Region1","RES_EE_COOL",2022,0
"Region1","RES_EE_COOL",2023,0
"Region1","RES_EE_COOL",2024,0
"Region1","RES_EE_COOL",2025,0
"Region1","RES_EE_COOL",2026,0
"Region1","RES_EE_COOL",2027,0
"Region1","RES_EE_COOL",2028,0
"Region1","RES_EE_COOL",2029,0
"Region1","RES_EE_COOL",2030,0
"Region1","RES_EE_COOL",2031,0
"Region1","RES_EE_COOL",2032,0
"Region1","RES_EE_COOL",2033,0
"Region1","RES_EE_COOL",2034,0
"Region1","RES_EE_COOL",2035,0
"Region1","RES_EE_COOL",2036,0
"Region1","RES_EE_COOL",2037,0
"Region1","RES_EE_COOL",2038,0
"Region1","RES_EE_COOL",2039,0
"Region1","RES_EE_COOL",2040,0
"Region1","RES_EE_COOL",2041,0
"Region1","RES_EE_COOL",2042,0
"Region1","RES_EE_COOL",2043,0
"Region1","RES_EE_COOL",2044,0
"Region1","RES_EE_COOL",2045,0
"Region1","RES_EE_COOL",2046,0
"Region1","RES_EE_COOL",2047,0
"Region1","RES_EE_COOL",2048,0
"Region1","RES_EE_COOL",2049,0
"Region1","RES_EE_COOL",2050,0
"Region1","RES_EE_ELC",2018,0
"Region1","RES_EE_ELC",2019,0
"Region1","RES_EE_ELC",2020,0
"Region1","RES_EE_ELC",2021,0
"Region1","RES_EE_ELC",2022,0
"Region1","RES_EE_ELC",2023,0
"Region1","RES_EE_ELC",2024,0
"Region1","RES_EE_ELC",2025,0
"Region1","RES_EE_ELC",2026,0
"Region1","RES_EE_ELC",2027,0
"Region1","RES_EE_ELC",2028,0
"Region1","RES_EE_ELC",2029,0
"Region1","RES_EE_ELC",2030,0
"Region1","RES_EE_ELC",2031,0
"Region1","RES_EE_ELC",2032,0
"Region1","RES_EE_ELC",2033,0
"Region1","RES_EE_ELC",2034,0
"Region1","RES_EE_ELC",2035,0
"Region1","RES_EE_ELC",2036,0
"Region1","RES_EE_ELC",2037,0
"Region1","RES_EE_ELC",2038,0
"Region1","RES_EE_ELC",2039,0
"Region1","RES_EE_ELC",2040,0
"Region1","RES_EE_ELC",2041,0
"Region1","RES_EE_ELC",2042,0
"Region1","RES_EE_ELC",2043,0
"Region1","RES_EE_ELC",2044,0
"Region1","RES_EE_ELC",2045,0
"Region1","RES_EE_ELC",2046,0
"Region1","RES_EE_ELC",2047,0
"Region1","RES_EE_ELC",2048,0
"Region1","RES_EE_ELC",2049,0
"Region1","RES_EE_ELC",2050,0
"Region1","RES_EL_APP_001",2018,302.030456852792
"Region1","RES_EL_APP_001",2019,321.247280638144
"Region1","RES_EL_APP_001",2020,341.73313995649
"Region1","RES_EL_APP_001",2021,363.488034807832
"Region1","RES_EL_APP_001",2022,386.511965192168
"Region1","RES_EL_APP_001",2023,411.167512690355
"Region1","RES_EL_APP_001",2024,437.273386511965
"Region1","RES_EL_APP_001",2025,465.010877447426
"Region1","RES_EL_APP_001",2026,494.561276287165
"Region1","RES_EL_APP_001",2027,526.10587382161
"Region1","RES_EL_APP_001",2028,559.463379260334
"Region1","RES_EL_APP_001",2029,594.996374184191
"Region1","RES_EL_APP_001",2030,632.886149383611
"Region1","RES_EL_APP_001",2031,673.132704858593
"Region1","RES_EL_APP_001",2032,715.917331399565
"Region1","RES_EL_APP_001",2033,761.421319796954
"Region1","RES_EL_APP_001",2034,809.825960841189
"Region1","RES_EL_APP_001",2035,861.312545322698
"Region1","RES_EL_APP_001",2036,916.062364031907
"Region1","RES_EL_APP_001",2037,974.256707759246
"Region1","RES_EL_APP_001",2038,1036.07686729514
"Region1","RES_EL_APP_001",2039,1101.88542422045
"Region1","RES_EL_APP_001",2040,1172.04496011603
"Region1","RES_EL_APP_001",2041,1246.55547498187
"Region1","RES_EL_APP_001",2042,1325.77955039884
"Region1","RES_EL_APP_001",2043,1410.07976794779
"Region1","RES_EL_APP_001",2044,1499.63741841914
"Region1","RES_EL_APP_001",2045,1594.99637418419
"Region1","RES_EL_APP_001",2046,1696.33792603336
"Region1","RES_EL_APP_001",2047,1804.0246555475
"Region1","RES_EL_APP_001",2048,1918.78172588833
"Region1","RES_EL_APP_001",2049,2040.79042784627
"Region1","RES_EL_APP_001",2050,2170.41334300218
"Region1","RES_EL_APP_002",2018,0
"Region1","RES_EL_APP_002",2019,0
"Region1","RES_EL_APP_002",2020,0
"Region1","RES_EL_APP_002",2021,0
"Region1","RES_EL_APP_002",2022,0
"Region1","RES_EL_APP_002",2023,0
"Region1","RES_EL_APP_002",2024,0
"Region1","RES_EL_APP_002",2025,0
"Region1","RES_EL_APP_002",2026,0
"Region1","RES_EL_APP_002",2027,0
"Region1","RES_EL_APP_002",2028,0
"Region1","RES_EL_APP_002",2029,0
"Region1","RES_EL_APP_002",2030,0
"Region1","RES_EL_APP_002",2031,0
"Region1","RES_EL_APP_002",2032,0
"Region1","RES_EL_APP_002",2033,0
"Region1","RES_EL_APP_002",2034,0
"Region1","RES_EL_APP_002",2035,0
"Region1","RES_EL_APP_002",2036,0
"Region1","RES_EL_APP_002",2037,0
"Region1","RES_EL_APP_002",2038,0
"Region1","RES_EL_APP_002",2039,0
"Region1","RES_EL_APP_002",2040,0
"Region1","RES_EL_APP_002",2041,0
"Region1","RES_EL_APP_002",2042,0
"Region1","RES_EL_APP_002",2043,0
"Region1","RES_EL_APP_002",2044,0
"Region1","RES_EL_APP_002",2045,0
"Region1","RES_EL_APP_002",2046,0
"Region1","RES_EL_APP_002",2047,0
"Region1","RES_EL_APP_002",2048,0
"Region1","RES_EL_APP_002",2049,0
"Region1","RES_EL_APP_002",2050,0
"Region1","TRA_AN_BIO_001",2018,383.03620436711
"Region1","TRA_AN_BIO_001",2019,389.769820197885
"Region1","TRA_AN_BIO_001",2020,232.52295749575
"Region1","TRA_AN_BIO_001",2021,274.462821925754
"Region1","TRA_AN_BIO_001",2022,410.689273285568
"Region1","TRA_AN_BIO_001",2023,417.909018423746
"Region1","TRA_AN_BIO_001",2024,425.255683896281
"Region1","TRA_AN_BIO_001",2025,315.31038607831
"Region1","TRA_AN_BIO_001",2026,356.479172351885
"Region1","TRA_AN_BIO_001",2027,362.74592680569
"Region1","TRA_AN_BIO_001",2028,400.962877737774
"Region1","TRA_AN_BIO_001",2029,577.208313455009
"Region1","TRA_AN_BIO_001",2030,321.069444895592
"Region1","TRA_AN_BIO_001",2031,281.655384538454
"Region1","TRA_AN_BIO_001",2032,488.874287615148
"Region1","TRA_AN_BIO_001",2033,338.301659396752
"Region1","TRA_AN_BIO_001",2034,344.248860788863
"Region1","TRA_AN_BIO_001",2035,515.112806380075
"Region1","TRA_AN_BIO_001",2036,356.458749303944
"Region1","TRA_AN_BIO_001",2037,469.050517251725
"Region1","TRA_AN_BIO_001",2038,369.101700696056
"Region1","TRA_AN_BIO_001",2039,393.038597458605
"Region1","TRA_AN_BIO_001",2040,540.880693646364
"Region1","TRA_AN_BIO_001",2041,502.913337833783
"Region1","TRA_AN_BIO_001",2042,471.116483082447
"Region1","TRA_AN_BIO_001",2043,431.488456805469
"Region1","TRA_AN_BIO_001",2044,602.584283009212
"Region1","TRA_AN_BIO_001",2045,359.480576357636
"Region1","TRA_AN_BIO_001",2046,387.113983442294
"Region1","TRA_AN_BIO_001",2047,372.230706470647
"Region1","TRA_AN_BIO_001",2048,646.087493688161
"Region1","TRA_AN_BIO_001",2049,421.788840137281
"Region1","TRA_AN_BIO_001",2050,454.9531225058
"Region1","TRA_AN_OILPRD_001",2018,0
"Region1","TRA_AN_OILPRD_001",2019,0
"Region1","TRA_AN_OILPRD_001",2020,0
"Region1","TRA_AN_OILPRD_001",2021,0
"Region1","TRA_AN_OILPRD_001",2022,0
"Region1","TRA_AN_OILPRD_001",2023,0
"Region1","TRA_AN_OILPRD_001",2024,0
"Region1","TRA_AN_OILPRD_001",2025,0
"Region1","TRA_AN_OILPRD_001",2026,0
"Region1","TRA_AN_OILPRD_001",2027,0
"Region1","TRA_AN_OILPRD_001",2028,0
"Region1","TRA_AN_OILPRD_001",2029,0
"Region1","TRA_AN_OILPRD_001",2030,0
"Region1","TRA_AN_OILPRD_001",2031,0
"Region1","TRA_AN_OILPRD_001",2032,0
"Region1","TRA_AN_OILPRD_001",2033,0
"Region1","TRA_AN_OILPRD_001",2034,0
"Region1","TRA_AN_OILPRD_001",2035,0
"Region1","TRA_AN_OILPRD_001",2036,0
"Region1","TRA_AN_OILPRD_001",2037,0
"Region1","TRA_AN_OILPRD_001",2038,0
"Region1","TRA_AN_OILPRD_001",2039,0
"Region1","TRA_AN_OILPRD_001",2040,0
"Region1","TRA_AN_OILPRD_001",2041,0
"Region1","TRA_AN_OILPRD_001",2042,0
"Region1","TRA_AN_OILPRD_001",2043,0
"Region1","TRA_AN_OILPRD_001",2044,0
"Region1","TRA_AN_OILPRD_001",2045,0
"Region1","TRA_AN_OILPRD_001",2046,0
"Region1","TRA_AN_OILPRD_001",2047,0
"Region1","TRA_AN_OILPRD_001",2048,0
"Region1","TRA_AN_OILPRD_001",2049,0
"Region1","TRA_AN_OILPRD_001",2050,0
"Region1","TRA_BUS_DSL_001",2018,215076.505787027
"Region1","TRA_BUS_DSL_001",2019,244851.095054365
"Region1","TRA_BUS_DSL_001",2020,286196.811345621
"Region1","TRA_BUS_DSL_001",2021,319626.779843405
"Region1","TRA_BUS_DSL_001",2022,332629.294677131
"Region1","TRA_BUS_DSL_001",2023,348202.632483809
"Region1","TRA_BUS_DSL_001",2024,339404.402101892
"Region1","TRA_BUS_DSL_001",2025,376365.375658127
"Region1","TRA_BUS_DSL_001",2026,391263.565577119
"Region1","TRA_BUS_DSL_001",2027,406734.290549616
"Region1","TRA_BUS_DSL_001",2028,422799.552875848
"Region1","TRA_BUS_DSL_001",2029,439482.200840645
"Region1","TRA_BUS_DSL_001",2030,456805.960216582
"Region1","TRA_BUS_DSL_001",2031,474795.468867448
"Region1","TRA_BUS_DSL_001",2032,493476.311451706
"Region1","TRA_BUS_DSL_001",2033,512875.055826143
"Region1","TRA_BUS_DSL_001",2034,533019.290949656
"Region1","TRA_BUS_DSL_001",2035,553937.66568713
"Region1","TRA_BUS_DSL_001",2036,575659.930213582
"Region1","TRA_BUS_DSL_001",2037,598216.978018363
"Region1","TRA_BUS_DSL_001",2038,550961.482038187
"Region1","TRA_BUS_DSL_001",2039,586592.635933016
"Region1","TRA_BUS_DSL_001",2040,600544.430132997
"Region1","TRA_BUS_DSL_001",2041,544352.33768583
"Region1","TRA_BUS_DSL_001",2042,401377.468782953
"Region1","TRA_BUS_DSL_001",2043,429661.754511526
"Region1","TRA_BUS_DSL_001",2044,459033.000736149
"Region1","TRA_BUS_DSL_001",2045,489532.979233998
"Region1","TRA_BUS_DSL_001",2046,521205.067042779
"Region1","TRA_BUS_DSL_001",2047,554094.308066881
"Region1","TRA_BUS_DSL_001",2048,588247.477483823
"Region1","TRA_BUS_DSL_001",2049,947026.620682629
"Region1","TRA_BUS_DSL_001",2050,995162.296229623
"Region1","TRA_BUS_ELC_001",2018,0
"Region1","TRA_BUS_ELC_001",2019,0
"Region1","TRA_BUS_ELC_001",2020,0
"Region1","TRA_BUS_ELC_001",2021,0
"Region1","TRA_BUS_ELC_001",2022,0
"Region1","TRA_BUS_ELC_001",2023,0
"Region1","TRA_BUS_ELC_001",2024,0
"Region1","TRA_BUS_ELC_001",2025,0
"Region1","TRA_BUS_ELC_001",2026,0
"Region1","TRA_BUS_ELC_001",2027,0
"Region1","TRA_BUS_ELC_001",2028,0
"Region1","TRA_BUS_ELC_001",2029,0
"Region1","TRA_BUS_ELC_001",2030,0
"Region1","TRA_BUS_ELC_001",2031,0
"Region1","TRA_BUS_ELC_001",2032,0
"Region1","TRA_BUS_ELC_001",2033,0
"Region1","TRA_BUS_ELC_001",2034,0
"Region1","TRA_BUS_ELC_001",2035,0
"Region1","TRA_BUS_ELC_001",2036,0
"Region1","TRA_BUS_ELC_001",2037,0
"Region1","TRA_BUS_ELC_001",2038,0
"Region1","TRA_BUS_ELC_001",2039,0
"Region1","TRA_BUS_ELC_001",2040,0
"Region1","TRA_BUS_ELC_001",2041,0
"Region1","TRA_BUS_ELC_001",2042,0
"Region1","TRA_BUS_ELC_001",2043,0
"Region1","TRA_BUS_ELC_001",2044,0
"Region1","TRA_BUS_ELC_001",2045,0
"Region1","TRA_BUS_ELC_001",2046,0
"Region1","TRA_BUS_ELC_001",2047,0
"Region1","TRA_BUS_ELC_001",2048,0
"Region1","TRA_BUS_ELC_001",2049,0
"Region1","TRA_BUS_ELC_001",2050,0
"Region1","TRA_CAR_DSL_001",2018,0
"Region1","TRA_CAR_DSL_001",2019,0
"Region1","TRA_CAR_DSL_001",2020,0
"Region1","TRA_CAR_DSL_001",2021,0
"Region1","TRA_CAR_DSL_001",2022,0
"Region1","TRA_CAR_DSL_001",2023,0
"Region1","TRA_CAR_DSL_001",2024,0
"Region1","TRA_CAR_DSL_001",2025,0
"Region1","TRA_CAR_DSL_001",2026,0
"Region1","TRA_CAR_DSL_001",2027,0
"Region1","TRA_CAR_DSL_001",2028,0
"Region1","TRA_CAR_DSL_001",2029,0
"Region1","TRA_CAR_DSL_001",2030,0
"Region1","TRA_CAR_DSL_001",2031,0
"Region1","TRA_CAR_DSL_001",2032,0
"Region1","TRA_CAR_DSL_001",2033,0
"Region1","TRA_CAR_DSL_001",2034,0
"Region1","TRA_CAR_DSL_001",2035,0
"Region1","TRA_CAR_DSL_001",2036,0
"Region1","TRA_CAR_DSL_001",2037,0
"Region1","TRA_CAR_DSL_001",2038,0
"Region1","TRA_CAR_DSL_001",2039,0
"Region1","TRA_CAR_DSL_001",2040,0
"Region1","TRA_CAR_DSL_001",2041,0
"Region1","TRA_CAR_DSL_001",2042,0
"Region1","TRA_CAR_DSL_001",2043,0
"Region1","TRA_CAR_DSL_001",2044,0
"Region1","TRA_CAR_DSL_001",2045,0
"Region1","TRA_CAR_DSL_001",2046,0
"Region1","TRA_CAR_DSL_001",2047,0
"Region1","TRA_CAR_DSL_001",2048,0
"Region1","TRA_CAR_DSL_001",2049,0
"Region1","TRA_CAR_DSL_001",2050,0
"Region1","TRA_CAR_ELC_001",2018,0
"Region1","TRA_CAR_ELC_001",2019,0
"Region1","TRA_CAR_ELC_001",2020,0
"Region1","TRA_CAR_ELC_001",2021,0
"Region1","TRA_CAR_ELC_001",2022,0
"Region1","TRA_CAR_ELC_001",2023,0
"Region1","TRA_CAR_ELC_001",2024,0
"Region1","TRA_CAR_ELC_001",2025,0
"Region1","TRA_CAR_ELC_001",2026,0
"Region1","TRA_CAR_ELC_001",2027,0
"Region1","TRA_CAR_ELC_001",2028,0
"Region1","TRA_CAR_ELC_001",2029,0
"Region1","TRA_CAR_ELC_001",2030,0
"Region1","TRA_CAR_ELC_001",2031,0
"Region1","TRA_CAR_ELC_001",2032,0
"Region1","TRA_CAR_ELC_001",2033,0
"Region1","TRA_CAR_ELC_001",2034,0
"Region1","TRA_CAR_ELC_001",2035,0
"Region1","TRA_CAR_ELC_001",2036,0
"Region1","TRA_CAR_ELC_001",2037,0
"Region1","TRA_CAR_ELC_001",2038,0
"Region1","TRA_CAR_ELC_001",2039,0
"Region1","TRA_CAR_ELC_001",2040,0
"Region1","TRA_CAR_ELC_001",2041,0
"Region1","TRA_CAR_ELC_001",2042,0
"Region1","TRA_CAR_ELC_001",2043,0
"Region1","TRA_CAR_ELC_001",2044,0
"Region1","TRA_CAR_ELC_001",2045,0
"Region1","TRA_CAR_ELC_001",2046,0
"Region1","TRA_CAR_ELC_001",2047,0
"Region1","TRA_CAR_ELC_001",2048,0
"Region1","TRA_CAR_ELC_001",2049,0
"Region1","TRA_CAR_ELC_001",2050,0
"Region1","TRA_CAR_GSL_001",2018,0
"Region1","TRA_CAR_GSL_001",2019,0
"Region1","TRA_CAR_GSL_001",2020,0
"Region1","TRA_CAR_GSL_001",2021,0
"Region1","TRA_CAR_GSL_001",2022,0
"Region1","TRA_CAR_GSL_001",2023,0
"Region1","TRA_CAR_GSL_001",2024,0
"Region1","TRA_CAR_GSL_001",2025,0
"Region1","TRA_CAR_GSL_001",2026,0
"Region1","TRA_CAR_GSL_001",2027,0
"Region1","TRA_CAR_GSL_001",2028,0
"Region1","TRA_CAR_GSL_001",2029,0
"Region1","TRA_CAR_GSL_001",2030,0
"Region1","TRA_CAR_GSL_001",2031,0
"Region1","TRA_CAR_GSL_001",2032,0
"Region1","TRA_CAR_GSL_001",2033,0
"Region1","TRA_CAR_GSL_001",2034,0
"Region1","TRA_CAR_GSL_001",2035,0
"Region1","TRA_CAR_GSL_001",2036,0
"Region1","TRA_CAR_GSL_001",2037,0
"Region1","TRA_CAR_GSL_001",2038,0
"Region1","TRA_CAR_GSL_001",2039,0
"Region1","TRA_CAR_GSL_001",2040,0
"Region1","TRA_CAR_GSL_001",2041,0
"Region1","TRA_CAR_GSL_001",2042,0
"Region1","TRA_CAR_GSL_001",2043,0
"Region1","TRA_CAR_GSL_001",2044,0
"Region1","TRA_CAR_GSL_001",2045,0
"Region1","TRA_CAR_GSL_001",2046,0
"Region1","TRA_CAR_GSL_001",2047,0
"Region1","TRA_CAR_GSL_001",2048,0
"Region1","TRA_CAR_GSL_001",2049,0
"Region1","TRA_CAR_GSL_001",2050,0
"Region1","TRA_MCY_001",2018,82655.0131648679
"Region1","TRA_MCY_001",2019,64322.1985749977
"Region1","TRA_MCY_001",2020,34857.9624317572
"Region1","TRA_MCY_001",2021,15968.3305505562
"Region1","TRA_MCY_001",2022,13575.7968320196
"Region1","TRA_MCY_001",2023,11307.0652859679
"Region1","TRA_MCY_001",2024,33921.1958579035
"Region1","TRA_MCY_001",2025,33921.1958579035
"Region1","TRA_MCY_001",2026,33921.1958579037
"Region1","TRA_MCY_001",2027,33921.1958579035
"Region1","TRA_MCY_001",2028,33921.1958579035
"Region1","TRA_MCY_001",2029,57860.4635590546
"Region1","TRA_MCY_001",2030,33921.1958579035
"Region1","TRA_MCY_001",2031,57860.4635590549
"Region1","TRA_MCY_001",2032,33921.1958579035
"Region1","TRA_MCY_001",2033,33921.1958579035
"Region1","TRA_MCY_001",2034,33921.1958579035
"Region1","TRA_MCY_001",2035,33921.1958579035
"Region1","TRA_MCY_001",2036,33921.1958579035
"Region1","TRA_MCY_001",2037,81986.472657283
"Region1","TRA_MCY_001",2038,81986.4726572825
"Region1","TRA_MCY_001",2039,81986.4726572824
"Region1","TRA_MCY_001",2040,81986.4726572825
"Region1","TRA_MCY_001",2041,164408.118559795
"Region1","TRA_MCY_001",2042,334620.538317757
"Region1","TRA_MCY_001",2043,334620.538317757
"Region1","TRA_MCY_001",2044,334620.538317757
"Region1","TRA_MCY_001",2045,334620.538317757
"Region1","TRA_MCY_001",2046,334620.538317757
"Region1","TRA_MCY_001",2047,334620.538317757
"Region1","TRA_MCY_001",2048,334620.538317757
"Region1","TRA_MCY_001",2049,81986.4726572825
"Region1","TRA_MCY_001",2050,0
"Region1","TRA_RLW_FREIGHT_DSL_001",2018,0
"Region1","TRA_RLW_FREIGHT_DSL_001",2019,0
"Region1","TRA_RLW_FREIGHT_DSL_001",2020,0
"Region1","TRA_RLW_FREIGHT_DSL_001",2021,0
"Region1","TRA_RLW_FREIGHT_DSL_001",2022,0
"Region1","TRA_RLW_FREIGHT_DSL_001",2023,0
"Region1","TRA_RLW_FREIGHT_DSL_001",2024,0
"Region1","TRA_RLW_FREIGHT_DSL_001",2025,0
"Region1","TRA_RLW_FREIGHT_DSL_001",2026,0
"Region1","TRA_RLW_FREIGHT_DSL_001",2027,0
"Region1","TRA_RLW_FREIGHT_DSL_001",2028,0
"Region1","TRA_RLW_FREIGHT_DSL_001",2029,0
"Region1","TRA_RLW_FREIGHT_DSL_001",2030,0
"Region1","TRA_RLW_FREIGHT_DSL_001",2031,0
"Region1","TRA_RLW_FREIGHT_DSL_001",2032,0
"Region1","TRA_RLW_FREIGHT_DSL_001",2033,0
"Region1","TRA_RLW_FREIGHT_DSL_001",2034,0
"Region1","TRA_RLW_FREIGHT_DSL_001",2035,0
"Region1","TRA_RLW_FREIGHT_DSL_001",2036,0
"Region1","TRA_RLW_FREIGHT_DSL_001",2037,0
"Region1","TRA_RLW_FREIGHT_DSL_001",2038,0
"Region1","TRA_RLW_FREIGHT_DSL_001",2039,0
"Region1","TRA_RLW_FREIGHT_DSL_001",2040,0
"Region1","TRA_RLW_FREIGHT_DSL_001",2041,0
"Region1","TRA_RLW_FREIGHT_DSL_001",2042,0
"Region1","TRA_RLW_FREIGHT_DSL_001",2043,0
"Region1","TRA_RLW_FREIGHT_DSL_001",2044,0
"Region1","TRA_RLW_FREIGHT_DSL_001",2045,0
"Region1","TRA_RLW_FREIGHT_DSL_001",2046,0
"Region1","TRA_RLW_FREIGHT_DSL_001",2047,0
"Region1","TRA_RLW_FREIGHT_DSL_001",2048,0
"Region1","TRA_RLW_FREIGHT_DSL_001",2049,0
"Region1","TRA_RLW_FREIGHT_DSL_001",2050,0
"Region1","TRA_RLW_FREIGHT_ELC_001",2018,22198.4383582372
"Region1","TRA_RLW_FREIGHT_ELC_001",2019,30478.3795035824
"Region1","TRA_RLW_FREIGHT_ELC_001",2020,20621.2651995906
"Region1","TRA_RLW_FREIGHT_ELC_001",2021,20928.1096212897
"Region1","TRA_RLW_FREIGHT_ELC_001",2022,17194.5954426184
"Region1","TRA_RLW_FREIGHT_ELC_001",2023,21555.5639542818
"Region1","TRA_RLW_FREIGHT_ELC_001",2024,32814.4661207779
"Region1","TRA_RLW_FREIGHT_ELC_001",2025,33302.7453684749
"Region1","TRA_RLW_FREIGHT_ELC_001",2026,33798.2902251791
"Region1","TRA_RLW_FREIGHT_ELC_001",2027,34301.208776868
"Region1","TRA_RLW_FREIGHT_ELC_001",2028,34811.6107727738
"Region1","TRA_RLW_FREIGHT_ELC_001",2029,35329.6075486182
"Region1","TRA_RLW_FREIGHT_ELC_001",2030,35855.3121033777
"Region1","TRA_RLW_FREIGHT_ELC_001",2031,36388.8391504606
"Region1","TRA_RLW_FREIGHT_ELC_001",2032,36930.3050665302
"Region1","TRA_RLW_FREIGHT_ELC_001",2033,37479.8280194473
"Region1","TRA_RLW_FREIGHT_ELC_001",2034,38037.5278403275
"Region1","TRA_RLW_FREIGHT_ELC_001",2035,38603.5262538383
"Region1","TRA_RLW_FREIGHT_ELC_001",2036,39177.9467246673
"Region1","TRA_RLW_FREIGHT_ELC_001",2037,39760.9145854657
"Region1","TRA_RLW_FREIGHT_ELC_001",2038,40352.5569856704
"Region1","TRA_RLW_FREIGHT_ELC_001",2039,40953.0030450358
"Region1","TRA_RLW_FREIGHT_ELC_001",2040,41562.3837256909
"Region1","TRA_RLW_FREIGHT_ELC_001",2041,42180.8319856704
"Region1","TRA_RLW_FREIGHT_ELC_001",2042,42808.4827789151
"Region1","TRA_RLW_FREIGHT_ELC_001",2043,43445.4730040942
"Region1","TRA_RLW_FREIGHT_ELC_001",2044,44091.9416325486
"Region1","TRA_RLW_FREIGHT_ELC_001",2045,44748.0297338792
"Region1","TRA_RLW_FREIGHT_ELC_001",2046,45413.8803991812
"Region1","TRA_RLW_FREIGHT_ELC_001",2047,92179.2778915046
"Region1","TRA_RLW_FREIGHT_ELC_001",2048,93550.9055783009
"Region1","TRA_RLW_FREIGHT_ELC_001",2049,47471.4715199591
"Region1","TRA_RLW_FREIGHT_ELC_001",2050,96355.6940122825
"Region1","TRA_RLW_PSNG_DSL_001",2018,0
"Region1","TRA_RLW_PSNG_DSL_001",2019,0
"Region1","TRA_RLW_PSNG_DSL_001",2020,0
"Region1","TRA_RLW_PSNG_DSL_001",2021,0
"Region1","TRA_RLW_PSNG_DSL_001",2022,0
"Region1","TRA_RLW_PSNG_DSL_001",2023,0
"Region1","TRA_RLW_PSNG_DSL_001",2024,0
"Region1","TRA_RLW_PSNG_DSL_001",2025,0
"Region1","TRA_RLW_PSNG_DSL_001",2026,0
"Region1","TRA_RLW_PSNG_DSL_001",2027,0
"Region1","TRA_RLW_PSNG_DSL_001",2028,0
"Region1","TRA_RLW_PSNG_DSL_001",2029,0
"Region1","TRA_RLW_PSNG_DSL_001",2030,0
"Region1","TRA_RLW_PSNG_DSL_001",2031,0
"Region1","TRA_RLW_PSNG_DSL_001",2032,0
"Region1","TRA_RLW_PSNG_DSL_001",2033,0
"Region1","TRA_RLW_PSNG_DSL_001",2034,0
"Region1","TRA_RLW_PSNG_DSL_001",2035,0
"Region1","TRA_RLW_PSNG_DSL_001",2036,0
"Region1","TRA_RLW_PSNG_DSL_001",2037,0
"Region1","TRA_RLW_PSNG_DSL_001",2038,0
"Region1","TRA_RLW_PSNG_DSL_001",2039,0
"Region1","TRA_RLW_PSNG_DSL_001",2040,0
"Region1","TRA_RLW_PSNG_DSL_001",2041,0
"Region1","TRA_RLW_PSNG_DSL_001",2042,0
"Region1","TRA_RLW_PSNG_DSL_001",2043,0
"Region1","TRA_RLW_PSNG_DSL_001",2044,0
"Region1","TRA_RLW_PSNG_DSL_001",2045,0
"Region1","TRA_RLW_PSNG_DSL_001",2046,0
"Region1","TRA_RLW_PSNG_DSL_001",2047,0
"Region1","TRA_RLW_PSNG_DSL_001",2048,0
"Region1","TRA_RLW_PSNG_DSL_001",2049,0
"Region1","TRA_RLW_PSNG_DSL_001",2050,0
"Region1","TRA_RLW_PSNG_ELC_001",2018,41822.9001023542
"Region1","TRA_RLW_PSNG_ELC_001",2019,43430.1474582054
"Region1","TRA_RLW_PSNG_ELC_001",2020,45099.1610713067
"Region1","TRA_RLW_PSNG_ELC_001",2021,46832.3146195838
"Region1","TRA_RLW_PSNG_ELC_001",2022,48632.0729785056
"Region1","TRA_RLW_PSNG_ELC_001",2023,50500.995752303
"Region1","TRA_RLW_PSNG_ELC_001",2024,78662.6114124872
"Region1","TRA_RLW_PSNG_ELC_001",2025,81685.6029938588
"Region1","TRA_RLW_PSNG_ELC_001",2026,84824.7676305015
"Region1","TRA_RLW_PSNG_ELC_001",2027,88084.5698822928
"Region1","TRA_RLW_PSNG_ELC_001",2028,91469.6458290686
"Region1","TRA_RLW_PSNG_ELC_001",2029,94984.8096724667
"Region1","TRA_RLW_PSNG_ELC_001",2030,98635.0607215967
"Region1","TRA_RLW_PSNG_ELC_001",2031,102425.590301945
"Region1","TRA_RLW_PSNG_ELC_001",2032,106361.789355169
"Region1","TRA_RLW_PSNG_ELC_001",2033,110449.255910952
"Region1","TRA_RLW_PSNG_ELC_001",2034,114693.80314739
"Region1","TRA_RLW_PSNG_ELC_001",2035,119101.46765609
"Region1","TRA_RLW_PSNG_ELC_001",2036,123678.517988741
"Region1","TRA_RLW_PSNG_ELC_001",2037,128431.46363869
"Region1","TRA_RLW_PSNG_ELC_001",2038,133367.064252815
"Region1","TRA_RLW_PSNG_ELC_001",2039,138492.339176049
"Region1","TRA_RLW_PSNG_ELC_001",2040,143814.577610031
"Region1","TRA_RLW_PSNG_ELC_001",2041,149341.348822927
"Region1","TRA_RLW_PSNG_ELC_001",2042,155080.512973388
"Region1","TRA_RLW_PSNG_ELC_001",2043,161040.232267144
"Region1","TRA_RLW_PSNG_ELC_001",2044,167228.982625384
"Region1","TRA_RLW_PSNG_ELC_001",2045,173655.565685773
"Region1","TRA_RLW_PSNG_ELC_001",2046,180329.121289662
"Region1","TRA_RLW_PSNG_ELC_001",2047,187259.14055783
"Region1","TRA_RLW_PSNG_ELC_001",2048,194455.47937564
"Region1","TRA_RLW_PSNG_ELC_001",2049,201928.372338792
"Region1","TRA_RLW_PSNG_ELC_001",2050,209688.447364381
"Region1","TRA_TRUCK_001",2018,1760623.21532153
"Region1","TRA_TRUCK_001",2019,1786821.28912891
"Region1","TRA_TRUCK_001",2020,3093189.77993859
"Region1","TRA_TRUCK_001",2021,3139216.44319345
"Region1","TRA_TRUCK_001",2022,3139216.44319345
"Region1","TRA_TRUCK_001",2023,3139216.44319345
"Region1","TRA_TRUCK_001",2024,3139216.44319345
"Region1","TRA_TRUCK_001",2025,3139216.44319345
"Region1","TRA_TRUCK_001",2026,3139216.44319345
"Region1","TRA_TRUCK_001",2027,3139216.44319345
"Region1","TRA_TRUCK_001",2028,3139216.44319345
"Region1","TRA_TRUCK_001",2029,3139216.44319345
"Region1","TRA_TRUCK_001",2030,3139216.44319345
"Region1","TRA_TRUCK_001",2031,3139216.44319345
"Region1","TRA_TRUCK_001",2032,3139216.44319345
"Region1","TRA_TRUCK_001",2033,3139216.44319345
"Region1","TRA_TRUCK_001",2034,3139216.44319345
"Region1","TRA_TRUCK_001",2035,3139216.44319345
"Region1","TRA_TRUCK_001",2036,3139216.44319345
"Region1","TRA_TRUCK_001",2037,3139216.44319345
"Region1","TRA_TRUCK_001",2038,3139216.44319345
"Region1","TRA_TRUCK_001",2039,3139216.44319345
"Region1","TRA_TRUCK_001",2040,3139216.44319345
"Region1","TRA_TRUCK_001",2041,3139216.44319345
"Region1","TRA_TRUCK_001",2042,3139216.44319345
"Region1","TRA_TRUCK_001",2043,3139216.44319345
"Region1","TRA_TRUCK_001",2044,3139216.44319345
"Region1","TRA_TRUCK_001",2045,3139216.44319345
"Region1","TRA_TRUCK_001",2046,3139216.44319345
"Region1","TRA_TRUCK_001",2047,3139216.44319345
"Region1","TRA_TRUCK_001",2048,2742251.26712671
"Region1","TRA_TRUCK_001",2049,2783055.96559656
"Region1","TRA_TRUCK_001",2050,2824467.83878388
